imei,total_km,total_duration_min,n_points,n_trips,meaningful_trip_cnt,meaningful_trip_ratio,harsh_brake_cnt,harsh_accel_cnt,severe_brake_cnt,speeding_cnt,harsh_brake_per_km,harsh_accel_per_km,speeding_per_km,km_per_hour,harsh_brake_per_hour,harsh_accel_per_hour,speeding_per_hour,night_ratio,avg_speed,avg_speed_moving,speed_p95_kmh,accel_p95,brake_p95,decel_kmhps_p95,mean_trip_dist_km,mean_trip_duration_min,mean_moving_share
0138c5f52809eafe6862d5ea5ae83fb87cc3d19a4d2070dceb3a8ef737975f8a,82.09916666666666,246.61666666666667,2528,19,17,0.8947368421052632,1,1,0,0,0.012180391599589927,0.012180391599589927,0.0,19.974116374940863,0.2432925593025613,0.2432925593025613,0.0,0.05263157894736842,16.138876106660554,21.392117377266345,41.118421052631575,0.4895224171539958,0.5657163742690056,2.03657894736842,4.321008771929824,12.97982456140351,0.6059366791935165
01c5e356e8e2cbe38dc8cb0ea49f2a186940d2de6af7876b1c1bf4d4c3d08492,0.0,2.283333333333333,6,5,0,0.0,0,0,0,0,,,,0.0,0.0,0.0,0.0,0.0,0.0,0.0,0.0,0.0,0.0,0.0,0.0,0.45666666666666667,0.0
0296ba754de6340615244e6c72742e39b5b16d2a205b290e63dec1b1a56382f0,0.0,0.0,9,9,0,0.0,0,0,0,0,,,,,,,,0.4444444444444444,0.6666666666666666,0.6666666666666666,0.6666666666666666,0.0,0.0,0.0,0.0,0.0,0.4444444444444444
02efb606ed9bdf6e90adf2e69389f692c36d42ec28334aaff51f63a263d00265,9.320555555555556,51.0,520,5,3,0.6,0,0,0,0,0.0,0.0,0.0,10.965359477124183,0.0,0.0,0.0,0.0,6.967790994052676,11.449410774410776,20.259999999999998,0.42833333333333323,0.4773611111111108,1.7184999999999988,1.8641111111111113,10.2,0.3637917222963952
04e5c38694b57f8422e91b7752e297927fb7d1f1abc4f941fb23a3a105508c21,1.8936111111111111,5.050000000000001,60,12,3,0.25,0,0,0,0,0.0,0.0,0.0,22.498349834983493,0.0,0.0,0.0,0.3333333333333333,6.274891774891775,6.935119047619048,10.383333333333333,0.1983024691358024,0.18078703703703694,0.650833333333333,0.15780092592592593,0.4208333333333334,0.38257575757575757
0503a2eaa4c7ae9e7e23fac31a4f98a7e4278d707662c7de63e4d63a1a90503d,9.962222222222222,60.58333333333333,592,13,8,0.6153846153846154,0,0,0,0,0.0,0.0,0.0,9.866299862448418,0.0,0.0,0.0,0.0,6.5369273921102815,10.161654613401806,20.084615384615383,0.3418803418803416,0.32318376068376037,1.1634615384615374,0.7663247863247863,4.66025641025641,0.4744709866017838
054a315f54df7fb6865fb7cd144fd59c1982d77c416521ee452b1798fc055b5a,27.103611111111107,98.13333333333333,980,14,8,0.5714285714285714,1,0,0,0,0.036895452635462685,0.0,0.0,16.571501358695652,0.6114130434782609,0.0,0.0,0.21428571428571427,10.842817001865281,14.29160551982302,25.657142857142862,0.36801532755140987,0.37781084656084646,1.3601190476190472,1.935972222222222,7.009523809523809,0.43613484441369205
05789add75c68c56702a0111c05ab5af53addaf25a955eb74fc8dd6a1908b225,52.540972222222216,92.88333333333334,978,10,8,0.8,0,0,0,0,0.0,0.0,0.0,33.93997846761169,0.0,0.0,0.0,0.0,22.41623949089428,25.62675098050098,42.379999999999995,0.5452777777777776,0.5258796296296295,1.8931666666666664,5.254097222222222,9.288333333333334,0.6924263608825675
05a1006531ed70f250fd33bc8110ea4d51a5603d9966969c57099e5d5a1f538a,38.49388888888889,91.96666666666667,944,4,4,1.0,0,0,0,0,0.0,0.0,0.0,25.113809351214208,0.0,0.0,0.0,0.0,24.313098133594718,28.670714344271897,60.074999999999996,0.8202546296296293,0.6921296296296291,2.4916666666666654,9.623472222222222,22.991666666666667,0.8020681702725052
069988de85edac7fef91121ec8478bb1b2bba1bbcd41bc5ebdd48a336530aab6,5.530555555555555,18.183333333333334,208,10,2,0.2,0,0,0,0,0.0,0.0,0.0,18.24931255728689,0.0,0.0,0.0,0.2,4.053758937691522,6.088157894736843,10.719999999999999,0.20555555555555555,0.19884259259259243,0.7158333333333327,0.5530555555555555,1.8183333333333334,0.2331358529111338
06d7b5f3e85c8c2770286b9338652da5fa5d0876af5071c7cc4e3b0f6ba3bcd3,27.19055555555556,100.03333333333333,968,17,6,0.35294117647058826,1,3,0,0,0.03677747583924156,0.1103324275177247,0.0,16.308897034321895,0.5998000666444518,1.7994001999333555,0.0,0.058823529411764705,7.475543675963972,9.525394750146049,18.026470588235295,0.24771241830065344,0.24934640522875812,0.8976470588235292,1.5994444444444447,5.884313725490196,0.3262352172763614
076eb04931fa706d096ec3f9f270311aeaec1506260de4ffa4e31520d6efcb3d,2.718333333333333,7.216666666666667,94,10,1,0.1,0,0,0,0,0.0,0.0,0.0,22.60046189376443,0.0,0.0,0.0,0.5,3.5294117647058827,3.9319444444444445,5.3,0.06092592592592592,0.07518518518518512,0.2706666666666665,0.27183333333333326,0.7216666666666667,0.3847058823529412
078fceccb096791ccc0372ca8d782951064529bfbb6fb3fb001b61c9ba509f22,5.591388888888889,15.533333333333333,150,11,4,0.36363636363636365,0,0,0,0,0.0,0.0,0.0,21.59763948497854,0.0,0.0,0.0,0.09090909090909091,7.536494818313002,8.771375358920999,13.58181818181818,0.250631313131313,0.26005892255892243,0.9362121212121209,0.5083080808080808,1.412121212121212,0.3023875114784206
08835e6d06dedfc905190ebedea59148a17f12d7970063a94cbb054dc12aa916,53.365,92.31666666666666,986,2,1,0.5,0,0,0,0,0.0,0.0,0.0,34.6838779563098,0.0,0.0,0.0,0.5,17.54467005076142,20.379127358490567,45.0,0.331481481481481,0.3203703703703696,1.1533333333333304,26.6825,46.15833333333333,0.4304568527918782
0979eab335d27daae6182fcaa2f6a916d20e4962f9083c55931356b58efbe124,20.24111111111111,64.76666666666667,647,5,2,0.4,0,0,0,0,0.0,0.0,0.0,18.751415337107563,0.0,0.0,0.0,0.0,8.313699633699633,9.938620164483703,23.379999999999995,0.243611111111111,0.25,0.9,4.048222222222222,12.953333333333333,0.3318803418803419
099235b91b22bf1e91be462582ca657b59076334b7f1993b348f618a60aa0b71,0.0,0.0,2,2,0,0.0,0,0,0,0,,,,,,,,0.0,1.0,1.0,1.0,0.0,0.0,0.0,0.0,0.0,1.0
0abe94bf197faeddd30395215a83d02054227bd05cea0ebde0d44dbfe78669b0,51.46319444444444,97.96666666666667,1093,7,3,0.42857142857142855,1,1,0,0,0.019431362759253515,0.019431362759253515,0.0,31.518798911194278,0.6124532153793807,0.6124532153793807,0.0,0.0,12.537457379786957,14.831140503791511,32.685714285714276,0.3539682539682539,0.3988095238095236,1.435714285714285,7.35188492063492,13.995238095238095,0.5035649379018201
0adf5631894ed71c5c6525bb48de38298f8779cb4df5afd682a2971a6c086336,47.47361111111111,93.16666666666666,851,4,4,1.0,1,0,0,0,0.021064333986717768,0.0,0.0,30.573345259391775,0.6440071556350627,0.0,0.0,0.0,23.707112429333545,28.45740740740741,54.375,0.7535879629629624,0.672453703703703,2.4208333333333316,11.868402777777778,23.291666666666664,0.8131320168803249
0b0080edcb8f8d90d0fbcbf0e2d18fdfbb3ffd5f471d30a63e0a1af0c0efa597,19.1075,38.13333333333333,396,9,2,0.2222222222222222,0,0,0,0,0.0,0.0,0.0,30.064248251748253,0.0,0.0,0.0,0.2222222222222222,3.776791412822744,4.495257452574526,7.199999999999999,0.09259259259259259,0.10793455697585484,0.3885644051130774,2.1230555555555557,4.237037037037037,0.11737742964897012
0ba00a4cb71e0cfdef09606e92dce59d9350b64de0ba6d63fd3ce1fd10c3c371,26.65736111111111,57.45,605,11,5,0.45454545454545453,1,0,0,0,0.037513090505541,0.0,0.0,27.840586016826226,1.0443864229765012,0.0,0.0,0.09090909090909091,13.225756482045051,15.809178471167776,24.25909090909091,0.3653198653198652,0.41513687600644117,1.4944927536231887,2.4233964646464647,5.222727272727273,0.5049914398944666
0bdc0427aa1c247f754e23e79eddc87ae3602bf72d4c9dcaca064f378444d711,5.651388888888889,37.25,339,3,3,1.0,0,1,0,0,0.0,0.17694765298599166,0.0,9.102908277404921,0.0,1.610738255033557,0.0,0.0,12.0487900623922,13.406549077964518,29.23333333333333,0.5873456790123456,0.6398148148148147,2.303333333333333,1.8837962962962962,12.416666666666666,0.8806194075807872
0e5cb84f2b9244314a1699ad0fcab5355405dffc5004def5ffeed2fba9ff9816,28.27875,50.78333333333333,470,11,2,0.18181818181818182,0,0,0,0,0.0,0.0,0.0,33.4110600590745,0.0,0.0,0.0,0.18181818181818182,7.6403294194390075,8.431055529403078,15.727272727272727,0.13552188552188557,0.12032828282828287,0.4331818181818182,2.5707954545454546,4.616666666666666,0.43570983810709846
0eda25e486354290f237e4c03bb6a8d245920490d44cb0d119ae35b387904a17,23.90222222222222,64.2,711,4,3,0.75,0,1,0,0,0.0,0.041837114168836,0.0,22.33852544132918,0.0,0.9345794392523364,0.0,0.25,20.48473576155028,22.31844353768761,43.750000000000014,0.4222222222222219,0.42743055555555565,1.5387500000000005,5.975555555555555,16.05,0.8996908602150537
0f5dfd16730259d2dcf67ac42e3647f510f967b57a08dd2d00ab108e732ab09b,43.23805555555556,103.6,1169,9,8,0.8888888888888888,0,0,0,0,0.0,0.0,0.0,25.041344916344922,0.0,0.0,0.0,0.0,16.258185170712252,20.748549421844206,45.02222222222221,0.6961419753086416,0.791666666666666,2.849999999999998,4.804228395061729,11.511111111111111,0.6558838932919049
10456b4f09b29c66ce042959890ebfe0caf4f8bcf8ba06bcd5034fcaf2b310fe,0.0,0.0,1,1,0,0.0,0,0,0,0,,,,,,,,0.0,0.0,0.0,0.0,0.0,0.0,0.0,0.0,0.0,0.0
10a9423df927e2c888d114853f68d316b1970bfce4f26f281c39385951fd564b,0.0,0.0,8,8,0,0.0,0,0,0,0,,,,,,,,0.25,0.375,0.375,0.375,0.0,0.0,0.0,0.0,0.0,0.125
1151325c4a69cefe7e667ebee7d84e389f6370394e406360d44df79d55f3ac06,20.366666666666664,28.133333333333333,300,8,1,0.125,0,0,0,0,0.0,0.0,0.0,43.436018957345965,0.0,0.0,0.0,0.125,6.050341296928328,7.706331877729258,13.25,0.07569444444444443,0.07916666666666651,0.2849999999999994,2.545833333333333,3.5166666666666666,0.22269624573378838
11a5c96073a46911a6de85e4052f43f6e202e620ab31d96db41f1fa5ecd4db5f,51.694722222222225,115.86666666666667,1371,9,4,0.4444444444444444,0,3,0,0,0.0,0.05803300358407531,0.0,26.769418872266975,0.0,1.5535097813578824,0.0,0.1111111111111111,10.583706155814175,11.558463747705646,24.577777777777776,0.32798353909465017,0.3395061728395062,1.2222222222222223,5.743858024691359,12.874074074074075,0.5193031641448118
11cbfb6639ee053d18a0961428cadb2f4546a7ef9cbd439bfa0a3433d5c55736,28.892500000000002,79.51666666666667,883,17,7,0.4117647058823529,0,0,0,0,0.0,0.0,0.0,21.80108991825613,0.0,0.0,0.0,0.058823529411764705,9.160547753650478,12.211540610550276,22.46470588235294,0.39760348583877986,0.45147058823529396,1.6252941176470581,1.699558823529412,4.677450980392157,0.3654842604290196
123f5e6635a72bbf9b72c282173dd81e1bb0a8b0afe3c7ad8832ccb11f6260f7,10.163055555555554,1066.0666666666666,11700,5,0,0.0,0,0,0,0,0.0,0.0,0.0,0.5719936214120442,0.0,0.0,0.0,0.14409365023057824,0.4699586189014259,9.307452692867539,2.8,0.0,0.0,0.0,2.0326111111111107,213.2133333333333,0.02006590084814059
136ac95d0f4b47c7adc43c72e100c0aba951ba9883a8b7f673d0364561849248,29.540277777777778,75.03333333333333,818,9,6,0.6666666666666666,1,1,0,0,0.033852085194414405,0.033852085194414405,0.0,23.621723678365175,0.7996446023989339,0.7996446023989339,0.0,0.0,12.47464864067738,15.609769324922322,27.88888888888889,0.546347736625514,0.4963991769547323,1.7870370370370365,3.282253086419753,8.337037037037037,0.5358385314772225
1397813ba1831a7e5ea4349b05e634dc0fdb7e06324fff8faaadfe4a4192eeec,56.963611111111106,78.31666666666666,867,10,5,0.5,1,2,0,0,0.017555066831164146,0.03511013366232829,0.0,43.640987444137046,0.7661204511598213,1.5322409023196426,0.0,0.2,16.509705214128253,19.55343294962613,37.339999999999996,0.4117592592592592,0.4820370370370369,1.7353333333333332,5.696361111111111,7.831666666666666,0.3604441648956616
1612c6204a3abd78dce7a7dcbcc04c097f66e1d14728948b5d3b189a84e5fa0e,6.556666666666667,17.883333333333333,194,3,2,0.6666666666666666,0,0,0,0,0.0,0.0,0.0,21.998136067101584,0.0,0.0,0.0,0.0,15.583028083028083,17.421793694520968,31.266666666666666,0.5175925925925925,0.5918209876543207,2.1305555555555546,2.1855555555555557,5.961111111111111,0.595970695970696
16963c85100e97721ae7b79f0d6dcb23b28b010a681f62d19f99181cb1b94367,11.405833333333332,37.68333333333334,415,11,4,0.36363636363636365,0,0,0,0,0.0,0.0,0.0,18.16054842989827,0.0,0.0,0.0,0.0,7.0555276227604375,9.732304970906226,18.718181818181815,0.24734848484848468,0.2791666666666666,1.005,1.0368939393939394,3.4257575757575762,0.26381181421804895
16ac833ba1835571659e5986f002bdde592631cc2c70cd51301cb8c6c41bd9a1,4.194444444444445,14.083333333333332,165,4,2,0.5,0,0,0,0,0.0,0.0,0.0,17.869822485207102,0.0,0.0,0.0,0.0,11.392299448867115,12.215132693393564,23.5,0.3224537037037037,0.4351851851851851,1.5666666666666669,1.0486111111111112,3.520833333333333,0.7021968769136558
172653c918f6f83dfa5d8f88835411376c8eaec0629a73cd6c6c4bc14d0f9e88,23.052638888888886,63.050000000000004,587,11,6,0.5454545454545454,0,0,0,0,0.0,0.0,0.0,21.937483478720587,0.0,0.0,0.0,0.09090909090909091,9.957666628301759,13.700318805629704,23.90909090909091,0.3948232323232322,0.5139099326599325,1.8500757575757574,2.0956944444444443,5.731818181818182,0.5626585175668648
17a9ad677089ad9aad0694a217f7c8a15df5690416e0e259013e229b97d26444,47.344166666666666,139.48333333333335,1414,12,7,0.5833333333333334,0,0,0,0,0.0,0.0,0.0,20.36551559326084,0.0,0.0,0.0,0.16666666666666666,10.72626553817256,13.795755257787526,26.799999999999994,0.38135471781305114,0.42445987654320944,1.528055555555554,3.9453472222222223,11.623611111111112,0.4988684860364177
17db81d82afd87657a61b520c5b0970eb298ab920a5f02de0d3bc11255292622,4.17375,29.18333333333333,253,5,4,0.8,1,0,0,0,0.2395926924228811,0.0,0.0,8.581096516276414,2.0559680182752715,0.0,0.0,0.0,12.136463102245475,16.87000835421888,32.98,0.6262962962962962,0.638333333333333,2.297999999999999,0.83475,5.836666666666666,0.5716361456289514
1864e6a32136644f9b257e26831782d69368420421ee2de2a9f19f8d93605e21,141.97125,193.9,1992,17,12,0.7058823529411765,5,3,0,0,0.035218398091162825,0.021131038854697696,0.0,43.931279009798864,1.5471892728210417,0.928313563692625,0.0,0.058823529411764705,21.38844760630075,26.149708062016764,49.858823529411765,0.5734340958605665,0.6130446623093682,2.2069607843137256,8.35125,11.405882352941177,0.6528146110257721
18d9daf2d3c0e7773ef8b0bf52d1495175238066aeff4da0de0692e2583e1932,53.95944444444444,154.0,1634,3,2,0.6666666666666666,0,0,0,0,0.0,0.0,0.0,21.02316017316017,0.0,0.0,0.0,0.0,15.183182928047472,19.306907417911386,48.166666666666664,0.36959876543209774,0.38888888888888884,1.4000000000000001,17.98648148148148,51.333333333333336,0.522389327764064
19625b61d29d780f87c445fa7ccc986b94ba17f5f2fc124ed5e606855aff7fa0,248.81388888888887,118.43333333333334,1335,12,2,0.16666666666666666,1,0,0,0,0.004019068246011634,0.0,0.0,126.05263157894736,0.5066141289051506,0.0,0.0,0.16666666666666666,17.406861401940144,17.617668460925042,23.583333333333332,0.07407407407407406,0.06944444444444442,0.25,20.73449074074074,9.869444444444445,0.4970340245930797
1a9c0b6fa4ddef44877c07c2f6af70a680cb4ae40bb57fab5dda082b3d944574,17.134444444444444,65.98333333333333,647,9,3,0.3333333333333333,0,1,0,0,0.0,0.05836197393165164,0.0,15.580702197524626,0.0,0.9093205354887598,0.0,0.2222222222222222,5.928853044375219,8.5309589336787,18.399999999999995,0.19146090534979415,0.19794238683127555,0.712592592592592,1.903827160493827,7.3314814814814815,0.3446793364532993
1b1556276b3577ccf2b1974f1254bf4ad83fe5c1970527cd90ac2f79f1c62516,12.27375,38.733333333333334,431,5,1,0.2,0,0,0,0,0.0,0.0,0.0,19.012693631669535,0.0,0.0,0.0,0.0,4.310649350649351,5.0752293577981655,10.0,0.13111111111111057,0.12185185185185177,0.4386666666666664,2.4547499999999998,7.746666666666667,0.16987012987012987
1bce7a39e10959b908ce9b260b711238bc15e92d22cd9d6d02f87d6be30ce6a9,8.523171296296296,35.983333333333334,712,5,3,0.6,2,1,0,0,0.23465444145996348,0.11732722072998174,0.0,14.211865060985021,3.33487725798981,1.667438628994905,0.0,0.0,6.3769861173309454,11.040434173669468,26.86166666666664,0.4282407407407406,0.4847222222222213,1.7449999999999968,1.7046342592592592,7.196666666666667,0.34731153903567696
1c5f920d80da0c61c53ee5fe3edee165d9ab9c8aeb6fe9b7db8c2da6ca5d7195,25.063333333333336,53.65,562,8,1,0.125,1,1,0,0,0.03989892272908631,0.03989892272908631,0.0,28.029822926374653,1.1183597390493942,1.1183597390493942,0.0,0.125,4.004287003610108,4.5727225672877845,8.61875,0.12274305555555563,0.14694216342254676,0.5289917883211684,3.132916666666667,6.70625,0.4214801444043321
1cf9940c0ca71f5a4637b4dffdfe11ca738c4cbf778ad8233ee2ebe67b34d2c9,7.435555555555555,27.76666666666667,266,8,1,0.125,0,0,0,0,0.0,0.0,0.0,16.0672268907563,0.0,0.0,0.0,0.375,3.6670719844357977,4.326829268292682,6.61875,0.07847222222222211,0.07663505389718075,0.27588619402985076,0.9294444444444444,3.4708333333333337,0.6622081712062257
1d3df2d7a2c58295becdadf252a092e0bba21cfa990c60d07454a3c0c4164202,55.72111111111111,42.1,442,2,1,0.5,0,0,0,0,0.0,0.0,0.0,79.41250989707046,0.0,0.0,0.0,1.0,40.399092970521544,40.76887871853547,50.0,0.13888888888888892,0.1666666666666668,0.6,27.860555555555553,21.05,0.4954648526077097
1d647370d3a07f7b159ec500dbbb89fb3cac7d242e20207d84b45c113bdccf8c,15.641944444444444,42.5,467,4,2,0.5,0,0,0,0,0.0,0.0,0.0,22.082745098039215,0.0,0.0,0.0,0.25,15.008787572671423,17.870387616410774,28.5,0.22916666666666669,0.25138888888888894,0.9050000000000002,3.910486111111111,10.625,0.5909938976621449
1df5fd4d6f3e4164b30ef71c2e3845ebaee196f868bcc4fcd6b507ba8da9bab2,1.6402777777777777,10.3,113,5,2,0.4,0,0,0,0,0.0,0.0,0.0,9.555016181229773,0.0,0.0,0.0,0.2,3.876322751322751,6.1690878378378375,11.139999999999997,0.174537037037037,0.19027777777777777,0.6849999999999999,0.32805555555555554,2.06,0.25066137566137564
1e4cd4c576635bd31d57e8a8922f22e1984d0f985e3e5c0262413d7b523c41d2,118.1298611111111,159.56666666666666,1688,13,4,0.3076923076923077,1,0,0,0,0.008465260100995258,0.0,0.0,44.41899937330269,0.3760183831209526,0.0,0.0,0.3076923076923077,14.646045233736366,18.478371208217165,32.98461538461539,0.22243589743589742,0.28915598290598277,1.040961538461538,9.086912393162391,12.274358974358973,0.48503418381291064
1e7e7432192ce087fa0b4b04d62a15279c3ac24eeb7b09ef18df0ff55fe036e9,29.007222222222218,37.583333333333336,431,13,1,0.07692307692307693,0,0,0,0,0.0,0.0,0.0,46.30864745011086,0.0,0.0,0.0,0.3076923076923077,3.6515513126491643,3.8734177215189876,6.6923076923076925,0.055555555555555546,0.0641025641025641,0.23076923076923078,2.231324786324786,2.8910256410256414,0.07251698182485772
20d1d73cfda9f31a9ad680403ae96e727ffca215691a8acd17a1a01ca113aa12,31.494166666666665,58.650000000000006,678,8,3,0.375,0,0,0,0,0.0,0.0,0.0,32.21909633418584,0.0,0.0,0.0,0.125,8.228100901487998,9.183204408931203,16.643749999999994,0.17204861111111097,0.1964988425925925,0.7073958333333331,3.936770833333333,7.331250000000001,0.3798366731834474
2197fd2f047e4d7f71498ce7a1ec5a716d384651f03bbe252a8d8096db258e41,0.0,0.0,3,3,0,0.0,0,0,0,0,,,,,,,,0.3333333333333333,0.0,0.0,0.0,0.0,0.0,0.0,0.0,0.0,0.0
21ec72fee126e67bf77626cfea88096434f419f941ad5676e5f240e761aad271,3.8855555555555554,23.583333333333336,245,8,3,0.375,0,0,0,0,0.0,0.0,0.0,9.885512367491165,0.0,0.0,0.0,0.0,4.827116973965491,6.537231613364397,11.174999999999997,0.22112268518518507,0.24288194444444416,0.874374999999999,0.48569444444444443,2.947916666666667,0.6437647923347076
22fb911fd76eb7111f50410acc79d43cb5e05a779f31d7905a9c940293b53705,5.506388888888888,30.200000000000003,293,13,5,0.38461538461538464,0,0,0,0,0.0,0.0,0.0,10.939845474613684,0.0,0.0,0.0,0.07692307692307693,4.829960019190789,7.7973807866341796,12.284615384615384,0.2414529914529913,0.17334147334147307,0.6240293040293032,0.423568376068376,2.3230769230769233,0.37673436750359823
244390a1e8aa42181c7d1688844df968190c4ff13ebce0988082afaf6b624548,5.672777777777777,19.433333333333334,239,13,2,0.15384615384615385,0,0,0,0,0.0,0.0,0.0,17.514579759862777,0.0,0.0,0.0,0.23076923076923078,3.005557499825016,4.008399352585399,6.8538461538461535,0.09725783475783471,0.13974358974358958,0.5030769230769224,0.4363675213675213,1.494871794871795,0.33243508084272416
2498fda3cbd4708563ee7094529d0237a706bb6841299ab1c51e8376db80d919,21.292916666666663,107.66666666666667,1196,13,4,0.3076923076923077,0,0,0,0,0.0,0.0,0.0,11.866021671826623,0.0,0.0,0.0,0.23076923076923078,3.3663588406905376,7.322363314161956,11.96923076923077,0.14052591673559414,0.15940170940170917,0.5738461538461531,1.6379166666666665,8.282051282051283,0.29360676300119837
24b224dcab103eef3a1d9d4e2de9b92d2a4144e73ec34fddc02c8e16a8a83f97,9.528611111111111,23.166666666666668,264,1,1,1.0,1,0,0,0,0.10494708917587384,0.0,0.0,24.67841726618705,2.5899280575539567,0.0,0.0,1.0,26.83712121212121,40.48571428571429,75.0,1.2458333333333331,1.3680555555555545,4.924999999999997,9.528611111111111,23.166666666666668,0.6628787878787878
24bd5089bd4204a3608dd9d6c971864d2ef76046d2e471993ca14c58d2406e4e,2.2752777777777777,21.3,157,11,3,0.2727272727272727,0,0,0,0,0.0,0.0,0.0,6.40923317683881,0.0,0.0,0.0,0.0,3.5937892752408875,6.364111498257839,9.354545454545455,0.11199494949494948,0.14803123830901604,0.5329124579124578,0.20684343434343433,1.9363636363636365,0.3659024260197281
24ef8100cb99913162fb109913aa0e6b1a60b010493a5e12e4a54e6b903bd149,2.243333333333333,9.033333333333333,72,5,2,0.4,0,0,0,0,0.0,0.0,0.0,14.900369003690036,0.0,0.0,0.0,0.0,9.192167832167831,9.754402515723271,14.0,0.1907407407407407,0.1399999999999999,0.5039999999999998,0.44866666666666666,1.8066666666666666,0.3773426573426574
250eb64df0a8df4927b310b156e3cd4c8a2fe355b4069a9fd4dde76ea7ad7868,20.253888888888888,35.7,382,13,2,0.15384615384615385,0,0,0,0,0.0,0.0,0.0,34.040149393090566,0.0,0.0,0.0,0.23076923076923078,6.001540832049307,7.339806611927399,13.076923076923077,0.1769230769230768,0.1733974358974359,0.6242307692307691,1.557991452991453,2.746153846153846,0.27997021401590305
2560442625ef65e639a0270ca80528f3c825bffb805e0e69b1226f403522e38a,0.9497222222222222,7.3,58,5,2,0.4,0,0,0,0,0.0,0.0,0.0,7.805936073059361,0.0,0.0,0.0,0.2,5.764444444444445,8.35960591133005,18.689999999999994,0.12694444444444436,0.2559259259259259,0.9213333333333333,0.18994444444444444,1.46,0.6688888888888889
25dc52592c448e8544466201b57af946c6cefafc572c1a0c81ba3262337cbf5b,6.8999999999999995,35.53333333333334,365,3,3,1.0,0,0,0,0,0.0,0.0,0.0,11.65103189493433,0.0,0.0,0.0,0.0,11.738308880651942,16.02416325496982,38.633333333333326,0.404320987654321,0.42453703703703677,1.5283333333333327,2.3,11.844444444444447,0.7279412559300603
26444bb4fd334903f82697df1f8d3702154233d7898c7171b669b2766326e035,41.09361111111111,175.13333333333333,1871,18,7,0.3888888888888889,1,0,0,0,0.024334683006955665,0.0,0.0,14.078511610201751,0.34259611724400457,0.0,0.0,0.3888888888888889,10.01986275097294,13.570500780067363,22.777777777777768,0.2841306584362139,0.3385030864197529,1.2186111111111106,2.282978395061728,9.72962962962963,0.40251925731529686
266b9ebb6a939057e35fd8b117085d72e5fdaec17136271868c0bf1ad416c9d7,0.0,0.0,9,9,0,0.0,0,0,0,0,,,,,,,,0.3333333333333333,0.1111111111111111,0.1111111111111111,0.1111111111111111,0.0,0.0,0.0,0.0,0.0,0.1111111111111111
267ade957927a0c8716521cc762ab5b4fac830311285ba703f02bf30df2ab6b8,0.4222222222222222,17.366666666666667,162,7,1,0.14285714285714285,0,0,0,0,0.0,0.0,0.0,1.4587332053742803,0.0,0.0,0.0,0.2857142857142857,0.8296703296703296,1.554006968641115,2.142857142857143,0.04166666666666668,0.04662698412698413,0.16785714285714287,0.06031746031746032,2.480952380952381,0.3232600732600733
26c26e4807530334068013b1342a78fc686e5d45ecca69e47536c7cc9cac3a04,0.0,0.0,2,2,0,0.0,0,0,0,0,,,,,,,,0.0,1.0,1.0,1.0,0.0,0.0,0.0,0.0,0.0,1.0
278a491c4b7a3484f2c9010f8a88a9ec65e53508635bcad082112467d087cac6,33.99805555555556,28.916666666666668,317,1,1,1.0,1,0,0,0,0.02941344684745042,0.0,0.0,70.5435158501441,2.07492795389049,0.0,0.0,0.0,68.82649842271293,70.83766233766234,137.0,1.1296296296296284,1.2296296296296285,4.426666666666661,33.99805555555556,28.916666666666668,0.9716088328075709
2b78ac24b7af0af6dac6e0c9d21b5434930138d5d1582402bc27475703fa45d1,0.0,0.0,2,2,0,0.0,0,0,0,0,,,,,,,,0.0,0.0,0.0,0.0,0.0,0.0,0.0,0.0,0.0,0.0
2be1145a4bf4a3d0d7cd3fa6cbbf414c8dd64a18a17c4dc95ab37b349a061583,86.89916666666666,139.71666666666667,1517,11,3,0.2727272727272727,0,1,0,0,0.0,0.011507590214712456,0.0,37.31802457354169,0.0,0.4294405344148873,0.0,0.36363636363636365,9.405945709304712,10.755543111506883,20.972727272727255,0.16700336700336693,0.17024410774410767,0.6128787878787874,7.899924242424242,12.701515151515151,0.41266921851074245
2c08c5f5d302e517964fe65a4660f15010dfb6e99c037d130ee6465e366b0be9,11.525555555555556,24.9,257,9,3,0.3333333333333333,0,0,0,0,0.0,0.0,0.0,27.772423025435074,0.0,0.0,0.0,0.0,10.317067204794228,13.744917460706935,26.322222222222216,0.24814814814814795,0.29233539094650196,1.052407407407407,1.2806172839506174,2.7666666666666666,0.25129945575735335
2c824d32c12f5fc75ddf3d42e232aac92a0b0a917253e42cdf7050d2d4b21cac,6.223333333333333,14.583333333333334,163,4,1,0.25,0,0,0,0,0.0,0.0,0.0,25.604571428571425,0.0,0.0,0.0,0.25,6.746875,6.875796178343949,13.299999999999983,0.15277777777777776,0.23611111111111108,0.85,1.5558333333333332,3.6458333333333335,0.2453125
2d04f3257b61632c5cfb9fa3a915b7744639ba47eb6c227fe674e1ddb1a0f49e,22.062777777777775,91.35,940,13,9,0.6923076923076923,0,0,0,0,0.0,0.0,0.0,14.491151249771939,0.0,0.0,0.0,0.07692307692307693,8.230835867621286,12.081391892842952,22.757692307692295,0.4207692307692304,0.44561965811965776,1.6042307692307682,1.697136752136752,7.026923076923077,0.45549235009674116
2db24fe5faf37f703ae823b5c4b6f95652132882988dd30a765afc7577830ad2,14.764444444444443,49.3,547,4,4,1.0,1,1,0,0,0.06773028296207105,0.06773028296207105,0.0,17.96889790398918,1.2170385395537526,1.2170385395537526,0.0,0.0,23.318468845672975,27.314637270446802,47.849999999999994,0.7482638888888885,0.8210648148148145,2.9558333333333326,3.691111111111111,12.325,0.8436051118924047
2ee6cd75180730d5f6281a32e1f37a449fc629b058d4c7b92ab55aebe8ceb232,4.1211111111111105,28.166666666666668,262,8,3,0.375,0,0,0,0,0.0,0.0,0.0,8.77869822485207,0.0,0.0,0.0,0.25,4.291909814323607,5.986750723439438,12.743749999999999,0.27256944444444436,0.35870949074074066,1.2913541666666664,0.5151388888888888,3.5208333333333335,0.3950928381962865
306e88ee61a9b16bf2870bfc77fc912b491e894faf0e809ca36f6e49c06c09a7,0.0,0.0,3,3,0,0.0,0,0,0,0,,,,,,,,0.3333333333333333,0.3333333333333333,0.3333333333333333,0.3333333333333333,0.0,0.0,0.0,0.0,0.0,0.3333333333333333
30a521f084c67f5da4acf52a38d89e47aac603ef244b60248192cbc3c62bef59,64.56094907407407,78.58333333333334,1278,5,5,1.0,1,1,0,0,0.015489239460415133,0.015489239460415133,0.0,49.29361965358783,0.7635206786850476,0.7635206786850476,0.0,0.0,35.72288751493981,36.25151671706914,59.55666666666666,0.6611111111111103,0.6838624338624331,2.4619047619047603,12.912189814814814,15.716666666666669,0.9558875433282935
310a35ea501352b85cd734296fd50ad55e56772a1c7253dfaba98036f3ca3b43,29.444444444444443,82.21666666666667,720,21,13,0.6190476190476191,1,0,0,0,0.033962264150943396,0.0,0.0,21.487938374214473,0.7297790391242652,0.0,0.0,0.14285714285714285,12.69274200483936,15.589500710321515,31.571428571428573,0.40164241622574937,0.5328593474426805,1.9182936507936497,1.402116402116402,3.9150793650793654,0.5471477873088858
310bb625842152a178d47fa0b649f3e0f7c27904e1569e06955145cc878dfc4f,16.320277777777775,29.483333333333334,334,8,5,0.625,0,0,0,0,0.0,0.0,0.0,33.21254946297342,0.0,0.0,0.0,0.125,17.353156962864936,18.818872228883478,33.36249999999999,0.3210069444444441,0.45706018518518465,1.6454166666666648,2.040034722222222,3.685416666666667,0.5863291240577913
315a8b3a96aca3e0f265a8ab0dc1a6b918147328cc5fcee774edd1a71380b462,3.576666666666666,16.633333333333333,196,1,1,1.0,0,1,0,0,0.0,0.2795899347623486,0.0,12.901803607214427,0.0,3.6072144288577155,0.0,0.0,12.831632653061224,16.54605263157895,35.5,0.7916666666666666,0.8333333333333333,3.0,3.576666666666666,16.633333333333333,0.7755102040816326
320a37954bc8e29acfef7dde3aa0f224e4cd91a0c087236d1196040204a744a2,0.0,0.0,9,9,0,0.0,0,0,0,0,,,,,,,,0.4444444444444444,1.0,1.0,1.0,0.0,0.0,0.0,0.0,0.0,0.3333333333333333
321991cb6f996bef2964ffa0dab0af4efd3105753ea4b2c77d5f38252c90f85d,67.12694444444443,161.86666666666667,1633,15,7,0.4666666666666667,5,1,0,0,0.07448573805021168,0.014897147610042336,0.0,24.882310543657326,1.8533772652388796,0.3706754530477759,0.0,0.26666666666666666,11.759493029103913,16.015721020522342,28.66,0.3714660493827159,0.3987654320987652,1.4355555555555548,4.475129629629629,10.791111111111112,0.40742105906201487
32cb9e70c552790169e64ebae6e5b401fc245230006c3eb2b54c35f823b88857,4.985555555555556,14.483333333333333,157,13,3,0.23076923076923078,0,0,0,0,0.0,0.0,0.0,20.653624856156505,0.0,0.0,0.0,0.23076923076923078,5.348070432644584,6.5844682639764605,11.453846153846152,0.16666666666666652,0.23570411070411057,0.848534798534798,0.3835042735042735,1.1141025641025641,0.400459675325667
3310edfac9a98cb7ce0598449d5ae50b2934e4d258258f314beb2fab16ce82c9,0.0,0.0,7,7,0,0.0,0,0,0,0,,,,,,,,0.14285714285714285,2.7142857142857144,2.7142857142857144,2.7142857142857144,0.0,0.0,0.0,0.0,0.0,0.7142857142857143
341e2e5d92be2f8b6cee335abf5992144565c4846e3b87f1603ebba2795150ef,16.80527777777778,23.416666666666668,271,3,1,0.3333333333333333,0,0,0,0,0.0,0.0,0.0,43.05978647686833,0.0,0.0,0.0,1.0,14.22552664188352,14.889753566796367,28.066666666666663,0.21481481481481468,0.20648148148148146,0.7433333333333333,5.60175925925926,7.805555555555556,0.3184634448574969
34f0e2f7d3a9bd760baadd4d3099a95cb34b1047e3df2672664c48d68ff2fef9,49.351527777777775,130.26666666666665,1371,11,8,0.7272727272727273,2,1,0,0,0.04052559444574214,0.02026279722287107,0.0,22.73100051177073,0.9211873080859776,0.4605936540429888,0.0,0.0,14.391723900811956,17.268902979874152,32.00909090909091,0.4025533108866441,0.4069627478718388,1.4650658923386195,4.486502525252525,11.842424242424242,0.5752323251022946
3506800a30ccfda67c0b4920df98f8aa1c0a123f44c35026c7663c433861d890,8.52625,14.466666666666667,129,14,1,0.07142857142857142,0,0,0,0,0.0,0.0,0.0,35.36232718894009,0.0,0.0,0.0,0.42857142857142855,2.199199507389163,2.384178905206942,5.642857142857143,0.037202380952380945,0.0496031746031746,0.17857142857142858,0.609017857142857,1.0333333333333334,0.06588669950738917
358ac7673a3c7a227f3b1f8291c9c65ebd18d38f02a0c273b912be0ffeac6210,0.0,0.0,11,11,0,0.0,0,0,0,0,,,,,,,,0.36363636363636365,1.0,1.0,1.0,0.0,0.0,0.0,0.0,0.0,0.45454545454545453
37a197a4a78796f6fd7a78dcfca95caa77b8ee3c45a17ed8a7f1a1adbc928d14,30.02361111111111,55.199999999999996,507,14,4,0.2857142857142857,0,0,0,0,0.0,0.0,0.0,32.63435990338164,0.0,0.0,0.0,0.14285714285714285,8.288850591836518,10.183556456770743,17.942857142857143,0.14206349206349203,0.16005291005291003,0.576190476190476,2.1445436507936506,3.9428571428571426,0.20959383121889705
397edfa1e0294470c07223144d5a848a0e2c65b7a15997f74385e62c131343ce,0.991111111111111,8.333333333333334,63,11,2,0.18181818181818182,0,0,0,0,0.0,0.0,0.0,7.135999999999999,0.0,0.0,0.0,0.2727272727272727,2.161483253588517,2.8363636363636364,4.868181818181818,0.08636363636363635,0.11161616161616154,0.40181818181818163,0.0901010101010101,0.7575757575757577,0.3848684210526315
3a6189f58a9447b5221f61d0e2f7b098b4ca0e1d05c2333382f00040cbd76ee2,0.0,0.0,5,5,0,0.0,0,0,0,0,,,,,,,,0.0,1.0,1.0,1.0,0.0,0.0,0.0,0.0,0.0,0.2
3a6221015855a35edcd1cb8d797cf70a1c8929c2a6dd6e17725366cdfac8e464,10.271666666666665,41.333333333333336,498,8,3,0.375,1,2,0,0,0.09735518416355672,0.19471036832711344,0.0,14.91048387096774,1.4516129032258065,2.903225806451613,0.0,0.0,5.905235444380181,9.55177481914059,19.706249999999986,0.2712384259259256,0.3800925925925922,1.3683333333333318,1.283958333333333,5.166666666666667,0.23158858685174474
3a64f855f585e9c2cd497605dd1172c761cd349b0c43a5495686929849c97933,0.0,0.0,4,4,0,0.0,0,0,0,0,,,,,,,,0.25,1.0,1.0,1.0,0.0,0.0,0.0,0.0,0.0,0.5
3aeaf6e4baf0dc3c7bd36d4fe698498bb034a099d2853dbfced5be1f7d3515f3,22.032777777777778,78.23333333333333,828,9,4,0.4444444444444444,0,1,0,0,0.0,0.04538692352303386,0.0,16.89774179804005,0.0,0.7669365146996165,0.0,0.0,7.157540452619019,9.207127681882861,17.077777777777776,0.24974279835390945,0.29233539094650185,1.0524074074074068,2.4480864197530865,8.692592592592593,0.465800355735381
3b0e9fa586008a2bc46bd5a5d4160b7e86c1017214c5b6a34b7e2b2d5d194982,0.0,0.0,1,1,0,0.0,0,0,0,0,,,,,,,,0.0,5.0,5.0,5.0,0.0,0.0,0.0,0.0,0.0,1.0
3b6d0ef837db0fae9424344b125b0d480882e1955570623b102fc1ac204ba333,2.725833333333333,6.55,91,16,2,0.125,0,0,0,0,0.0,0.0,0.0,24.96946564885496,0.0,0.0,0.0,0.3125,3.1802638319672134,3.5473557692307693,5.515625,0.13541666666666666,0.16493055555555552,0.59375,0.17036458333333332,0.409375,0.29937243852459017
3c6ed31f1b7b8f50dfbd802de18d7ee730564cfab1ea0a47fbd5486cecb57515,23.469722222222224,95.6,949,14,11,0.7857142857142857,0,0,0,0,0.0,0.0,0.0,14.72995118549512,0.0,0.0,0.0,0.5,13.437420918929984,19.08009388831341,35.15,0.5987268518518515,0.5569113756613755,2.004880952380952,1.6764087301587303,6.828571428571428,0.5449486224698331
3c7df6c8ec2e23d3f085f4f20d492eb44e144136a7ae0767a4450411f6397e57,3.4463888888888885,13.649999999999999,133,3,3,1.0,0,0,0,0,0.0,0.0,0.0,15.148962148962148,0.0,0.0,0.0,0.0,13.975560199698132,17.75191871620443,31.066666666666663,0.5500841750841751,0.6453703703703701,2.323333333333333,1.148796296296296,4.55,0.7664576802507836
3d35ecb52a5ae0221dfcbf65bfe9abb86950e2745e7ed579706fd32791c54b24,0.0,0.0,1,1,0,0.0,0,0,0,0,,,,,,,,0.0,3.0,3.0,3.0,0.0,0.0,0.0,0.0,0.0,1.0
3dc787fed711fb285a301b56d91005558e95ba015bb745342cefd0e958b81e26,8.628194444444443,9.083333333333332,113,6,2,0.3333333333333333,0,0,0,0,0.0,0.0,0.0,56.99357798165137,0.0,0.0,0.0,0.16666666666666666,21.33470464135021,22.573994252873565,34.86666666666667,0.1969907407407406,0.3474922839506167,1.2509722222222202,1.4380324074074071,1.5138888888888886,0.6463431786216597
3eeed9d646ee0c57afa2255e9d813575eb77135a815019488aaeb503687c8a27,2.1177777777777775,6.066666666666666,65,3,1,0.3333333333333333,0,1,0,0,0.0,0.47219307450157405,0.0,20.94505494505494,0.0,9.89010989010989,0.0,0.0,9.619047619047619,10.180790960451978,17.933333333333334,0.4314814814814813,0.36481481481481465,1.313333333333333,0.7059259259259258,2.022222222222222,0.978835978835979
3ef7957de4dbd5a9e31aa9d6fb2c07d2bc51f7bb10b274387e38ef9e5ffa3ddf,19.670555555555556,23.466666666666665,261,4,1,0.25,0,0,0,0,0.0,0.0,0.0,50.29403409090909,0.0,0.0,0.0,0.75,12.176356589147288,12.809183673469388,25.5,0.1508101851851851,0.18055555555555552,0.65,4.917638888888889,5.866666666666666,0.4874031007751938
3f5a831d794b78ff549b425475c31cad57a6dd246e9134f9e4eac05ff112b491,5.191388888888889,10.983333333333334,130,3,2,0.6666666666666666,0,0,0,0,0.0,0.0,0.0,28.35963581183611,0.0,0.0,0.0,0.0,19.410976594027442,21.8,37.4,0.4935185185185184,0.5143518518518516,1.8516666666666666,1.7304629629629629,3.6611111111111114,0.5678773204196933
40d8d8a67ce1a44a3c8a2924f26348b8548b3cfddb8e474fcb3a8c63a80d3a5a,50.579166666666666,38.81666666666667,449,4,1,0.25,0,0,0,0,0.0,0.0,0.0,78.18162301416916,0.0,0.0,0.0,1.0,20.12780269058296,20.34750566893424,28.5,0.13599537037037038,0.125,0.45,12.644791666666666,9.704166666666667,0.4971973094170403
410180fbeaff1e0214007812c59ca2a855602e0c3ed52e4e7127d6276165c560,68.44583333333333,100.98333333333333,1038,12,7,0.5833333333333334,0,0,0,0,0.0,0.0,0.0,40.667601914507344,0.0,0.0,0.0,0.16666666666666666,21.909454365921903,25.543943193576542,43.23333333333333,0.4548996913580245,0.49024590713902266,1.7648852657004817,5.703819444444444,8.415277777777778,0.5090969299433775
416b422d41705c68932702a9b701691cb884e4944c02ae59e8cecfc47fdd9690,11.426944444444445,26.583333333333336,270,13,2,0.15384615384615385,0,0,0,0,0.0,0.0,0.0,25.791222570532913,0.0,0.0,0.0,0.0918992511912866,4.791978670297254,5.429891023591055,9.053846153846154,0.1123219373219373,0.11353276353276352,0.40871794871794864,0.8789957264957265,2.044871794871795,0.13519211859919825
4191e445af74cba112cf9b990ea4cec6bb2bb56ccb0f55fb7f99f299949c3218,74.10444444444443,74.53333333333333,747,13,5,0.38461538461538464,0,0,0,0,0.0,0.0,0.0,59.65474060822897,0.0,0.0,0.0,0.07692307692307693,16.29558987997305,17.827817923352914,25.99230769230769,0.24403490028490024,0.21118233618233617,0.7602564102564102,5.700341880341879,5.733333333333333,0.37907749029635524
41c1f495cb46015d5e94c5a5d45eea949a3b488c92fe6784030013cdb9346546,0.0,0.08333333333333333,11,10,0,0.0,0,0,0,0,,,,0.0,0.0,0.0,0.0,0.4,0.75,1.1,1.065,0.0,0.03694444444444444,0.13299999999999998,0.0,0.008333333333333333,0.45
43a41d49c4ae5e2cd4b22f7afc22d7e3b1ef72a808c9361d337e4c6072dc70e7,0.9888888888888888,7.266666666666667,90,7,1,0.14285714285714285,0,0,0,0,0.0,0.0,0.0,8.165137614678898,0.0,0.0,0.0,0.2857142857142857,5.707482993197279,6.559523809523809,8.142857142857142,0.10992063492063488,0.08730158730158731,0.31428571428571433,0.14126984126984127,1.0380952380952382,0.5102040816326531
43db939f61e58e642073f69819fdc866d70748a256135b6e229dd1aa84ec8df8,31.275555555555552,78.5,793,8,4,0.5,1,0,0,0,0.031973852493960495,0.0,0.0,23.904883227176217,0.7643312101910827,0.0,0.0,0.0,12.429484434061603,15.438930122039402,26.75,0.25578703703703703,0.2782407407407408,1.0016666666666667,3.909444444444444,9.8125,0.3693795334684466
4406bb194d59ee3a3810e929735a5e7940f69c208eabc0603f4c9a91c3e2b75f,16.219444444444445,69.41666666666667,760,6,3,0.5,0,0,0,0,0.0,0.0,0.0,14.019207683073228,0.0,0.0,0.0,0.16666666666666666,8.172111875053051,11.737253330012402,20.649999999999995,0.38333333333333347,0.3884645061728394,1.3984722222222221,2.703240740740741,11.569444444444445,0.49270435446906036
4553d9584737d14780594b0755e0472243fca839eebbef7933dd27088137f2b2,23.364444444444445,64.55,692,9,4,0.4444444444444444,0,0,0,0,0.0,0.0,0.0,21.71753162922799,0.0,0.0,0.0,0.0,10.384395222043729,14.42976393379619,28.72222222222222,0.42006172839506145,0.3447530864197527,1.24111111111111,2.5960493827160493,7.172222222222222,0.3335924050122117
45e1e72691880354bac2f63a9277b1d647c7fff65bfd75c7e4ea8f782168d731,2.7266666666666666,10.533333333333333,126,10,2,0.2,0,0,0,0,0.0,0.0,0.0,15.531645569620252,0.0,0.0,0.0,0.3,3.9966679581557534,6.735185185185185,9.639999999999999,0.10111111111111104,0.1499999999999998,0.5399999999999994,0.27266666666666667,1.0533333333333332,0.3813638124757846
4601344c6628df46d61fbbfeb563bb68fa7a9bd781dc847f62f1932b41bbd03a,48.92847222222222,53.93333333333333,512,8,1,0.125,3,1,0,0,0.06131399293185915,0.02043799764395305,0.0,54.43216934487021,3.3374536464771323,1.112484548825711,0.0,0.5,9.01500496031746,9.600508565310491,18.75,0.11684027777777747,0.12890624999999964,0.46406249999999893,6.116059027777777,6.741666666666666,0.4908234126984127
462cb427e996d58e51ff94c8b8b0a6036abbda7d4394aa9ecc283e3ac5eb183b,2.2458333333333336,11.666666666666666,136,4,2,0.5,0,0,0,0,0.0,0.0,0.0,11.55,0.0,0.0,0.0,0.0,5.653164556962025,8.21359458151911,15.0,0.24722222222222212,0.27656250000000004,0.995625,0.5614583333333334,2.9166666666666665,0.344994246260069
467c5bbcef787e54060ec32c4b280d02ec97d0ba4dfadc1c4bf6f8f597f2d1a2,68.96,100.86666666666667,1116,8,2,0.25,1,2,0,0,0.014501160092807426,0.02900232018561485,0.0,41.020489094514204,0.5948446794448116,1.1896893588896231,0.0,0.0,8.618606321839081,9.651127299720539,21.693749999999977,0.1737847222222222,0.18967013888888873,0.6828124999999996,8.62,12.608333333333334,0.2269037356321839
47401e75c7653f45e250759c977bd2d0a924b11e654467c7a32a77937a7c6f3e,17.32375,93.95,839,14,11,0.7857142857142857,2,3,0,0,0.11544844505375568,0.17317266758063352,0.0,11.063597658328899,1.2772751463544438,1.9159127195316656,0.0,0.0,10.888802610648257,17.015176088343125,33.675,0.6359457671957669,0.7490104802604799,2.696437728937728,1.2374107142857143,6.710714285714286,0.506052256487692
47f1e0be468e0dda921456ce42b00d960a87eba168d05d6082465b4d5baf0e68,134.83277777777778,115.3,1099,8,4,0.5,0,0,0,0,0.0,0.0,0.0,70.16449840994507,0.0,0.0,0.0,0.0,31.49476528746324,33.62129860765196,46.75,0.33188657407407385,0.35416666666666663,1.275,16.854097222222222,14.4125,0.4671309716260228
48879ff7146aa5b2bae8e6a3736d46e9e9715232c2426bd91902ebd88c823c5f,12.198333333333334,20.783333333333335,248,11,1,0.09090909090909091,0,0,0,0,0.0,0.0,0.0,35.21571772253408,0.0,0.0,0.0,0.18181818181818182,3.487012987012987,5.6223776223776225,9.431818181818171,0.07575757575757575,0.067171717171717,0.241818181818181,1.1089393939393941,1.8893939393939396,0.1455309396485867
48acbf35c433c9d3090f3df885f1eb6c0d380bc613bbe661a71900e2099c78df,0.0,0.0,4,4,0,0.0,0,0,0,0,,,,,,,,0.5,0.25,0.25,0.25,0.0,0.0,0.0,0.0,0.0,0.25
4accb28eb5ae1c9e642800e77268c217248916c4027b1b00531a9fdb4214d94e,0.0,0.0,7,7,0,0.0,0,0,0,0,,,,,,,,0.14285714285714285,0.8571428571428571,0.8571428571428571,0.8571428571428571,0.0,0.0,0.0,0.0,0.0,0.5714285714285714
4b4ee287553d2fc501d8ea735289f6dd802c71cb1ccc5a8bd2de965ad8742dfb,2.1041666666666665,16.933333333333334,200,8,2,0.25,0,0,0,0,0.0,0.0,0.0,7.455708661417323,0.0,0.0,0.0,0.375,1.9668633078231292,3.081181693989071,5.375,0.1154513888888889,0.11412037037037034,0.4108333333333332,0.2630208333333333,2.1166666666666667,0.2809576955782313
4bef4370f26ac95c8223cd5d2a49181063d381740480da9d6151ad70f5e83b02,32.97222222222222,33.38333333333333,371,1,1,1.0,0,0,0,0,0.0,0.0,0.0,59.26110833749375,0.0,0.0,0.0,0.0,59.74123989218329,65.57396449704142,107.0,0.7824074074074074,0.9444444444444443,3.4,32.97222222222222,33.38333333333333,0.9110512129380054
4c90239012a69f4d6df57bba9bfa685ce3555eb1a440f0b53094a98a71c1081e,233.465,430.81666666666666,1309,14,5,0.35714285714285715,2,1,0,0,0.008566594564495749,0.0042832972822478745,0.0,32.51475879144261,0.2785407559286626,0.1392703779643313,0.0,0.35714285714285715,15.720482978876786,18.656639001949827,30.61785714285714,0.25882936507936516,0.24980158730158716,0.8992857142857137,16.67607142857143,30.77261904761905,0.29507666123203746
4d8fc6a839bd616d98918ceaaa00ac3f23d896fc3e3b77f5470fec46d3eeaa3e,78.22999999999999,210.28333333333333,2205,12,10,0.8333333333333334,0,3,0,0,0.0,0.03834845967020325,0.0,22.3213125148609,0.0,0.8559879527621463,0.0,0.0,12.21800010870424,15.12482382089833,31.19166666666666,0.49837962962962945,0.5265046296296294,1.895416666666666,6.519166666666666,17.523611111111112,0.636083963196877
4e16cd77517e3535ac4bac166ace361b71bda15e8557333dc8db519b28ee10e1,47.84861111111111,37.93333333333333,361,1,1,1.0,2,0,0,0,0.041798496415198394,0.0,0.0,75.68321616871705,3.163444639718805,0.0,0.0,0.0,78.28531855955679,79.60845070422535,131.0,0.6944444444444446,0.7222222222222221,2.6,47.84861111111111,37.93333333333333,0.9833795013850416
4e8aede967407b573d29179a8f158156dc6d44d45f56fbae56d755e1520c376d,22.97625,48.35,517,19,6,0.3157894736842105,1,0,0,0,0.04352320330776345,0.0,0.0,28.5124095139607,1.2409513960703205,0.0,0.0,0.3157894736842105,10.286044243906094,11.940198422420513,20.986842105263158,0.39415204678362575,0.4176147439305334,1.5034130781499204,1.2092763157894737,2.544736842105263,0.30864266709155186
4f80c999834c72beb1f9c1fd82e9f7d73911432bdea9795166b5d0dc25180625,32.77055555555555,82.35,869,17,9,0.5294117647058824,0,0,0,0,0.0,0.0,0.0,23.876543209876544,0.0,0.0,0.0,0.11764705882352941,7.910777044895682,9.950976234244624,15.74705882352941,0.22508169934640518,0.1852124183006535,0.6667647058823526,1.9276797385620914,4.844117647058823,0.359014626685307
4f83e78c6712b769080619596afa421e45a195900be142aabee324dfad6d0662,6.845555555555555,46.016666666666666,507,5,3,0.6,0,0,0,0,0.0,0.0,0.0,8.925751539297355,0.0,0.0,0.0,0.0,10.186608563403805,15.889848484848482,30.459999999999997,0.4666666666666666,0.46916666666666657,1.6889999999999996,1.3691111111111112,9.203333333333333,0.5025898555368634
5006acb81f125c18c748ed79ec18fd45bd202ec98fd49d453389401baca594f1,13.641801677489177,38.5,994,2,2,1.0,1,0,0,0,0.07330410041440022,0.0,0.0,21.2599506662169,1.5584415584415583,0.0,0.0,0.0,29.03724175749845,29.44645604907066,63.5,0.7175925925925928,0.70625,2.5424999999999995,6.820900838744588,19.25,0.9798701298701299
510817cc74b7da51ac7f7ec7f6c969f803745273850c4061fb08a438e031373d,4.2125,13.466666666666665,134,11,2,0.18181818181818182,0,0,0,0,0.0,0.0,0.0,18.768564356435647,0.0,0.0,0.0,0.36363636363636365,4.315798299197509,4.8004256400482825,6.818181818181818,0.1004208754208754,0.11820124320124309,0.4255244755244752,0.3829545454545455,1.2242424242424241,0.15908492034974248
51c6d67277a36c742eba598fdbffe1af8d3512d045d9591449f94ef41843371e,186.4261111111111,220.16666666666669,2373,11,9,0.8181818181818182,3,2,0,0,0.016092166393000505,0.010728110928667002,0.0,50.80499621498864,0.8175624526873579,0.5450416351249053,0.0,0.0,31.92192512653122,37.73713747451225,61.527272727272724,0.6668530543530543,0.6537457912457909,2.353484848484847,16.947828282828283,20.015151515151516,0.6604755975835309
521f3edcd953facf161b6f39af9fe91e1c2975cde75d347c22783a590dfd2bb2,0.0,0.0,13,13,0,0.0,0,0,0,0,,,,,,,,0.38461538461538464,0.23076923076923078,0.23076923076923078,0.23076923076923078,0.0,0.0,0.0,0.0,0.0,0.23076923076923078
52c9ca45701e9f233b388589cf4d5851c428a356f92ef006550b12c9dd7d4222,15.948333333333332,61.93333333333334,528,14,7,0.5,0,0,0,0,0.0,0.0,0.0,15.450484391819158,0.0,0.0,0.0,0.14285714285714285,9.385787144105413,12.19630422608346,20.69285714285714,0.34553571428571417,0.31081349206349185,1.1189285714285708,1.1391666666666667,4.423809523809524,0.5647301554186879
52d2f9e3555647cdd9412eaa9cfa3c1df261a12a3942c2ee8b42a159f815c36e,12.88111111111111,29.65,337,4,2,0.5,0,0,0,0,0.0,0.0,0.0,26.066329398538503,0.0,0.0,0.0,0.25,14.39937015503876,15.873786292241789,34.04999999999998,0.36990740740740713,0.47129629629629577,1.696666666666665,3.2202777777777776,7.4125,0.7012596899224806
536522a9953cbd4533c291dab88b0fbdb74e9645ffae5f490f15f47ed6feac21,0.0,0.0,6,6,0,0.0,0,0,0,0,,,,,,,,0.3333333333333333,1.3333333333333333,1.3333333333333333,1.3333333333333333,0.0,0.0,0.0,0.0,0.0,0.3333333333333333
54a2750c57682a3b3895f4e8d4b3d9048dbeceaef63e3e3a1ae7a4378666454b,28.452777777777776,60.63333333333333,672,6,1,0.16666666666666666,1,0,0,0,0.03514595333398419,0.0,0.0,28.15557998900494,0.9895547003848267,0.0,0.0,0.16666666666666666,5.728510744627687,6.572290930506479,16.0,0.1203703703703704,0.1574074074074074,0.5666666666666667,4.74212962962963,10.105555555555556,0.47476261869065467
551c0b088cbcf2207c175bf9a3acb6fbf835df6bfbd707de15deb1cb4af082c3,4.043333333333334,22.516666666666666,209,7,3,0.42857142857142855,0,0,0,0,0.0,0.0,0.0,10.774241302738714,0.0,0.0,0.0,0.0,2.544805194805195,4.711947626841244,8.542857142857143,0.10112433862433863,0.11302910052910052,0.4069047619047619,0.5776190476190477,3.2166666666666663,0.3321428571428572
5530b0756bda9ffd700bc7c0b0ca7f880dea8a82fa5628dcec5e69dfcd389dc8,92.60305555555556,182.78333333333333,1701,8,4,0.5,0,0,0,0,0.0,0.0,0.0,30.3976474879183,0.0,0.0,0.0,0.125,14.865727584455989,17.097335069149164,37.83749999999999,0.3611111111111111,0.392071759259259,1.4114583333333326,11.575381944444445,22.847916666666666,0.5563135395078539
55ccd9f64cf58a0559e78ca629c4afb6a1ea8c5a1c71bb376d426098fc67043b,21.336944444444445,68.58333333333334,735,7,3,0.42857142857142855,1,2,0,0,0.04686706677255152,0.09373413354510304,0.0,18.666585662211418,0.8748481166464155,1.749696233292831,0.0,0.14285714285714285,9.649130784079626,11.672534306447504,26.342857142857135,0.5882936507936508,0.5309523809523807,1.9114285714285704,3.048134920634921,9.79761904761905,0.3540280737773513
569d099d377f4c695ef3bf2d5485c4d5fc03f37a1f859fca672e7cfda0b9d694,31.37111111111111,29.366666666666667,316,3,1,0.3333333333333333,0,1,0,0,0.0,0.03187646100446271,0.0,64.09534619750283,0.0,2.043132803632236,0.0,1.0,21.802547770700638,22.519736842105264,33.333333333333336,0.24830246913580178,0.27777777777777773,1.0,10.457037037037036,9.78888888888889,0.3227176220806794
56f9a78dcece7517cf251e9839bcbf160fabaea55b830b954f8bd4dd8973e143,13.23611111111111,28.666666666666668,300,14,1,0.07142857142857142,0,0,0,0,0.0,0.0,0.0,27.70348837209302,0.0,0.0,0.0,0.35714285714285715,2.605012531328321,3.2104930467762327,5.285714285714286,0.04960317460317461,0.07142857142857142,0.2571428571428572,0.9454365079365079,2.047619047619048,0.34235588972431075
57617f6e0e98a319f11117c37a9e6688a10a60b2a7651e1d1b11a8337d0aa649,25.238055555555555,68.36666666666666,758,6,2,0.3333333333333333,0,0,0,0,0.0,0.0,0.0,22.149439297903463,0.0,0.0,0.0,0.16666666666666666,9.243768258454747,11.880138097788164,21.133333333333322,0.30138888888888876,0.2967592592592591,1.0683333333333327,4.206342592592592,11.394444444444444,0.45783293511383666
580d5712b7df37f896bd12d6d595675f8795e336f5c4b6212c11115095b98551,20.1975,63.85,731,8,2,0.25,0,0,0,0,0.0,0.0,0.0,18.9796397807361,0.0,0.0,0.0,0.25,5.087483841588813,7.857015669515669,13.25,0.173611111111111,0.21093749999999983,0.7593749999999995,2.5246875,7.98125,0.2783051295610788
582328dbfd9d5f16d0275ea62761f042792a37f14a717e22fa1d8714a175c43e,30.326111111111107,65.93333333333334,625,9,6,0.6666666666666666,0,2,0,0,0.0,0.0659497682598421,0.0,27.59706774519716,0.0,1.8200202224469157,0.0,0.1111111111111111,11.359935139717075,14.245671246888532,24.899999999999995,0.4729423868312755,0.3239969135802469,1.166388888888889,3.3695679012345674,7.325925925925926,0.4890032794663297
58369f67c60a15708fdad391ea9bb2adc94bc421bfc6a415aec5a62b061c7876,113.66347222222223,133.56666666666666,1463,11,5,0.45454545454545453,3,1,0,0,0.026393703635366098,0.008797901211788698,0.0,51.05920888445221,1.3476416271524834,0.44921387571749444,0.0,0.18181818181818182,22.458726061576673,24.920335591132467,44.41363636363636,0.38375420875420807,0.4278619528619528,1.5403030303030305,10.33304292929293,12.142424242424243,0.5829039110746428
5840a7929a87bb2acc03d8ba0849b854400d58e4544b6b258d83d21fd8deb87e,24.246666666666663,65.53333333333333,738,5,5,1.0,0,0,0,0,0.0,0.0,0.0,22.199389623601217,0.0,0.0,0.0,0.0,18.869359410945965,23.707252641348262,45.92,0.7225925925925923,0.6786111111111109,2.443,4.849333333333332,13.106666666666666,0.768020317844943
587e0b2498e72a1c81fb61336d36a8106dce44d980bd247a7fd18cc76c3a7d60,103.57972222222222,65.63333333333334,751,10,1,0.1,1,2,0,0,0.009654399322046626,0.019308798644093253,0.0,94.68943626206195,0.9141696292534282,1.8283392585068563,0.0,0.0,9.690633423180593,10.070658263305322,18.689999999999987,0.09020833333333324,0.11083333333333292,0.39899999999999863,10.357972222222221,6.563333333333334,0.09622641509433963
58c63b27ac839a127d3c8b4cac1a956903d4a8681e1b3b2c612fb946f526fd97,8.445277777777779,62.03333333333333,699,6,3,0.5,0,0,0,0,0.0,0.0,0.0,8.168457818377219,0.0,0.0,0.0,0.0,4.316085061841796,6.3631418390590495,13.033333333333331,0.22515432098765423,0.23124999999999982,0.8324999999999992,1.4075462962962966,10.338888888888889,0.3365645582779712
58d70024d44f70836558d2f1f29d12ec6523e6f797154f635664c3c3c614caca,44.781388888888884,95.31666666666666,1020,6,5,0.8333333333333334,1,0,0,0,0.022330705340140065,0.0,0.0,28.189019059276095,0.6294806784402868,0.0,0.0,0.0,20.087330947213676,27.158617938384776,52.05833333333333,0.5145833333333332,0.6422839506172838,2.3122222222222217,7.463564814814814,15.886111111111111,0.5977622466619483
59124513a25499d017d1fbc912566653892eac7c2236be151bf84ec37b24a9b3,0.0,0.0,2,2,0,0.0,0,0,0,0,,,,,,,,0.0,0.0,0.0,0.0,0.0,0.0,0.0,0.0,0.0,0.0
592d1219f4c291102c7909f109659674011008f2d9e8d92078e3bf7a0bf7abc3,0.0,0.0,7,7,0,0.0,0,0,0,0,,,,,,,,0.42857142857142855,1.2857142857142858,1.2857142857142858,1.2857142857142858,0.0,0.0,0.0,0.0,0.0,0.42857142857142855
59d0c862324d7a3e0f47aa824ef242868f59c190daa5fb392bd0f435706218cc,4.928333333333333,29.983333333333334,306,4,3,0.75,0,0,0,0,0.0,0.0,0.0,9.862145636464701,0.0,0.0,0.0,0.0,8.17299172737375,16.69962887989204,30.39999999999999,0.4462962962962963,0.38888888888888884,1.4000000000000001,1.2320833333333332,7.495833333333334,0.3551717495987159
5caaaeb74f9ac2ae91fa3c7d26513cddd371176148d0de6d6f76b369d67b6ce7,15.3,29.016666666666666,293,4,1,0.25,0,0,0,0,0.0,0.0,0.0,31.636990235496842,0.0,0.0,0.0,0.25,8.705172413793104,10.017857142857142,23.775000000000006,0.15046296296296294,0.150462962962963,0.5416666666666666,3.825,7.254166666666666,0.21724137931034482
5cba5908dc9494c75d562de333f076eebba755f5fbe15973fceb1ba036cdb174,10.819722222222222,59.56666666666666,647,8,5,0.625,0,0,0,0,0.0,0.0,0.0,10.898433128147733,0.0,0.0,0.0,0.0,6.925024538735919,10.282237312219332,20.15624999999999,0.3463541666666663,0.3403935185185184,1.2254166666666664,1.3524652777777777,7.445833333333333,0.4015819630948002
5da5a92caa4b9bfa1afe2ab7578e2f84ef3266d6bba647134e094914427fef0c,167.76,145.71666666666667,1654,19,9,0.47368421052631576,2,2,0,0,0.011921793037672867,0.011921793037672867,0.0,69.07651835754318,0.8235159556216401,0.8235159556216401,0.0,0.15789473684210525,17.867597137877443,21.134063120949257,34.33684210526315,0.43562378167641325,0.4354097048175995,1.5674749373433583,8.829473684210527,7.669298245614035,0.44808384876247165
5e268b1ae6a38dc83f854a74b3493ef871d1c28ca554d2eb53762c5ee56a0a6f,0.0,0.0,12,12,0,0.0,0,0,0,0,,,,,,,,0.3333333333333333,1.4166666666666667,1.4166666666666667,1.4166666666666667,0.0,0.0,0.0,0.0,0.0,0.5833333333333334
5ff32ea42cb44d4d2e57344d0f33eb77bdfbe9986fac927b31fd1c10fee3c06a,0.8049999999999999,3.066666666666667,34,4,1,0.25,0,0,0,0,0.0,0.0,0.0,15.749999999999998,0.0,0.0,0.0,0.0,4.361111111111111,4.528846153846154,7.25,0.1291666666666666,0.13541666666666663,0.4875,0.20124999999999998,0.7666666666666667,0.24074074074074073
6073b696c96a7f15ea2732461bf6feeb24f247ae4e14301b0d2cd86cb22e832b,0.0,0.0,2,2,0,0.0,0,0,0,0,,,,,,,,0.0,0.5,0.5,0.5,0.0,0.0,0.0,0.0,0.0,0.5
6129f34722d0455e326a53b67b9ae846c1ed65dcc7bcbf0a751b66a57f339cc4,30.209027777777777,79.88333333333333,855,9,4,0.4444444444444444,1,1,0,0,0.03310268729454496,0.03310268729454496,0.0,22.689860212810352,0.7510953473815982,0.7510953473815982,0.0,0.0,12.113270342735493,16.044871490434307,31.849999999999984,0.35007716049382664,0.5488683127572014,1.975925925925925,3.3565586419753086,8.875925925925925,0.4059001453932645
62a80469ebcdbb99381e5c63eea1804284413f2710db1966517e87b747b4cb37,21.437083333333334,68.73333333333333,686,13,9,0.6923076923076923,0,0,0,0,0.0,0.0,0.0,18.71326382153249,0.0,0.0,0.0,0.07692307692307693,10.730170334621695,16.253120280255082,29.980769230769223,0.43728632478632445,0.40940170940170934,1.4738461538461536,1.6490064102564104,5.287179487179487,0.451311234549823
62fbc99de5974ab918adfe5be9cdc39d8bdd496083c6102418fcb400b66ab7c7,0.6430555555555555,9.766666666666667,97,1,1,1.0,0,0,0,0,0.0,0.0,0.0,3.9505119453924906,0.0,0.0,0.0,1.0,4.628865979381444,21.38095238095238,27.799999999999955,0.618518518518518,0.3740740740740738,1.3466666666666658,0.6430555555555555,9.766666666666667,0.21649484536082475
6479d6647487c890b345d2cea8f6edc69fc1baf3e5ab43feb3314508ff2a7c30,22.686944444444443,71.06666666666666,757,11,6,0.5454545454545454,0,0,0,0,0.0,0.0,0.0,19.154080675422136,0.0,0.0,0.0,0.09090909090909091,9.417616250205555,11.741179538511552,23.299999999999997,0.3556397306397305,0.40042087542087496,1.44151515151515,2.0624494949494947,6.46060606060606,0.41115404673671824
6482f8aac9b8a983f05fe24556a43c9f0655890d96a0d36c88aa3d333c35b73b,4.211388888888888,10.15,109,4,2,0.5,0,0,0,0,0.0,0.0,0.0,24.894909688013133,0.0,0.0,0.0,0.0,10.646780303030303,12.897515527950311,26.25,0.28472222222222215,0.39409722222222215,1.41875,1.052847222222222,2.5375,0.39867424242424243
64de52a9d1c4480d5fc10dc386d109732105605e07fe93583f4abd8cef9a1c0c,97.74194444444444,144.61666666666667,1213,14,12,0.8571428571428571,1,0,0,0,0.010231022164372739,0.0,0.0,40.55214936037801,0.4148899389189812,0.0,0.0,0.0,31.94325317987629,36.62753244538301,58.86071428571428,0.5363284202569916,0.726917989417989,2.6169047619047605,6.98156746031746,10.329761904761906,0.676375072918048
650de61bcf345b9daf29a2a11e243021a6ce637ae75e49b1fb88679e3eaa7d70,61.16444444444444,152.7,1667,12,6,0.5,0,2,0,0,0.0,0.03269873564888824,0.0,24.033180528268936,0.0,0.7858546168958743,0.0,0.08333333333333333,12.115445439807898,15.722940308160053,32.42083333333333,0.39621913580246876,0.42129629629629545,1.516666666666664,5.097037037037037,12.725,0.43229848379187746
65ab4b4270c5bb1a5e89fdb0f1f1f39c24ad49a2790e835bd2daef0cd7beaa96,5.924166666666666,8.733333333333333,116,9,1,0.1111111111111111,0,0,0,0,0.0,0.0,0.0,40.70038167938931,0.0,0.0,0.0,0.4444444444444444,4.542181069958847,4.994331065759637,8.405555555555555,0.10493827160493825,0.14351851851851827,0.5166666666666657,0.6582407407407407,0.9703703703703703,0.21193415637860083
671a05986d592c160af3cdd8b34bd9cfd68390ee3f1b5f8968ac55f129742899,19.780694444444443,61.5,557,8,6,0.75,1,0,0,0,0.0505543424073697,0.0,0.0,19.298238482384825,0.9756097560975611,0.0,0.0,0.0,18.314718999221117,21.717959398914893,41.0625,0.7484743265993266,0.8510561342592593,3.0638020833333335,2.4725868055555553,7.6875,0.6235420582242617
6765e34232bf9f09cc0449355510ee90e288650ac1f6674b4667e9a0d84c6cb5,44.01208333333333,119.53333333333333,1270,5,5,1.0,0,0,0,0,0.0,0.0,0.0,22.091954824316787,0.0,0.0,0.0,0.4,23.50177165808213,38.66505126452495,77.03999999999998,0.6490608465608464,0.6953505291005289,2.503261904761904,8.802416666666666,23.906666666666666,0.6468472552766735
6786cd8da4b0f81fd7133072eea75c0bad7f728a309855704da000894a2c93a9,0.0,0.0,2,2,0,0.0,0,0,0,0,,,,,,,,0.0,1.5,1.5,1.5,0.0,0.0,0.0,0.0,0.0,0.5
68d8976f9371f6a1c02416d50769baddabd7e1d584aefa4608460236a4807694,14.588898935002195,81.88333333333334,2088,14,5,0.35714285714285715,0,0,0,0,0.0,0.0,0.0,10.690013467536717,0.0,0.0,0.0,0.07142857142857142,5.597368198741697,7.892110745741208,11.614285714285714,0.20006613756613753,0.1970072751322747,0.7092261904761891,1.042064209643014,5.848809523809524,0.3619899573822295
69854f03c6b6276279dfea318eb585caeaf8602701391dc0c52225a5692dd06e,11.84611111111111,21.383333333333333,264,9,1,0.1111111111111111,0,0,0,0,0.0,0.0,0.0,33.23928293063133,0.0,0.0,0.0,0.2222222222222222,3.8211805555555554,5.340740740740741,9.88888888888889,0.1111111111111111,0.1253858024691358,0.4513888888888889,1.3162345679012344,2.3759259259259258,0.3003472222222222
69cd864bfd156787049bb1b1882e3575f2d68fa8f00f1bd9521b3281700748e8,47.15361111111111,92.35,941,4,4,1.0,0,0,0,0,0.0,0.0,0.0,30.635805811225413,0.0,0.0,0.0,0.0,22.96418513918514,27.748942273613327,49.599999999999994,0.6030092592592589,0.7585648148148147,2.730833333333333,11.788402777777778,23.0875,0.7198450198450198
6a1a4c47b8e5bc4c35e5bcfe23a8aa87525a2998defd5a6ceb4661de3bdbc5ad,0.0,0.0,7,7,0,0.0,0,0,0,0,,,,,,,,0.2857142857142857,0.8571428571428571,0.8571428571428571,0.8571428571428571,0.0,0.0,0.0,0.0,0.0,0.2857142857142857
6add18dafee00a485fbff6cd6277d59a3a27343478c97046ceef6e3e1cec8db5,0.0,0.0,1,1,0,0.0,0,0,0,0,,,,,,,,1.0,0.0,0.0,0.0,0.0,0.0,0.0,0.0,0.0,0.0
6b42e0fb223327e95b5a2e7dcfd5e8bec75d9a0d6a0395d3ac0501bb976c18af,34.73777777777777,41.650000000000006,413,2,2,1.0,0,0,0,0,0.0,0.0,0.0,50.0424169667867,0.0,0.0,0.0,0.0,38.655979543666405,44.20776830685781,69.0,0.7592592592592592,0.9002314814814814,3.2408333333333332,17.368888888888886,20.825000000000003,0.8321531602412798
6b56c4e96dff4e730670b9ba15e427056a65f085732319fa7fa0d7d1e57f05f4,38.394999999999996,169.3166666666667,1630,24,7,0.2916666666666667,2,0,0,0,0.05209011590050788,0.0,0.0,13.605866719165268,0.7087311743281818,0.0,0.0,0.20833333333333334,5.840814600110375,7.708534494511802,12.754166666666668,0.16130401234567895,0.1774909420289855,0.6389673913043477,1.5997916666666665,7.054861111111112,0.3057140900595448
6bd27f8b4d3972b2c4b03cd30d4d7717365703684f8dffa8a6e0498f4f9f7a62,17.066111111111113,63.916666666666664,635,11,7,0.6363636363636364,0,0,0,0,0.0,0.0,0.0,16.02033898305085,0.0,0.0,0.0,0.0,11.241925233960394,16.836691297100607,29.41363636363636,0.5213383838383837,0.5655723905723903,2.036060606060605,1.5514646464646467,5.8106060606060606,0.5195621864083869
6bfd7cb8ccf689c798a17480d3c689f65424f6b2f2084219998c8f38dd344a4d,70.37305555555557,46.7,475,1,1,1.0,1,1,0,0,0.01420998409271225,0.01420998409271225,0.0,90.41506067094933,1.284796573875803,1.284796573875803,0.0,0.0,97.3957894736842,104.9047619047619,162.0,0.7222222222222221,0.611111111111111,2.2,70.37305555555557,46.7,0.9284210526315789
6d471ea62dd45907c446249b66ed01aa7f188fb9fd45e60a0881522d95707515,30.63986111111111,150.31666666666666,1681,17,9,0.5294117647058824,2,0,0,0,0.06527444732034796,0.0,0.0,12.230125291052223,0.7983146690320435,0.0,0.0,0.23529411764705882,7.347586590467578,13.174702655698084,23.791176470588233,0.4671568627450977,0.5091911764705879,1.8330882352941162,1.80234477124183,8.842156862745098,0.3464512871821371
6ea574eac4969c3cfc484c95670515c9718f007535a8949fb736929e9e21852b,0.0,0.0,3,3,0,0.0,0,0,0,0,,,,,,,,0.3333333333333333,3.6666666666666665,3.6666666666666665,3.6666666666666665,0.0,0.0,0.0,0.0,0.0,1.0
6eb17805d1df9a3a45a1ccda55bd3d28e62ef3bf5e84d6ef7f8a2953b08e1310,0.0,0.0,4,4,0,0.0,0,0,0,0,,,,,,,,0.5,1.0,1.0,1.0,0.0,0.0,0.0,0.0,0.0,0.5
6f346b19357d04689aad2904614441cacd5164626e8ecb3e67af2d810d34eb22,54.31712437870771,89.16666666666667,1932,12,4,0.3333333333333333,0,2,0,0,0.0,0.036820800491124656,0.0,36.54984070342949,0.0,1.3457943925233644,0.0,0.3333333333333333,8.466772773377997,10.582368399410273,22.638888888888886,0.27449845679012347,0.3367792508417507,1.2124053030303028,4.526427031558976,7.430555555555556,0.4161235706416057
712067bcfee17e98f04764bada6f5f0a383007d97d44bf5a778d82cc4d7324bf,184.15652777777777,325.43333333333334,3298,22,14,0.6363636363636364,0,0,0,0,0.0,0.0,0.0,33.952857728157326,0.0,0.0,0.0,0.22727272727272727,19.026428539288123,22.18174973783186,42.724999999999994,0.5240214646464645,0.574731107369996,2.0690319865319857,8.370751262626262,14.792424242424243,0.562095381646123
72c61757e3c83d9072595de3a73fadfc601c953ae7060c4f259517110ded2dc6,5.9672222222222215,28.733333333333334,311,4,2,0.5,0,0,0,0,0.0,0.0,0.0,12.460556844547561,0.0,0.0,0.0,0.0,4.229366207722239,6.704885343968096,15.599999999999994,0.22634548611111097,0.20590277777777768,0.7412499999999995,1.4918055555555554,7.183333333333334,0.25390975755761747
7454c2535e2242869830e7bc85a011be64289ca873634e38e393867421a1b86a,26.583055555555557,41.96666666666667,418,5,3,0.6,0,0,0,0,0.0,0.0,0.0,38.005957108816524,0.0,0.0,0.0,0.0,21.582250772562475,25.74956736242884,46.8,0.5338888888888882,0.4814814814814817,1.733333333333333,5.316611111111111,8.393333333333334,0.5006326495851279
74ad5c03b648e68bf8d73f5f73ea763f20283b0f0231afa2a34229d117dce738,9.58361111111111,29.233333333333334,322,10,2,0.2,0,0,0,0,0.0,0.0,0.0,19.669897377423034,0.0,0.0,0.0,0.4,5.3062746413891455,6.676542341074361,10.3,0.14374999999999996,0.17527777777777748,0.6309999999999991,0.9583611111111111,2.9233333333333333,0.4471814445096888
7551592b406b46d1999b2373e996d1d903c35b6b8a0af32ac7c6dafe8aeb0462,18.30583333333333,1103.55,10615,2,0,0.0,0,0,0,0,0.0,0.0,0.0,0.9952879343935479,0.0,0.0,0.0,0.21440777528569901,0.8853098099752987,32.46551724137931,0.0,0.0,0.0,0.0,9.152916666666664,551.775,0.028129296234003804
7693849e38e1205e3b83e1eba71d9612a40813535bc36e8aaa74bb0c1440c9e0,20.84444444444444,47.78333333333333,522,11,1,0.09090909090909091,0,0,0,0,0.0,0.0,0.0,26.173700732472966,0.0,0.0,0.0,0.2727272727272727,2.712002840909091,3.1598746081504703,7.181818181818182,0.06641414141414141,0.07154882154882153,0.25757575757575757,1.8949494949494947,4.343939393939394,0.2590553977272727
77a1ddb4eccb78a72840d8955bc917e4db9847dffa5cd97c17cc492f10913e6b,47.35472222222222,150.0,1680,16,7,0.4375,4,2,0,0,0.08446887263384503,0.042234436316922516,0.0,18.94188888888889,1.6,0.8,0.0,0.125,12.729709083659047,15.113483834837009,26.85,0.5443989748677247,0.4711867559523808,1.6962723214285709,2.959670138888889,9.375,0.4866304748276592
7a24c258a204fc047f655e59426c024ae6a8e2d04677588feb6dff8cf2926416,88.98444444444445,142.06666666666666,1476,4,4,1.0,0,0,0,0,0.0,0.0,0.0,37.5814171750352,0.0,0.0,0.0,0.0,32.86121728136389,39.27588425864288,67.22500000000001,0.6125,0.6045138888888886,2.1762499999999987,22.246111111111112,35.516666666666666,0.7636316182036681
7a2d3463d3923b85eb91eae9726bc946914e82af5970949390a599f15b6e66ed,14.559583333333334,35.81666666666666,390,5,2,0.4,0,1,0,0,0.0,0.06868328420570644,0.0,24.39018147975803,0.0,1.6751977664029782,0.0,0.0,9.640015945050902,11.255569341053212,20.2,0.2224074074074073,0.23194444444444437,0.8349999999999997,2.911916666666667,7.163333333333332,0.5279467680608365
7a2e3534947a251c34ad7385925bed094a59552cfcf3a2a5e03aa9ec42223518,21.583055555555557,44.81666666666666,464,8,3,0.375,0,0,0,0,0.0,0.0,0.0,28.895128300483453,0.0,0.0,0.0,0.25,11.794862002138466,13.063526524737131,20.6125,0.132349537037037,0.16145833333333331,0.5812499999999999,2.6978819444444446,5.602083333333333,0.46238706228281207
7a39164c3d78cd83bef4644164341764db6c23c11a02e8bf099ef467b3381426,14.28388888888889,57.61666666666667,605,5,3,0.6,1,1,0,0,0.07000894558749172,0.07000894558749172,0.0,14.874746890367373,1.041365345675441,1.041365345675441,0.0,0.0,10.859414877061935,13.02599989526054,27.54,0.4018518518518518,0.42861111111111116,1.543,2.8567777777777783,11.523333333333333,0.4844148770619359
7a3ff606700b0b172839a40f7304e2b74c9d60fb840a0c336887b5d0538d2da3,0.0,0.0,9,9,0,0.0,0,0,0,0,,,,,,,,0.4444444444444444,2.111111111111111,2.111111111111111,2.111111111111111,0.0,0.0,0.0,0.0,0.0,0.5555555555555556
7a93d6790949db8548b834c3f3ca77c4caee102861122f7915b90205cfe2bf15,16.64861111111111,67.26666666666667,651,15,8,0.5333333333333333,0,1,0,0,0.0,0.06006507049303413,0.0,14.850099108027747,0.0,0.8919722497522299,0.0,0.06666666666666667,8.963918702672595,11.343608811218418,21.45333333333333,0.37882716049382686,0.4199382716049382,1.5117777777777777,1.1099074074074073,4.484444444444445,0.4816768291163605
7ad0909f9ddf735e5f993c996a6477e0f30c331d46719f1928ea95da1f9fd4fb,0.0,0.0,1,1,0,0.0,0,0,0,0,,,,,,,,0.0,0.0,0.0,0.0,0.0,0.0,0.0,0.0,0.0,0.0
7bee29710d8bdf30ee205dca3f89dc15f4fe2e4ad4245d3accb207855604b6f0,5.972777777777778,25.016666666666666,281,2,2,1.0,0,0,0,0,0.0,0.0,0.0,14.325116588940707,0.0,0.0,0.0,0.0,12.251011611541168,17.15555964653903,32.599999999999994,0.6175925925925922,0.6236111111111107,2.244999999999999,2.986388888888889,12.508333333333333,0.7038177339901477
7c33747904944d2ce5b9f58ca8d569e0e3cca6cc5eac708f4ac1ef22711cf7ce,38.886805555555554,163.3,1203,25,17,0.68,0,0,0,0,0.0,0.0,0.0,14.28786487038171,0.0,0.0,0.0,0.08,12.65967748318532,16.994479543492925,28.635999999999996,0.4858148148148147,0.5817314814814811,2.0942333333333325,1.5554722222222221,6.532,0.5214215176522405
7c4daee8b6b50fff11bdf8fddefb7bf3f6a1521a647dbc7c124783b8c1ee7c10,21.154166666666665,70.41666666666667,638,10,5,0.5,0,0,0,0,0.0,0.0,0.0,18.024852071005913,0.0,0.0,0.0,0.1,9.325351521796469,10.687170891461873,21.189999999999998,0.3561111111111108,0.330648148148148,1.190333333333333,2.1154166666666665,7.041666666666667,0.5204466451641137
7d1ffe43018da0aadd00a7ec63d1c93a3bf9679b905dae2e847fae2085ae08d0,0.0,0.0,1,1,0,0.0,0,0,0,0,,,,,,,,0.0,1.0,1.0,1.0,0.0,0.0,0.0,0.0,0.0,1.0
7d4ea25d13439dddb4a5316bb07259c4930f58c8f550084db6605b0d278aff9a,8.424166666666666,29.766666666666666,350,8,2,0.25,1,0,0,0,0.11870610347215353,0.0,0.0,16.98040313549832,2.015677491601344,0.0,0.0,0.0,4.524252136752137,5.773504056795132,11.125,0.2361111111111111,0.2443287037037036,0.879583333333333,1.0530208333333333,3.720833333333333,0.3223246082621083
7ea3a3144f4802b87fdb498fc3adb8df9a571e0d6ec7bd8c44c049fda923a16e,16.955,53.88333333333333,601,12,6,0.5,0,1,0,0,0.0,0.058979652020053085,0.0,18.879678317352305,0.0,1.1135168574079803,0.0,0.0,9.851617791356032,11.739708125323645,24.120833333333326,0.36064814814814783,0.4635372990915441,1.668734276729559,1.4129166666666666,4.490277777777778,0.4680958371102191
80ce1b84ebf8ca9ffe53e082f4102f990a6f09129a763764038146234cfee85c,47.08125,153.46666666666667,1671,16,10,0.625,0,0,0,0,0.0,0.0,0.0,18.407091659426584,0.0,0.0,0.0,0.125,13.210033633115293,16.968777090582414,31.906249999999996,0.36717096560846557,0.46556712962962954,1.6760416666666664,2.942578125,9.591666666666667,0.6091509582386717
81d1da4ef255b929e06af37d1053d98f8dc2755977fd2d62deeabacf9526955f,51.677499999999995,103.65,1094,8,2,0.25,2,0,0,0,0.038701562575588995,0.0,0.0,29.91461649782923,1.1577424023154848,0.0,0.0,0.0,8.879824588956712,10.205588239466927,19.25,0.24305555555555552,0.2251157407407407,0.8104166666666665,6.459687499999999,12.95625,0.4651926345510196
820c977123715d8453dc1f5b3fd2ff1a9d551312ca82994c679575cb62931f84,115.25416666666668,143.7,1554,3,3,1.0,1,0,0,0,0.008676475904703372,0.0,0.0,48.12282533054976,0.4175365344467641,0.0,0.0,0.0,33.84440584012467,36.111180289484885,75.33333333333333,0.6550925925925926,0.785648148148148,2.828333333333333,38.41805555555556,47.9,0.926916750337587
8249362844eec1ff210c07f12c49f9b5996e2731a540452b460b3f656af198d3,31.02916666666667,63.78333333333333,585,3,2,0.6666666666666666,1,0,0,0,0.03222774271518732,0.0,0.0,29.188659524431674,0.940684609354586,0.0,0.0,0.0,19.68914122914123,20.310119388481095,47.333333333333336,0.3688271604938273,0.37827932098765427,1.361805555555555,10.343055555555557,21.26111111111111,0.6457387057387057
834bbba47294a4e341a680eabb7cf63c93d0ba9e41d4e74f9ce06f1c2fea7e94,25.111944444444443,65.06666666666666,742,10,2,0.2,0,0,0,0,0.0,0.0,0.0,23.156506147540984,0.0,0.0,0.0,0.2,4.680920355571518,5.426388273519421,10.8,0.11203703703703702,0.14277777777777767,0.5139999999999997,2.5111944444444445,6.506666666666666,0.27083056478405315
83e14fc53504ab435b5af5d83441b6e075e0eed65e48d6b00440641b0c5394c3,1.8602777777777777,14.2,150,12,3,0.25,0,0,0,0,0.0,0.0,0.0,7.860328638497652,0.0,0.0,0.0,0.08333333333333333,5.512254901960784,7.760238095238095,10.424999999999999,0.17800925925925923,0.15419973544973542,0.5551190476190475,0.15502314814814813,1.1833333333333333,0.5435049019607843
84fe278be653b78ac114ce791d84af821b3b282b86ec8d2dccda843a3f57665e,34.34527777777778,42.3,484,1,1,1.0,0,0,0,0,0.0,0.0,0.0,48.716706067769906,0.0,0.0,0.0,1.0,48.34297520661157,53.17727272727273,83.0,0.5,0.5,1.8,34.34527777777778,42.3,0.9090909090909091
8538e45bf0d8e7f47326430e15bef82879aee4ac3780840d9dd095c7f35824e8,10.715277777777779,42.599999999999994,400,7,5,0.7142857142857143,0,0,0,0,0.0,0.0,0.0,15.09194053208138,0.0,0.0,0.0,0.0,13.328567486869204,16.465602070820307,28.971428571428568,0.4832341269841267,0.5595899470899467,2.014523809523808,1.5307539682539684,6.0857142857142845,0.5780505415809272
85577edda8de916dbd60dbdba601a855e14a72cfb7c289438b67cc8c2ea9ef01,63.77444444444444,215.86666666666665,2244,12,6,0.5,4,3,0,0,0.06272104813840446,0.047040786103803335,0.0,17.7260654725139,1.1117974058060531,0.8338480543545399,0.0,0.4166666666666667,9.254080089753822,11.800442310576193,23.341666666666658,0.38478009259259244,0.4139450056116722,1.4902020202020199,5.314537037037037,17.988888888888887,0.3873575792184159
8587f1d675203c97d90cc8570cd15eed8be9ddae51e50c70b9b1cae4d8763309,10.245833333333334,51.0,519,16,10,0.625,0,0,0,0,0.0,0.0,0.0,12.053921568627452,0.0,0.0,0.0,0.0,7.519944926135867,10.155491164490526,17.04375,0.43425925925925907,0.4451388888888888,1.6024999999999998,0.6403645833333333,3.1875,0.4607321783963549
880e50f0fc5d50db86b5ae9abdfa2e384b7169d2c4ff0acd7e5db422cac3db74,25.61736111111111,110.16666666666666,1018,11,9,0.8181818181818182,0,0,0,0,0.0,0.0,0.0,13.95196671709531,0.0,0.0,0.0,0.0,11.57482304446463,18.38836052078067,37.354545454545445,0.4983164983164982,0.53030303030303,1.909090909090908,2.32885101010101,10.015151515151514,0.508941638178635
881e85eed1705f1b49b11ea405d788e2a5861ca5d74b1083fed0cd08f63de521,19.589444444444442,64.55,649,6,4,0.6666666666666666,0,0,0,0,0.0,0.0,0.0,18.20862380583527,0.0,0.0,0.0,0.0,11.740722715405113,15.413886668218462,31.191666666666663,0.39830246913580236,0.4414089956745065,1.5890723844282235,3.264907407407407,10.758333333333333,0.6019601309074993
8890ef4b37650f78d51db1a56b35d4d87c594fcd50ed3634d8a2f3033c327606,0.0,0.0,5,5,0,0.0,0,0,0,0,,,,,,,,0.0,0.8,0.8,0.8,0.0,0.0,0.0,0.0,0.0,0.4
8890f6cee0b053eb38b31ed7ca438fe87521ef8ee7f15285b37f5a8ffcaf4d4a,15.563055555555554,32.06666666666666,345,9,3,0.3333333333333333,0,0,0,0,0.0,0.0,0.0,29.12006237006237,0.0,0.0,0.0,0.1111111111111111,10.132928714311694,12.051908263305322,20.444444444444443,0.23256172839506148,0.26172839506172835,0.9422222222222221,1.7292283950617282,3.5629629629629624,0.27952961144450506
88c9c65796ebf865f6ccdad5d0682f1daf7d94c271c75fff4b819f551fa06cc8,43.188611111111115,54.483333333333334,610,7,3,0.42857142857142855,1,0,0,0,0.023154252342760112,0.0,0.0,47.56163964515142,1.1012542061792596,0.0,0.0,0.0,20.47096612131461,22.039174823856246,36.214285714285715,0.3583333333333331,0.35648148148148145,1.2833333333333332,6.1698015873015875,7.783333333333333,0.5401662540726597
89e88bb78d0cd91a2ca58c06fdd6d9bb8fd641fd70badbee9fbbd0e388d75791,55.28722222222222,110.28333333333333,1252,13,4,0.3076923076923077,0,0,0,0,0.0,0.0,0.0,30.079189965241046,0.0,0.0,0.0,0.23076923076923078,6.085333479822201,7.899337485678711,16.65,0.21962250712250697,0.2326923076923075,0.8376923076923072,4.252863247863248,8.483333333333333,0.37841698422944836
8a206f15dbd3e8d34f10b1d0b16a778f827761e7befa026ed5afa07f6b3cd618,88.71694444444444,116.71666666666667,1249,10,7,0.7,1,0,0,0,0.01127180389566067,0.0,0.0,45.6063115807511,0.5140654005426245,0.0,0.0,0.0,25.076586228136406,29.977864035336218,53.275,0.5863910934744263,0.7424999999999998,2.672999999999999,8.871694444444444,11.671666666666667,0.5619285461878907
8a31321a4707437bf3345d5f9c872423aa83e6c904d450b37d441d4fb85ccabb,11.786944444444442,43.78333333333333,453,17,4,0.23529411764705882,0,0,0,0,0.0,0.0,0.0,16.15264560334983,0.0,0.0,0.0,0.17647058823529413,5.54040574748143,6.6722727813597,12.017647058823528,0.2305555555555555,0.28480392156862716,1.0252941176470578,0.6933496732026142,2.575490196078431,0.25170596616601343
8a6f923034fc94cd8137cc4c206ca9851d9bf64af58eaa0ded524412576095dd,10.4375,31.46666666666667,244,11,2,0.18181818181818182,0,1,0,0,0.0,0.09580838323353294,0.0,19.902012711864405,0.0,1.906779661016949,0.0,0.2727272727272727,3.9420689237478044,5.026636140272504,10.181818181818182,0.17803030303030298,0.1994949494949495,0.7181818181818183,0.9488636363636364,2.860606060606061,0.31960511174368605
8acf58d86a603f011a1ef0f90d67146aaac48fc3a5e669033730164c53140335,57.20291666666666,177.4,1736,11,7,0.6363636363636364,0,1,0,0,0.0,0.01748162608258612,0.0,19.347096956031564,0.0,0.3382187147688839,0.0,0.18181818181818182,14.160964054812627,17.09709235300025,35.15454545454545,0.4780723905723904,0.49436026936026883,1.7796969696969682,5.200265151515151,16.12727272727273,0.5100027217858013
8ae9ef3c42eb4679a12e9e084f78e9d2de320040028b9bc34dbd13dd35c68c3c,8.81388888888889,25.683333333333334,231,10,1,0.1,0,0,0,0,0.0,0.0,0.0,20.590525632706036,0.0,0.0,0.0,0.3,4.367272727272727,6.2228426395939085,8.845,0.0723148148148148,0.08934844771241829,0.3216544117647059,0.881388888888889,2.5683333333333334,0.33954545454545454
8b039455541c18091450c0878be472a9a3f5ecc0b399f9e2a587088459f4fb29,12.54888888888889,63.983333333333334,543,13,5,0.38461538461538464,2,0,0,0,0.15937666017354346,0.0,0.0,11.767647824954416,1.8754884084396979,0.0,0.0,0.3076923076923077,4.952869371704214,7.35185632108709,13.407692307692303,0.23037749287749257,0.2370726495726495,0.8534615384615383,0.9652991452991453,4.921794871794872,0.4571032913793095
8b802d8bd5a19492018e4662c1e2bfee3cf417a9f8f5a0757984a52f8e43c594,12.05,47.38333333333333,510,8,4,0.5,0,0,0,0,0.0,0.0,0.0,15.258529722124518,0.0,0.0,0.0,0.0,14.222028477684287,21.373319262038773,36.6,0.43683449074074077,0.40972222222222227,1.475,1.50625,5.922916666666667,0.42843967212365097
8bd619106ae4ad56415b9afc250c7677edd17ea4753f91742e487e4b6e04405d,53.103888888888896,106.5,1139,7,5,0.7142857142857143,0,0,0,0,0.0,0.0,0.0,29.917683881064168,0.0,0.0,0.0,0.0,15.067573724327278,17.88849086458278,32.699999999999996,0.4239417989417987,0.376521164021164,1.3554761904761905,7.586269841269842,15.214285714285714,0.522619323804158
8be9da82c722c7d938bdd31bdfa52915828d12b45d08f50593a4504aeb00e978,5.575555555555555,21.166666666666664,181,8,4,0.5,0,0,0,0,0.0,0.0,0.0,15.804724409448818,0.0,0.0,0.0,0.0,11.154146613190731,12.324621212121212,21.48125,0.28501157407407396,0.338136574074074,1.2172916666666667,0.6969444444444444,2.645833333333333,0.4497393048128342
8c17f9e5573293f7361f46f6dd4d46feba2dccbf523b2f1b053477d4c3f1ddd7,16.880277777777778,70.86666666666666,670,9,4,0.4444444444444444,0,0,0,0,0.0,0.0,0.0,14.29186265286924,0.0,0.0,0.0,0.1111111111111111,8.000960618001292,10.433366337495011,19.22222222222222,0.23796296296296282,0.26543209876543206,0.9555555555555557,1.8755864197530865,7.874074074074073,0.4510646323876806
8cb4dc3590963eb671a86abb30f1216fcef350290dccb9a266ac711c36aa9924,11.799444444444443,28.816666666666666,287,4,2,0.5,0,0,0,0,0.0,0.0,0.0,24.56795835743204,0.0,0.0,0.0,0.0,12.840379963716993,15.198808604716453,29.75,0.375,0.509722222222222,1.8349999999999995,2.949861111111111,7.204166666666667,0.42371749647248536
9063327d8f1552bf2589e881f31601d4534e1f85b65bc6b961bc50e840d6fad8,67.32263888888889,189.9,2097,19,9,0.47368421052631576,8,0,1,0,0.1188307548847486,0.0,0.0,21.270975952255572,2.527646129541864,0.0,0.0,0.3684210526315789,12.19503724136485,17.17585248557061,29.91315789473683,0.5355263157894736,0.6413011695906427,2.3086842105263137,3.543296783625731,9.994736842105263,0.3303777386736846
9107774ab360f9ccd572ad3353511a12feee37a8f7901227c41e722176f9da35,38.20805555555555,55.43333333333334,497,4,3,0.75,0,0,0,0,0.0,0.0,0.0,41.3556825015033,0.0,0.0,0.0,0.0,30.994588527332578,43.47002313270163,73.325,0.36388888888888876,0.34907407407407337,1.2566666666666644,9.552013888888888,13.858333333333334,0.5428231072257299
916bcb49fbaa4e035208e89ecf844fc6ab5b6a6b66329baed6b9485f1a516cd8,73.61638888888888,86.86666666666666,950,5,3,0.6,0,1,0,0,0.0,0.013583931718103232,0.0,50.84785111281658,0.0,0.6907137375287798,0.0,0.6,22.683892279078915,24.57889638619857,41.1,0.25,0.26351851851851826,0.9486666666666659,14.723277777777776,17.37333333333333,0.5666653881926533
916e6ca8ec471df7ab316eb3e923c167e35384f0bb16aa754af67862b763f84f,27.615555555555552,71.93333333333334,714,4,2,0.5,0,0,0,0,0.0,0.0,0.0,23.03429101019462,0.0,0.0,0.0,0.25,10.901006661950241,19.30955260816372,40.25,0.2680555555555549,0.3333333333333333,1.2,6.903888888888888,17.983333333333334,0.3050593483472861
91b27e9d2c7bfc0877715a6df2d733d547b1edc20302445ac90caadb7627e730,3.8725,16.066666666666666,200,11,3,0.2727272727272727,0,0,0,0,0.0,0.0,0.0,14.46161825726141,0.0,0.0,0.0,0.2727272727272727,3.8912203684930957,5.633838383838384,11.177272727272724,0.13400673400673405,0.1811868686868687,0.6522727272727272,0.35204545454545455,1.4606060606060607,0.43858925677107496
94145db01e774ff02ebff98769b3c109b84683a0a3e87de25d1761bb72d51d2f,0.0,0.0,2,2,0,0.0,0,0,0,0,,,,,,,,0.0,0.0,0.0,0.0,0.0,0.0,0.0,0.0,0.0,0.0
94b36aaeeffb80b68b84521b80c61f8015a6bc5b1b5759d2d967dadf1897722a,27.781666666666666,20.866666666666667,236,5,1,0.2,0,0,0,0,0.0,0.0,0.0,79.88338658146964,0.0,0.0,0.0,1.0,16.782758620689656,17.608144796380092,29.4,0.1413888888888888,0.1631944444444442,0.587499999999999,5.556333333333333,4.173333333333334,0.3905172413793103
956d9e19bf551901d58b540107c6ec8273c96faf25e116787343ae6138cbbd23,19.4425,31.81666666666667,274,5,2,0.4,0,0,0,0,0.0,0.0,0.0,36.66474594028286,0.0,0.0,0.0,0.0,11.684040404040406,15.145454545454545,28.919999999999998,0.3583333333333333,0.33555555555555544,1.2079999999999995,3.8884999999999996,6.363333333333334,0.30114478114478116
9623e22a1b258efb40353e7e817c0abd9983cdfa8539088e45236654a64c7d13,13.820833333333331,43.71666666666667,460,7,5,0.7142857142857143,0,0,0,0,0.0,0.0,0.0,18.968738086160883,0.0,0.0,0.0,0.0,14.478991147741146,20.936029800391335,34.07857142857143,0.37103174603174593,0.3859788359788357,1.3895238095238085,1.9744047619047616,6.245238095238095,0.49819139194139195
96ffdf752eb238c84259a37b96a85265b2b067911e1189d6c98344b91e3de33b,60.497499999999995,139.0,1467,13,8,0.6153846153846154,1,1,0,0,0.01652960866151494,0.01652960866151494,0.0,26.11402877697841,0.4316546762589928,0.4316546762589928,0.0,0.0,15.663934242101048,18.84837307749027,40.01538461538462,0.5813924501424499,0.5754985754985753,2.0717948717948715,4.653653846153846,10.692307692307692,0.49962540152009294
97fbc8244028e9d9e18081c238c8290e4e9cefb9976f67b989f5db5a3a4f6fb8,49.97861111111111,82.76666666666667,874,13,5,0.38461538461538464,0,0,0,0,0.0,0.0,0.0,36.230970600080546,0.0,0.0,0.0,0.07692307692307693,13.055114493673322,15.71258919626578,27.469230769230766,0.3008547008547007,0.25840455840455834,0.93025641025641,3.8445085470085467,6.366666666666666,0.46710083516772855
98af9c27b78fc88e1b77fc1677ade929da0e3925ae4c63daf0d6362c72cd1767,26.21222222222222,45.416666666666664,420,11,4,0.36363636363636365,0,0,0,0,0.0,0.0,0.0,34.62899082568807,0.0,0.0,0.0,0.18181818181818182,13.068832007785495,15.721894360974607,27.468181818181815,0.22946127946127934,0.2623316498316497,0.9443939393939392,2.3829292929292927,4.128787878787879,0.30591966173361523
98dca32bcd1bfb24a1ad66fe0f0682b7a69d495ad57ef61665b0ae4f5b735bf3,35.18333333333333,31.266666666666666,357,1,1,1.0,0,0,0,0,0.0,0.0,0.0,67.51599147121534,0.0,0.0,0.0,0.0,66.8515406162465,66.8515406162465,96.0,0.5018518518518518,0.6111111111111108,2.2,35.18333333333333,31.266666666666666,1.0
997eec0f6932738ae2898a013029fbfbbf296ea6993f0b14000cdb6bfe7f8ea3,7.572499999999999,28.016666666666666,302,2,2,1.0,0,0,0,0,0.0,0.0,0.0,16.21713265913147,0.0,0.0,0.0,0.0,17.513503909026298,27.74047512326311,51.0,0.7777777777777778,0.8446759259259258,3.0408333333333326,3.7862499999999994,14.008333333333333,0.6357498223169865
9a1afdb14b001d89247c039281eb03deefc770f84abd38afef1fa39f75f1b262,16.655833333333334,40.916666666666664,439,5,4,0.8,0,0,0,0,0.0,0.0,0.0,24.42403258655805,0.0,0.0,0.0,0.0,16.107086216151245,18.794092691622104,40.04,0.5586111111111107,0.6119444444444445,2.2030000000000003,3.331166666666667,8.183333333333334,0.6988925917754207
9a9a4ef67fd5c325bef257f9e752b28025bf5bd0511ede5b37ad587227d5eed8,43.58166666666666,89.16666666666667,1029,7,3,0.42857142857142855,2,2,0,0,0.04589085624689281,0.04589085624689281,0.0,29.32598130841121,1.3457943925233644,1.3457943925233644,0.0,0.5714285714285714,9.858740046818477,11.839178678617804,24.557142857142857,0.2761904761904762,0.28174603174603174,1.0142857142857142,6.22595238095238,12.738095238095239,0.4481465001334284
9b2c630647d74a0450384c5faa4f141710ba0d45f6be34539c20549b9c7cf038,31.98611111111111,97.13333333333333,1060,15,8,0.5333333333333333,1,0,0,0,0.03126356925749023,0.0,0.0,19.758064516129032,0.6177076183939603,0.0,0.0,0.06666666666666667,9.715868743942032,13.224801239353344,23.95333333333333,0.41419753086419736,0.47499999999999976,1.7099999999999995,2.1324074074074075,6.475555555555555,0.4512799655790787
9b32e0a0c57477499410d08198b9716013632bcb5bbde12baa991e722ed78af2,175.75083333333333,910.6,9955,6,2,0.3333333333333333,2,4,0,0,0.0113797468954628,0.0227594937909256,0.0,11.580331649461893,0.13178124313639358,0.26356248627278717,0.0,0.11735474006116209,19.052078427799973,29.545311232391768,46.51666666666666,0.24421296296296272,0.23966049382716018,0.8627777777777764,29.291805555555555,151.76666666666668,0.23375336851564077
9b3e06d66b0fe44028e90213d7cab3b732c2f63467cc1122f7ce151d4227000d,0.0,0.35,5,1,0,0.0,0,0,0,0,,,,0.0,0.0,0.0,0.0,0.0,0.0,0.0,0.0,0.0,0.0,0.0,0.0,0.35,0.0
9bb52cb77101707aaae6fb733697ff6623a8fb7c5c0d43d05c7ab97844ee6ccf,0.0,0.0,1,1,0,0.0,0,0,0,0,,,,,,,,0.0,0.0,0.0,0.0,0.0,0.0,0.0,0.0,0.0,0.0
9bd76ae71bcef5fa9fe1901804f3f0a578201d26fa2dc438a1087c05c12b4330,39.84222222222222,114.23333333333333,1214,8,6,0.75,0,0,0,0,0.0,0.0,0.0,20.926758097461335,0.0,0.0,0.0,0.0,15.110601811012996,18.17314860277478,37.781249999999986,0.4883969907407406,0.5450810185185182,1.9622916666666657,4.980277777777777,14.279166666666667,0.6024708064181749
9d0df91af2155932f19196487e1ce09b2d5ef84fd9072e9e14ac608dd348e00e,16.71888888888889,71.65,635,7,5,0.7142857142857143,0,1,0,0,0.0,0.059812587226689695,0.0,14.000465224470807,0.0,0.8374040474528959,0.0,0.0,11.553848532419961,16.275192308204517,26.44285714285714,0.6115079365079363,0.5757275132275131,2.0726190476190474,2.3884126984126985,10.235714285714286,0.5477749141614688
9d3e95b0d8ca9bb914b9a6672d8d1cc9a36389088d11be0b3c321fdfc3d7bad7,48.781111111111116,130.08333333333334,1386,5,4,0.8,2,0,0,0,0.040999476117805154,0.0,0.0,22.49993593850096,0.9224855861627161,0.0,0.0,0.0,13.745127803970485,20.139559380835596,39.29,0.6188888888888886,0.6424999999999998,2.3129999999999997,9.756222222222224,26.01666666666667,0.5604566919264375
9dda3e9291ea4319578f0ff64d885cf51754799388ca2ea7abe3ff65d6967894,27.33875,38.8,423,6,1,0.16666666666666666,0,1,0,0,0.0,0.03657811714142015,0.0,42.2764175257732,0.0,1.5463917525773196,0.0,0.3333333333333333,9.437998405103668,9.747305140961858,18.833333333333332,0.1388888888888889,0.14907407407407394,0.5366666666666662,4.5564583333333335,6.466666666666666,0.49362041467304624
9df4bd446c6dbbc0873357da1b8ee04f7f2d10da41429d0f90eb19def0a4496f,0.0,0.0,4,4,0,0.0,0,0,0,0,,,,,,,,0.5,4.75,4.75,4.75,0.0,0.0,0.0,0.0,0.0,0.75
9e2fb3780541803018fd3ef1344d99774822508bdfac084fb36225a72f856766,21.84375,62.05,615,18,9,0.5,0,0,0,0,0.0,0.0,0.0,21.12207896857373,0.0,0.0,0.0,0.3888888888888889,10.283192845322914,14.009341527085091,24.188888888888883,0.4156893004115225,0.4186728395061726,1.5072222222222214,1.2135416666666667,3.447222222222222,0.3826170792063921
9f295d6958292a94ae4f6fc80dce8b52bef0bc804888827a8643dd631bf68819,0.002777777777777778,0.6166666666666667,6,2,1,0.5,0,0,0,0,0.0,0.0,0.0,0.2702702702702703,0.0,0.0,0.0,0.0,0.1,0.5,0.3999999999999999,0.01111111111111111,0.0,0.0,0.001388888888888889,0.30833333333333335,0.1
a06e5233a4413b7b182ceb895d404014ed0fd2dce09c9d84fbf4a8218ea27054,57.29361111111111,78.71666666666665,604,8,2,0.25,0,1,0,0,0.0,0.017453953077956143,0.0,43.67076011009952,0.0,0.7622273978403559,0.0,0.25,10.877056684547142,11.54574898785425,20.556249999999995,0.24305555555555558,0.25086279461279426,0.9031060606060594,7.161701388888889,9.839583333333332,0.2321732514957706
a07a6eb8ad7cca76d17fe1b3d5b8283b7bb9b87f398c86d05c33db9c3161d650,5.543055555555556,25.599999999999998,296,6,3,0.5,0,0,0,0,0.0,0.0,0.0,12.991536458333336,0.0,0.0,0.0,0.0,7.817841880341881,9.638762626262627,17.45,0.36844135802469125,0.4046296296296294,1.4566666666666663,0.9238425925925927,4.266666666666667,0.40604967948717946
a0e9f509242defeaf7c56e758e44ea238a35b006fc6b56bb33a64482c71f881f,14.022222222222222,572.6166666666667,6209,4,2,0.5,0,0,0,0,0.0,0.0,0.0,1.469278458538289,0.0,0.0,0.0,0.0,5.301106770833333,8.715116279069768,16.574999999999992,0.20277777777777772,0.2388888888888889,0.86,3.5055555555555555,143.15416666666667,0.2790798611111111
a111a8406fc2c7cbd29afd7c40e0bd5e44b742b3481b6ee5e6bb4d8aae85dc57,0.0,0.0,8,8,0,0.0,0,0,0,0,,,,,,,,0.5,3.125,3.125,3.125,0.0,0.0,0.0,0.0,0.0,0.25
a166ed005dc8c3fd40260f4a539ee766d5adade00648de0cb166a64b7d3e1210,16.393611111111106,34.75,336,12,2,0.16666666666666666,1,0,0,0,0.0609993730619991,0.0,0.0,28.305515587529964,1.7266187050359711,0.0,0.0,0.3333333333333333,5.429088050314466,6.1352060230484895,10.758333333333333,0.13375771604938266,0.17166280864197525,0.617986111111111,1.366134259259259,2.8958333333333335,0.47997903563941297
a180bda949b164a951d696ec36875187a6ba0bfbf91f776113f614b69fda1624,0.0,0.0,9,9,0,0.0,0,0,0,0,,,,,,,,0.2222222222222222,0.4444444444444444,0.4444444444444444,0.4444444444444444,0.0,0.0,0.0,0.0,0.0,0.4444444444444444
a1860ae732232b128fce33ba288d2ae6b854f37174c633c719bef38111c7b4bf,14.458611111111109,82.53333333333333,825,6,6,1.0,0,0,0,0,0.0,0.0,0.0,10.511106623586429,0.0,0.0,0.0,0.0,14.98228807739833,17.310505330697804,36.44999999999998,0.6469907407407403,0.4777777777777776,1.7199999999999995,2.409768518518518,13.755555555555555,0.7856683483728194
a1bb9075a2962a876fd5b59ed43d28c2e24c66c93a5212af1bc901608d727f40,26.66166666666667,23.533333333333335,269,3,1,0.3333333333333333,0,0,0,0,0.0,0.0,0.0,67.97592067988668,0.0,0.0,0.0,1.0,22.938826466916353,23.5474358974359,36.0,0.16666666666666666,0.19598765432098744,0.7055555555555548,8.887222222222222,7.844444444444445,0.6579275905118602
a2c939cb35a546e7c62ebfa0b3cca548c24fda34003a57bce7e893756ca07623,73.00222222222222,172.88333333333333,1850,9,6,0.6666666666666666,0,0,0,0,0.0,0.0,0.0,25.335775571194446,0.0,0.0,0.0,0.0,15.03291601403445,18.861918330275508,38.98888888888889,0.4440329218106995,0.4832304526748967,1.7396296296296283,8.111358024691357,19.20925925925926,0.4788885116582597
a30e58ee84127d7ec3c91c70cf0ef12ba32fa8d121010050ef9cdfda049ae6c8,271.3593055555555,355.6166666666667,3856,10,10,1.0,1,1,0,0,0.0036851509401997253,0.0036851509401997253,0.0,45.78401368514786,0.16872100107793972,0.16872100107793972,0.0,0.0,26.96134389951319,30.96310245753587,50.299999999999976,0.5222685185185185,0.5291865079365076,1.9050714285714274,27.135930555555554,35.56166666666667,0.8315996849623618
a3503305080d189eba682885d208ceabe923e9d2819d7e2e99563f90de2d52e9,9.816666666666666,29.1,332,6,2,0.3333333333333333,0,0,0,0,0.0,0.0,0.0,20.240549828178693,0.0,0.0,0.0,0.0,7.362811535275958,8.762908947575877,19.116666666666656,0.2476851851851851,0.24120370370370361,0.8683333333333331,1.636111111111111,4.8500000000000005,0.4441533017092087
a44daa96490181c404789161a1c836034c79ab8ccd966e7b1fa4a3408ee990fb,54.20583333333333,61.86666666666666,689,5,1,0.2,2,0,0,0,0.03689639798914631,0.0,0.0,52.5703125,1.9396551724137931,0.0,0.0,0.4,11.022840409956077,13.47455516014235,28.54999999999999,0.20370370370370366,0.24112881263616565,0.868063725490196,10.841166666666666,12.373333333333331,0.2645680819912152
a45a3e03c08ac09a81963c2932eca523e8e6bdde6cabe9e3f04da6e9dfd70737,14.709166666666667,26.6,289,1,1,1.0,1,0,0,0,0.06798481672426492,0.0,0.0,33.17857142857142,2.255639097744361,0.0,0.0,0.0,32.1522491349481,33.666666666666664,66.0,0.96111111111111,1.2666666666666657,4.559999999999996,14.709166666666667,26.6,0.9550173010380623
a6d84c2c4339064cb499fa7884ba0066c5a62bd445b38a666d267ad39a6b20aa,0.0,0.0,1,1,0,0.0,0,0,0,0,,,,,,,,1.0,0.0,0.0,0.0,0.0,0.0,0.0,0.0,0.0,0.0
a7090135c33249092d927745352edc0f22a2d4c114fe196d197383dd3e121665,44.10805555555555,84.43333333333334,840,9,6,0.6666666666666666,1,0,0,0,0.02267159563949644,0.0,0.0,31.344058428740617,0.7106198183971575,0.0,0.0,0.0,18.86812749118598,21.541671336628863,45.08888888888888,0.576594650205761,0.6283436213991767,2.2620370370370364,4.900895061728395,9.381481481481481,0.5633865023401082
a7a0d49a30aafe2ddf8fb01ae0cb42b785d829a40603e6560b254c23a9c5bfef,0.0,0.0,2,2,0,0.0,0,0,0,0,,,,,,,,0.5,0.5,0.5,0.5,0.0,0.0,0.0,0.0,0.0,0.5
a80b072104e5bfa0acbeffced4998b6fa6e736891ad88e8c05bfde71353dcf97,4.902777777777778,16.0,189,8,3,0.375,0,0,0,0,0.0,0.0,0.0,18.385416666666668,0.0,0.0,0.0,0.25,6.95792330521712,8.332453554419246,13.125,0.18802083333333322,0.25405092592592576,0.9145833333333329,0.6128472222222222,2.0,0.4340691524969875
a80d5a7de219b3c64c71888b54936d468989a6a0972f8a062b59c99df8c344a2,251.12194444444444,222.23333333333332,2268,10,5,0.5,1,0,0,0,0.003982129089563614,0.0,0.0,67.79953502324884,0.26998650067496627,0.0,0.0,0.2,19.319972011855313,21.36747992680595,32.75,0.23881944444444442,0.2431481481481481,0.8753333333333334,25.112194444444444,22.223333333333333,0.569779820699504
a82685b87430299e6d5c6aab0a5a895a45230e2fc51e1aed9212e79486d10e7f,8.594722222222222,50.43333333333334,547,6,3,0.5,0,0,0,0,0.0,0.0,0.0,10.225049570389952,0.0,0.0,0.0,0.0,5.429291333052395,9.411281066211345,18.299999999999997,0.39336419753086393,0.38024691358024687,1.3688888888888888,1.4324537037037037,8.405555555555557,0.2939323172730252
a8c709b95275e459120657c496df5ca42e7c95db9ac2c83c2d6ddf0df98e9586,23.7025,63.53333333333333,734,11,6,0.5454545454545454,1,2,0,0,0.0421896424427803,0.0843792848855606,0.0,22.384312696747116,0.9443861490031481,1.8887722980062962,0.0,0.18181818181818182,11.233548565045027,12.712562570140118,20.37272727272727,0.39204545454545436,0.36372053872053856,1.3093939393939389,2.1547727272727273,5.775757575757575,0.5704796268370586
a924858e4cd6991bd4a6c382619721fcbbd0ee9a48b640dc7dd34022a21929b1,48.26375,40.56666666666667,449,1,1,1.0,0,0,0,0,0.0,0.0,0.0,71.38434675431388,0.0,0.0,0.0,1.0,72.70489977728285,75.04482758620689,107.0,0.4166666666666667,0.4944444444444438,1.7799999999999983,48.26375,40.56666666666667,0.9688195991091314
a9e4557f3a2048e7d0114013dfd7d6f982de82877ee9c238f10c3f3ce2f45d7d,12.569722222222222,26.71666666666667,279,3,3,1.0,0,0,0,0,0.0,0.0,0.0,28.228945726762316,0.0,0.0,0.0,0.0,28.516876456876457,32.25843283004259,55.73333333333333,0.7470679012345677,0.9314814814814811,3.353333333333332,4.189907407407407,8.905555555555557,0.8766070966070966
aa1b2e7c62c3bc6213c5190a08fda773f6c7b5098c2518c61ce1369c738a02b6,0.0,0.0,10,10,0,0.0,0,0,0,0,,,,,,,,0.3,2.4,2.4,2.4,0.0,0.0,0.0,0.0,0.0,0.6
ab865e8b13c8eb20ddf3e1b2d9f31a7ac7f726691bdaefcd6406086706d73b00,0.46722222222222215,8.766666666666666,81,13,1,0.07692307692307693,0,0,0,0,0.0,0.0,0.0,3.1977186311787067,0.0,0.0,0.0,0.3076923076923077,0.5539609644087256,0.965034965034965,1.7192307692307685,0.035185185185185174,0.03155735166604731,0.11360646599777031,0.035940170940170935,0.6743589743589743,0.23019517795637198
ac1a09d81b324e28ab0022ec56b01f3082970d38f35c5ac78a4f115f23afee7d,14.614166666666666,90.06666666666666,946,7,5,0.7142857142857143,0,0,0,0,0.0,0.0,0.0,9.735566247224279,0.0,0.0,0.0,0.14285714285714285,7.0399026148814325,10.150009383710955,17.72857142857143,0.4048941798941798,0.3981481481481481,1.4333333333333333,2.087738095238095,12.866666666666665,0.4834242310391203
ac78e0ab976762760834db3ac0266d62fe5476285ce558c9d3899be9ba019d53,10.295555555555556,59.65,655,17,5,0.29411764705882354,0,1,0,0,0.0,0.09712928987696956,0.0,10.355965353450685,0.0,1.0058675607711651,0.0,0.23529411764705882,3.4547580071373054,4.834022938542128,8.761764705882353,0.2269744008714596,0.21198257080610008,0.7631372549019604,0.6056209150326798,3.5088235294117647,0.210254515920194
acc3a7294c60657074a83f843596a28ef08c81271a06d85e7e5fc106d83a2e38,24.5325,41.666666666666664,422,10,5,0.5,0,0,0,0,0.0,0.0,0.0,35.3268,0.0,0.0,0.0,0.0,15.321763088332855,17.79235613394294,29.8,0.34055555555555544,0.3216666666666665,1.1579999999999993,2.4532499999999997,4.166666666666666,0.42061294648503955
accd783f609903832789b99c0eb11548bd4ed2cc6e3e725b2852c0fb1a8b7a11,6.49861111111111,39.900000000000006,230,7,3,0.42857142857142855,0,0,0,0,0.0,0.0,0.0,9.772347535505427,0.0,0.0,0.0,0.0,6.667717996289425,9.052142037336331,16.028571428571432,0.29444444444444434,0.31137566137566125,1.1209523809523805,0.9283730158730157,5.700000000000001,0.29659960575139144
acd559039e25a2eaff64f757ec1d6c80ae6248ffb88c49b33956b96b35639819,21.57361111111111,102.35,1147,7,4,0.5714285714285714,0,0,0,0,0.0,0.0,0.0,12.646963035336263,0.0,0.0,0.0,0.42857142857142855,8.759882703761798,11.325287746470012,26.014285714285712,0.432407407407407,0.4008928571428571,1.4432142857142858,3.0819444444444444,14.62142857142857,0.4638505463663766
ad189ad113b5c7618ea95294ecdb0f534a5ff9c99920b7b3f5d124be2d0517ea,3.1566666666666663,21.71666666666667,220,4,3,0.75,0,0,0,0,0.0,0.0,0.0,8.721412125863392,0.0,0.0,0.0,0.0,10.110046524280442,13.341997446323202,24.35,0.25590277777777776,0.4282407407407407,1.5416666666666665,0.7891666666666666,5.429166666666667,0.6523802061838608
ad88bc8b5f552c16bcedeef1a464312390b85893daa2dbcd374bfc6245cba4e1,8.588333333333335,30.46666666666667,263,2,1,0.5,0,0,0,0,0.0,0.0,0.0,16.91356673960613,0.0,0.0,0.0,0.0,7.351532567049809,9.454106280193237,20.475,0.34722222222222215,0.36209577114427854,1.303544776119403,4.294166666666667,15.233333333333334,0.646551724137931
ae23f2e5dec17d25e2bfac8307d68c2ecaf0c3de164b38cdac373f3989a4bea5,16.604027777777777,53.18333333333334,538,6,3,0.5,0,1,0,0,0.0,0.060226350701386044,0.0,18.732215606392977,0.0,1.1281729865246002,0.0,0.0,6.636336140147115,9.64975014697237,18.7,0.26574074074074067,0.3009259259259259,1.0833333333333333,2.7673379629629626,8.863888888888889,0.4961599883855981
aeb902a90dfe8a4834e5b1e4d88cf9a04c8f2144e5e3ea6a8fc0f29f7097d8f8,0.0,0.0,1,1,0,0.0,0,0,0,0,,,,,,,,0.0,0.0,0.0,0.0,0.0,0.0,0.0,0.0,0.0,0.0
af07463ebca259bf512e3f6a000cba69b1741b0265b72690e69dc102a4d40247,44.01027777777777,117.05,1242,5,3,0.6,0,0,0,0,0.0,0.0,0.0,22.559732308130428,0.0,0.0,0.0,0.2,11.527449364468065,15.99249177090191,33.419999999999995,0.3285185185185181,0.35222222222222194,1.2679999999999991,8.802055555555555,23.41,0.39402034685315745
af2d947b29d40dfb21c728f40a21db9991c5c054078b890e7f5c2d9312e1e66c,134.32083333333333,179.31666666666666,1865,8,5,0.625,2,0,0,0,0.01488972298911189,0.0,0.0,44.944232735384325,0.6692071753880472,0.0,0.0,0.0,23.091445092133956,26.724050293847203,54.5875,0.45254629629629606,0.5269675925925924,1.8970833333333328,16.790104166666666,22.414583333333333,0.4983750237927466
afd77e887f91cf373f4faf096ce58647a568c19a6d07d009caeb488f2c3f1dba,10.3025,46.9,542,12,4,0.3333333333333333,0,1,0,0,0.0,0.0970638194612958,0.0,13.180170575692966,0.0,1.279317697228145,0.0,0.3333333333333333,5.006775920838421,7.90293114024998,12.833333333333334,0.291126543209876,0.295100308641975,1.06236111111111,0.8585416666666666,3.908333333333333,0.29667467948717946
b00cb3a7e00984e79f09b734cd461381e60426354842e4393dd4f5b6a76ce91d,2.160555555555556,5.783333333333333,68,5,1,0.2,0,0,0,0,0.0,0.0,0.0,22.4149855907781,0.0,0.0,0.0,0.0,4.5625,5.674509803921568,8.6,0.09990740740740732,0.10157407407407407,0.36566666666666664,0.43211111111111117,1.1566666666666667,0.359375
b19efa60ff4f9e66c9ddbc2b56d247a19cf85fba1f55236e886cc42cc5e0583d,38.41111111111111,92.36666666666667,837,8,6,0.75,0,0,0,0,0.0,0.0,0.0,24.951281125947308,0.0,0.0,0.0,0.0,16.721584231740483,19.819596570419442,40.675,0.5436921296296295,0.5009837962962963,1.8035416666666666,4.801388888888889,11.545833333333334,0.6115024732212232
b2277476adeba08699d94b6782185a914478754c4c99812fb43ce3646a483755,26.96805555555555,31.48333333333333,354,8,1,0.125,2,0,0,0,0.07416181696451564,0.0,0.0,51.39491794600317,3.8115404976177873,0.0,0.0,0.375,6.99385838150289,7.548018292682927,11.10625,0.10069444444444443,0.12419745807127881,0.44711084905660375,3.371006944444444,3.9354166666666663,0.30599710982658956
b22f7ccce0a18fc0607c4ead4b3750c1ba09153390d4f5d8b7cdb54ecad4408e,31.077916666666663,62.11666666666667,719,8,1,0.125,0,0,0,0,0.0,0.0,0.0,30.018916018245235,0.0,0.0,0.0,0.0,3.8277738764044944,4.397893030794165,9.5,0.09027777777777776,0.10416666666666666,0.375,3.884739583333333,7.764583333333333,0.23332162921348315
b2442bc063aed9265ab2cd5e07fb9f792d41a7ad88432e0fb438f44989121d2b,34.69777777777777,62.1,683,7,4,0.5714285714285714,1,1,0,0,0.028820289483796595,0.028820289483796595,0.0,33.524422973698336,0.9661835748792271,0.9661835748792271,0.0,0.0,22.43456817462748,26.678097959215354,53.07142857142857,0.46481481481481446,0.46011904761904765,1.6564285714285718,4.956825396825396,8.871428571428572,0.48267054215660277
b2f3c4913e613371568110a50df10fb40c006e508332d340550f7caf71c0b7ea,0.0,0.0,8,8,0,0.0,0,0,0,0,,,,,,,,0.25,3.75,3.75,3.75,0.0,0.0,0.0,0.0,0.0,0.375
b381029efc2286b8358816c993f77d6767c25b53f8287d6980e927072a2f305c,2.295,11.683333333333334,130,8,2,0.25,0,0,0,0,0.0,0.0,0.0,11.78601997146933,0.0,0.0,0.0,0.125,2.355163043478261,3.3201219512195124,5.8625,0.13854166666666665,0.140162037037037,0.5045833333333333,0.286875,1.4604166666666667,0.2766304347826087
b49090bebbbbc7c1c5f79c612b9b34a8e97069fc63d98e55e4bc65a54a7da40b,0.0,0.0,1,1,0,0.0,0,0,0,0,,,,,,,,0.0,3.0,3.0,3.0,0.0,0.0,0.0,0.0,0.0,1.0
b4dac4943f0e8534fdb371bf7444eb592ee5e6945298c3f03d6fc1d43a979659,0.0,0.0,6,6,0,0.0,0,0,0,0,,,,,,,,0.16666666666666666,0.3333333333333333,0.3333333333333333,0.3333333333333333,0.0,0.0,0.0,0.0,0.0,0.3333333333333333
b602280a52bea0236426606783959edf677babdc39be81e5cdef0e82f0546ccf,8.85361111111111,33.91666666666667,306,13,4,0.3076923076923077,0,0,0,0,0.0,0.0,0.0,15.662407862407859,0.0,0.0,0.0,0.15384615384615385,6.930055607474963,7.703861310650181,15.684615384615382,0.17247150997150998,0.20473646723646707,0.7370512820512816,0.6810470085470085,2.6089743589743595,0.4263442650539425
b6932a6b9b55c5cb4d7b8d148a832e355f3f8d263e580c0e6c1ff648b5b1b207,33.67722222222222,34.483333333333334,367,2,1,0.5,0,0,0,0,0.0,0.0,0.0,58.59739004349927,0.0,0.0,0.0,1.0,31.385616438356163,35.68421052631579,57.475,0.22962962962962968,0.3018751665334399,1.0867505995203837,16.83861111111111,17.241666666666667,0.6924657534246575
b6d6851f48c90ca7c6d5789f405e4b63e2f1bff15524300b347468363f398456,7.555277777777778,38.11666666666667,421,11,3,0.2727272727272727,0,0,0,0,0.0,0.0,0.0,11.892872759073022,0.0,0.0,0.0,0.18181818181818182,3.302585116287999,5.440260522138908,8.736363636363636,0.19486531986531982,0.20845959595959596,0.7504545454545455,0.6868434343434344,3.4651515151515153,0.2479841813766426
b8cb025f87bf3bb0810c1db99819293f6aeeb03791a2e0487ea7b61328478655,30.791944444444443,104.08333333333333,1004,16,7,0.4375,0,0,0,0,0.0,0.0,0.0,17.750360288230585,0.0,0.0,0.0,0.1875,9.368738390484607,13.74078353639211,25.040625,0.3746961805555554,0.43766291767310767,1.5755865036231875,1.9244965277777777,6.505208333333333,0.36930947757224075
b8e2184587668b4774a8bc3799eba129df7e4b6163e93f6769fa5661d6dcfd2a,14.044722222222221,27.416666666666664,328,3,3,1.0,1,0,0,0,0.07120112339550247,0.0,0.0,30.736170212765956,2.188449848024316,0.0,0.0,0.0,34.45791245791246,40.867732712061844,67.58333333333333,1.2179012345679008,1.2881172839506159,4.637222222222218,4.681574074074073,9.138888888888888,0.8319023569023569
b8f0ecca2789bfbe78187c229946b48ebf43ab82debfa70f0d10e44750ea377d,12.239999999999998,51.75,540,3,2,0.6666666666666666,0,0,0,0,0.0,0.0,0.0,14.191304347826085,0.0,0.0,0.0,0.0,9.709141414141413,12.435365853658537,26.333333333333332,0.49328703703703686,0.47500000000000003,1.7100000000000002,4.079999999999999,17.25,0.5206565656565657
b93d5617f5aff8aaabe485cf6266350f666c13243ca44bf60d6c6b8c96e1a43e,0.0,1.2333333333333334,6,5,0,0.0,0,0,0,0,,,,0.0,0.0,0.0,0.0,0.0,0.2,0.2,0.2,0.0,0.0,0.0,0.0,0.24666666666666667,0.2
b9620502562dcd46e7f4590366d4e8cb2b251148bc6a80760f3e2028ae6cac00,5.808333333333334,22.799999999999997,207,10,2,0.2,0,0,0,0,0.0,0.0,0.0,15.285087719298248,0.0,0.0,0.0,0.5,2.2904360620652753,3.9599837662337665,7.5,0.0848653198653199,0.08333333333333334,0.3,0.5808333333333333,2.28,0.31610486891385764
b988325c7657ef6bb03759fa1b9892c55d482169febe56cf9e3952c991c8aeb2,40.578333333333326,60.13333333333333,706,9,1,0.1111111111111111,0,0,0,0,0.0,0.0,0.0,40.48835920177383,0.0,0.0,0.0,0.0,4.659184972938554,5.543528064146621,10.88888888888889,0.06687242798353908,0.0802469135802469,0.2888888888888889,4.508703703703703,6.681481481481481,0.314867876472461
b9e47e0f837bb40995ac7d9f802e6042e671985c6cf134fcab93398b4e6cadf8,17.72222222222222,52.95,563,13,2,0.15384615384615385,0,0,0,0,0.0,0.0,0.0,20.081838212149826,0.0,0.0,0.0,0.3076923076923077,3.9919576645017454,5.436684514153994,10.030769230769229,0.1447293447293447,0.12891737891737887,0.46410256410256395,1.3632478632478633,4.073076923076924,0.18771027461203785
ba30099f143636a990d389975f93778eb31db6458355b424eb11914962edc5a7,11.851527777777775,40.28333333333333,444,12,2,0.16666666666666666,1,0,0,0,0.08437730719199354,0.0,0.0,17.652254861398426,1.4894497310715764,0.0,0.0,0.25,4.626109076109077,6.254690686944296,9.745833333333334,0.15046296296296263,0.1650524916644138,0.5941889699918896,0.9876273148148146,3.3569444444444443,0.4057895807895808
baf3e2773aa22889aa0d6c7f8f208abb32e0fe7289b05256727744689f630029,114.62777777777777,884.8666666666667,677,16,3,0.1875,0,0,0,0,0.0,0.0,0.0,7.772545769607473,0.0,0.0,0.0,0.0823293172690763,5.65918475707093,9.941488277418669,18.499999999999996,0.07523148148148144,0.08437499999999991,0.3037499999999998,7.16423611111111,55.30416666666667,0.09994959334330213
bb7e73ac56afe444649479a8f052061cfa3aa95670e355cf9625bc924ebf92e9,16.750833333333333,74.16666666666666,647,11,4,0.36363636363636365,0,0,0,0,0.0,0.0,0.0,13.551235955056182,0.0,0.0,0.0,0.0,5.777331016281582,7.749830087450763,14.136363636363637,0.26374859708193044,0.2668350168350168,0.9606060606060606,1.5228030303030302,6.742424242424241,0.27379033885632126
bba470e3d0fc955e6ab18a79789bd38ebb737447d44b8a5714b490b47137a04e,48.939722222222215,61.53333333333333,704,14,5,0.35714285714285715,1,0,0,0,0.020433299467031443,0.0,0.0,47.72020585048753,0.9750812567713976,0.0,0.0,0.21428571428571427,9.000000074648105,10.462809143600122,18.564285714285713,0.16845238095238085,0.2704034391534391,0.973452380952381,3.4956944444444438,4.395238095238095,0.4673104648274631
bbe40fa78f173f90a23173eb481442e8665fab28a63414cb6a8d1734f7269e1e,15.405555555555555,45.33333333333333,488,6,4,0.6666666666666666,0,0,0,0,0.0,0.0,0.0,20.389705882352946,0.0,0.0,0.0,0.0,14.511821335456645,21.137827763536592,40.699999999999996,0.41203703703703676,0.41257716049382637,1.4852777777777753,2.5675925925925926,7.5555555555555545,0.4601383473928267
bcaa709657a75e084277edc1e03f58a0a0834fda2fb6d5b77fc54bb9671c747f,0.0,0.0,9,9,0,0.0,0,0,0,0,,,,,,,,0.3333333333333333,0.3333333333333333,0.3333333333333333,0.3333333333333333,0.0,0.0,0.0,0.0,0.0,0.3333333333333333
be68c64edab81a1e33095705804e5f486a5440943f068293f712d5ae24072e54,58.69680555555556,145.61666666666667,1585,10,6,0.6,1,0,0,0,0.017036702262332087,0.0,0.0,24.18547556369463,0.4120407462515737,0.0,0.0,0.1,10.468818952278472,15.153735540914587,27.40499999999999,0.318518518518518,0.3029629629629629,1.0906666666666665,5.869680555555556,14.561666666666667,0.3592170260791419
beb9ce16ae800b1168bf15398217beb72b69d209883f591cb369b9979ca4e116,6.803333333333333,23.766666666666666,234,12,1,0.08333333333333333,0,1,0,0,0.0,0.14698677119059286,0.0,17.17531556802244,0.0,2.524544179523142,0.0,0.4166666666666667,1.8090277777777777,1.994818652849741,5.0,0.06269290123456789,0.06018518518518518,0.21666666666666667,0.5669444444444444,1.9805555555555554,0.15779320987654322
bf07edb19df49d6f6aabe1fbb82bac1548ad93cc46b4361c0900c45332660fc4,0.0,0.0,5,5,0,0.0,0,0,0,0,,,,,,,,0.2,0.2,0.2,0.2,0.0,0.0,0.0,0.0,0.0,0.2
bf3672419e8d755c7c3bdac424eb90d49d888d15b00693267452e3723897ed9b,44.74527777777777,75.31666666666666,745,12,5,0.4166666666666667,0,0,0,0,0.0,0.0,0.0,35.64571807922106,0.0,0.0,0.0,0.16666666666666666,15.993323984732234,18.222530637461407,30.825,0.244753086419753,0.29776234567901216,1.071944444444444,3.728773148148148,6.276388888888889,0.5192576069733997
bf430dd293a21194beb80bf250c222fb56030cf0735abb2e08e0c007ed42bbcd,34.547222222222224,42.75,464,6,1,0.16666666666666666,0,0,0,0,0.0,0.0,0.0,48.487329434697855,0.0,0.0,0.0,0.3333333333333333,8.450254175744371,10.20701754385965,20.0,0.08333333333333333,0.09259259259259256,0.3333333333333333,5.75787037037037,7.125,0.13798111837327523
bfe9f315b295a075c64b479d41b6497e4746ce385524d51f79c59e5ee037b483,24.327777777777776,22.56666666666667,233,5,1,0.2,0,0,0,0,0.0,0.0,0.0,64.68242245199407,0.0,0.0,0.0,1.0,14.841228070175438,15.262780269058297,21.59,0.07777777777777777,0.08177412814274118,0.29438686131386815,4.865555555555555,4.513333333333334,0.6956140350877194
c070ed411523ba639775d053cdfbb7a004cbaf8e06384e6aef98066ec57d7315,25.88819444444444,40.96666666666667,413,6,3,0.5,0,0,0,0,0.0,0.0,0.0,37.91598860862489,0.0,0.0,0.0,0.0,21.465498099824725,23.934066876888107,43.81666666666666,0.4967592592592591,0.6064814814814814,2.183333333333333,4.314699074074073,6.827777777777778,0.4461628608558433
c072fff15d5187c4b972edd5a9cda50193f72d71b268402caf5c3ccc389f782a,0.0,0.0,4,4,0,0.0,0,0,0,0,,,,,,,,0.0,1.0,1.0,1.0,0.0,0.0,0.0,0.0,0.0,0.5
c1d958a03e5d71b1d1e51294234db0ff0773a3d31dfd9ff354e33a7c97f6bfd8,16.327638888888888,59.3,553,5,3,0.6,0,1,0,0,0.0,0.061245842513121075,0.0,16.520376616076447,0.0,1.0118043844856661,0.0,0.0,8.29344532279315,11.049621545855027,20.78,0.3087962962962963,0.3211111111111111,1.156,3.265527777777778,11.86,0.42977602108036894
c276ddd70f1cfcac7b4b5de52cbd717a81001ce38ff11162447f779405d39918,0.0,0.0,3,3,0,0.0,0,0,0,0,,,,,,,,0.3333333333333333,5.666666666666667,5.666666666666667,5.666666666666667,0.0,0.0,0.0,0.0,0.0,0.6666666666666666
c33a2e9325841d405dd4cb1dce7ede6e047afd979a94e32f9773c8eed475d5fb,100.26013888888889,164.6,1645,19,11,0.5789473684210527,4,0,0,0,0.03989621443107028,0.0,0.0,36.54683070068854,1.4580801944106927,0.0,0.0,0.10526315789473684,21.49327623150347,24.526616090934652,47.96315789473684,0.42993421052631564,0.5504142300194929,1.9814912280701744,5.276849415204678,8.663157894736841,0.4888456264301486
c3def237481e43d6065ea4dee75f7a668155322238741dce9b0c5bb1ca068bca,32.519999999999996,1104.0166666666667,12367,2,0,0.0,0,1,0,0,0.0,0.030750307503075034,0.0,1.7673646231186122,0.0,0.05434700563095364,0.0,0.22580282955311026,1.9856020208628005,27.96479400749064,12.0,0.0,0.0,0.0,16.259999999999998,552.0083333333333,0.07482424381317913
c4312fa9053f0a9329b0365a6ea8e0c46dddaa83237963c04a69689396846e4c,19.568194444444444,52.66666666666667,493,12,4,0.3333333333333333,1,1,0,0,0.0511033352023905,0.0511033352023905,0.0,22.29287974683544,1.1392405063291138,1.1392405063291138,0.0,0.25,8.973109888003505,9.688628081760065,19.591666666666665,0.2030478395061727,0.2741109006734006,0.9867992424242423,1.6306828703703704,4.388888888888889,0.4349299907810546
c47e2f6534603c4ec4c87c6d48fde59e6cd7fdbf4c3fd3ec0ce6e69ac499e00a,43.75347222222222,57.36666666666667,528,6,4,0.6666666666666666,0,0,0,0,0.0,0.0,0.0,45.761911679256244,0.0,0.0,0.0,0.0,31.401538283157247,34.50414278955129,61.54999999999999,0.5551697530864194,0.6648148148148145,2.393333333333332,7.29224537037037,9.561111111111112,0.6154354540311606
c4e96c190ba666614669bb517e40337ba7914fae582ac0d366fb2b85d19d8a5b,5.665,19.033333333333335,179,11,1,0.09090909090909091,1,0,0,0,0.176522506619594,0.0,0.0,17.858143607705777,3.1523642732049035,0.0,0.0,0.36363636363636365,1.9832251082251082,2.298611111111111,4.027272727272728,0.08080808080808081,0.08526936026936027,0.306969696969697,0.515,1.7303030303030305,0.16883116883116883
c4f0042b061d242f5eec04b9a96415ca172d161107ad9d18ca5384889e5c58e0,1.792725168350168,8.766666666666666,233,12,2,0.16666666666666666,0,0,0,0,0.0,0.0,0.0,12.269601912662747,0.0,0.0,0.0,0.08333333333333333,1.4728535353535352,1.9563383838383839,3.2708333333333335,0.0516975308641974,0.07995756172839504,0.2878472222222222,0.14939376402918067,0.7305555555555555,0.19220430107526884
c55d955c1c866d5894caef8cc9351029e2e181e4c69edb7db6e3331140cc574b,71.68182870370369,53.28333333333333,1020,1,1,1.0,0,0,0,0,0.0,0.0,0.0,80.71773016369512,0.0,0.0,0.0,0.0,64.66925381263617,76.79003363083689,150.0,1.1111111111111107,0.9722222222222223,3.5,71.68182870370369,53.28333333333333,0.842156862745098
c66b8efee4ce8451e9c62c1aa3dc545450da2327dc0f8d489bc75989e0e681db,10.768055555555554,41.93333333333334,357,7,2,0.2857142857142857,0,0,0,0,0.0,0.0,0.0,15.407392686804446,0.0,0.0,0.0,0.5714285714285714,4.478966436874151,5.991394148020654,12.62857142857143,0.1998677248677246,0.2333333333333333,0.8399999999999999,1.5382936507936507,5.990476190476191,0.49305590499672924
c77a676aa493633205a9ce0bc123806b3df9061246f0886c96ec9ba84c63db97,38.08555555555555,93.08333333333333,990,6,2,0.3333333333333333,0,0,0,0,0.0,0.0,0.0,24.54932855863921,0.0,0.0,0.0,0.0,7.99928889218042,11.077612399016509,20.666666666666668,0.19675925925925908,0.23572530864197502,0.8486111111111102,6.347592592592592,15.513888888888888,0.39716160319497934
c826c7dd2e1be153ef29b8178730450546307aced870d8a93ba74761bc7df565,0.0,0.0,12,12,0,0.0,0,0,0,0,,,,,,,,0.4166666666666667,0.5833333333333334,0.5833333333333334,0.5833333333333334,0.0,0.0,0.0,0.0,0.0,0.4166666666666667
c8cbba00b81a1a2d0668d26411f0401cc884d6afa6fb57ea0b360a3abeb76238,24.561944444444446,61.483333333333334,669,6,1,0.16666666666666666,0,0,0,0,0.0,0.0,0.0,23.969368392518298,0.0,0.0,0.0,0.0,4.0517068273092365,4.410382513661202,11.0,0.08333333333333333,0.09259259259259282,0.3333333333333333,4.093657407407408,10.247222222222222,0.15311244979919678
c8ddd906d2d216cbc0cadffd01986cf1509e786f1836ea7878cbef538b48bbb3,15.99611111111111,102.98333333333333,1008,11,5,0.45454545454545453,0,0,0,0,0.0,0.0,0.0,9.319631008253761,0.0,0.0,0.0,0.0,3.9406097202486605,6.449244712765125,12.454545454545455,0.2013888888888888,0.1921296296296296,0.6916666666666667,1.454191919191919,9.362121212121211,0.24552835263864098
c99b2dd8b159b15c4959f2e0fbeb44e1f1807fa22067a04358925d66eb066eed,0.0,0.0,5,5,0,0.0,0,0,0,0,,,,,,,,0.4,0.6,0.6,0.6,0.0,0.0,0.0,0.0,0.0,0.6
ca4e69b15ba8c5af1d27b954f021529a60b83a4258552e4d4bc890db86774241,39.35611111111111,108.38333333333334,1162,12,9,0.75,0,0,0,0,0.0,0.0,0.0,21.7871751499308,0.0,0.0,0.0,0.0,14.475091215138027,20.783863080894854,43.43333333333333,0.585281635802469,0.5748070987654319,2.069305555555555,3.279675925925926,9.031944444444445,0.4862481035385504
caabcd787ad27c41234c1dabc4e351efdff4aaa260a49752776b534c5ffd2774,7.591388888888889,9.75,130,11,2,0.18181818181818182,0,0,0,0,0.0,0.0,0.0,46.71623931623932,0.0,0.0,0.0,0.09090909090909091,9.139462809917354,9.517627327491786,15.059090909090907,0.19360269360269353,0.22558922558922545,0.8121212121212118,0.6901262626262626,0.8863636363636364,0.537534435261708
cac608877ffc3494a83d177ebe3178bd95949533fb51a77d4526fd6f0ae62c09,40.072916666666664,132.66666666666666,1446,7,4,0.5714285714285714,2,1,0,0,0.04990902001559657,0.024954510007798286,0.0,18.123429648241206,0.9045226130653268,0.4522613065326634,0.0,0.0,11.205204250502167,14.41850522192358,30.471428571428568,0.36597222222222214,0.38531746031746,1.3871428571428563,5.7247023809523805,18.952380952380953,0.40525993088012896
cacf1fe78c029f5fb7f0f544ac0d2effaf16675a22535a7a73db3e91650e4c1c,138.72013888888887,156.13333333333333,1733,11,3,0.2727272727272727,0,2,0,0,0.0,0.014417517283499454,0.0,53.30833689154568,0.0,0.7685738684884714,0.0,0.09090909090909091,14.600581712968784,15.374008928152113,26.645454545454548,0.15930134680134686,0.16759259259259263,0.6033333333333334,12.610921717171715,14.193939393939393,0.2582181443522296
cb6f49dd77dfc1c2c58c7970c3d30d577ef75898a36cf491e99a334d56c9dd38,0.0,0.6166666666666667,13,6,0,0.0,0,0,0,0,,,,0.0,0.0,0.0,0.0,0.3333333333333333,1.5,1.5,1.5,0.0,0.0,0.0,0.0,0.10277777777777779,0.5
cc437ba03f750d63f3b26f0ff776bd6900b90756786d379862c36f3baf46a863,0.0,0.0,1,1,0,0.0,0,0,0,0,,,,,,,,0.0,0.0,0.0,0.0,0.0,0.0,0.0,0.0,0.0,0.0
cc6c3824479ae007ff8f939a39ede2bf65e6d2260a18e83a394b2abb9c86b1e0,1.8147222222222221,28.416666666666664,317,11,2,0.18181818181818182,0,0,0,0,0.0,0.0,0.0,3.8316715542521993,0.0,0.0,0.0,0.2727272727272727,1.8022690519762958,2.7678176349218186,4.399999999999998,0.09696969696969691,0.08981481481481474,0.32333333333333303,0.16497474747474747,2.583333333333333,0.3613500757871471
cce5643056c93c34b6ae161bb6d6d99a517f4ba1eaa86099548ad072bde74823,32.73361111111111,72.15,762,5,3,0.6,0,2,0,0,0.0,0.06109927784047997,0.0,27.221298221298216,0.0,1.663201663201663,0.0,0.0,18.428602501019505,21.38288770710762,49.8,0.3893518518518519,0.4,1.44,6.546722222222222,14.430000000000001,0.5141190446159906
ccf363a3074084a6c19d1cb4bcdff72e48b4063227abba725cbc60ada1d5a702,0.0,0.0,12,12,0,0.0,0,0,0,0,,,,,,,,0.3333333333333333,0.5,0.5,0.5,0.0,0.0,0.0,0.0,0.0,0.3333333333333333
cd0b5183fb10fa8af4620d3e130e496402ce59332d0896931d9c7ebad992a505,58.081111111111106,121.63333333333334,1156,23,15,0.6521739130434783,0,0,0,0,0.0,0.0,0.0,28.650589202521232,0.0,0.0,0.0,0.08695652173913043,13.714094304747038,16.277187098065234,28.243478260869566,0.4051932367149757,0.4147342995169081,1.493043478260869,2.5252657004830916,5.28840579710145,0.6192538531704532
cf55bde7da4ba8eab1d27aee28d7344d6b71db18d31dade7006bc7092c621d4a,34.63305555555556,89.13333333333333,867,18,6,0.3333333333333333,1,1,0,0,0.028874148814154746,0.028874148814154746,0.0,23.313201196709052,0.6731488406881078,0.6731488406881078,0.0,0.2777777777777778,8.81666045608262,9.32275237267734,18.136111111111106,0.26005658436213974,0.30308641975308626,1.0911111111111105,1.9240586419753087,4.951851851851852,0.31330742019500324
d0486c8aff026136d4a9d9b8880097b68c450c26212ab5e04eb6d75222bd9b07,3.2672222222222222,13.05,130,12,2,0.16666666666666666,0,0,0,0,0.0,0.0,0.0,15.021711366538954,0.0,0.0,0.0,0.25,3.784019886363636,4.67054767533491,7.858333333333332,0.08163580246913577,0.10104166666666654,0.36374999999999963,0.2722685185185185,1.0875000000000001,0.29604640151515155
d0620ec41712c044f2f1929d5566d162544cdc9f4ba8436335c91ef2a1c01560,0.0,0.0,4,4,0,0.0,0,0,0,0,,,,,,,,0.5,0.0,0.0,0.0,0.0,0.0,0.0,0.0,0.0,0.0
d06ecef296a9de8f7c374f461e5e67604489d74b5f80153febb8bbbf2f62a895,22.172638888888887,46.88333333333333,526,7,3,0.42857142857142855,0,0,0,0,0.0,0.0,0.0,28.375933167436898,0.0,0.0,0.0,0.0,12.189266161910309,13.612009483826487,24.085714285714285,0.34024470899470893,0.40565476190476196,1.4603571428571431,3.167519841269841,6.697619047619048,0.3836017971545053
d080342a46fd57f01e28b5c37774e1c5ba1e01d288a5ea906d1b627f52d4cbba,10.379861111111111,42.95,394,9,3,0.3333333333333333,0,0,0,0,0.0,0.0,0.0,14.500388048117966,0.0,0.0,0.0,0.0,5.963836731621284,7.7162848843241,13.866666666666662,0.20051440329218106,0.20725308641975293,0.7461111111111106,1.153317901234568,4.772222222222222,0.48027117351005444
d0a3c1961fbe64707c937ac5b8a548a6b5a93a23fcfbd7a18ba7dd1b2398c874,28.874305555555555,69.66666666666667,682,11,7,0.6363636363636364,0,0,0,0,0.0,0.0,0.0,24.867822966507173,0.0,0.0,0.0,0.0,12.542745246909233,16.786449182600673,28.79545454545454,0.3675505050505048,0.4159090909090908,1.4972727272727269,2.6249368686868686,6.333333333333334,0.44777074964132596
d0da2852038e4a1ce8832315d2b6f5fd77cc310904b162246cb7a8819986dda4,156.56555555555553,248.68333333333334,2696,10,5,0.5,1,0,0,0,0.006387100894903804,0.0,0.0,37.77467998123449,0.24127069231284765,0.0,0.0,0.1,15.835704770425021,18.339624549674625,38.624999999999986,0.2599999999999999,0.3036574074074074,1.0931666666666666,15.656555555555553,24.868333333333332,0.48449948192264436
d17c8bd72cf979d5cb99c778dd95fe4b559ac369df52bda858f5862815e07bbc,6.267499999999999,19.96666666666667,221,8,2,0.25,0,0,0,0,0.0,0.0,0.0,18.8338898163606,0.0,0.0,0.0,0.25,5.154100529100529,6.257962306277909,10.362499999999997,0.21597222222222207,0.2113425925925923,0.7608333333333324,0.7834374999999999,2.4958333333333336,0.2056547619047619
d19d5e1bdf378c6fd49c3bfea2b7165037094db81022c0fb96aa38a22f4ebe61,0.0,0.0,5,5,0,0.0,0,0,0,0,,,,,,,,0.4,0.8,0.8,0.8,0.0,0.0,0.0,0.0,0.0,0.8
d2daac64e737e74c579f4584b7e7c49bec506b808dbd8c0207b57d45d17390c1,11.378055555555555,38.93333333333334,403,7,3,0.42857142857142855,0,0,0,0,0.0,0.0,0.0,17.534674657534243,0.0,0.0,0.0,0.14285714285714285,9.804318136094215,13.029559909070011,24.02857142857143,0.40667989417989414,0.5088566827697263,1.8318840579710145,1.6254365079365078,5.561904761904763,0.5408047772516005
d3075355460ac6d659fda6136cc4c574b6a1c9e2adaec7de75fb17f4ad7203ab,79.3623611111111,127.21666666666667,1337,21,14,0.6666666666666666,0,0,0,0,0.0,0.0,0.0,37.43017162321498,0.0,0.0,0.0,0.14285714285714285,19.99696342336758,23.437900407802758,36.069047619047616,0.46247795414462056,0.36979087931468857,1.3312471655328793,3.7791600529100524,6.057936507936508,0.6269850768333404
d32a4217d70efbe55de3fdd19700b7a94b151095c4e670f1e8e1f2a04ee54bc9,102.31527777777778,135.3,1234,10,9,0.9,0,0,0,0,0.0,0.0,0.0,45.37262872628726,0.0,0.0,0.0,0.0,31.810564662330343,36.01927887316147,56.364999999999995,0.5383333333333331,0.5522222222222217,1.9879999999999982,10.231527777777778,13.530000000000001,0.7544973072893321
d3ac37bc6ea17ef65dca4cb06be934a29a8a9bda8554f0334193efcf12a72f47,4.765555555555556,16.366666666666667,197,5,2,0.4,0,0,0,0,0.0,0.0,0.0,17.470468431771895,0.0,0.0,0.0,0.0,6.851402228198234,9.01045404208195,16.359999999999992,0.25555555555555554,0.24999999999999992,0.8999999999999997,0.9531111111111112,3.2733333333333334,0.30416186451530286
d4517105f455c37da404bfb0f8029ea029c09d623b2d243b45675692ece885db,32.11055555555556,62.13333333333334,683,11,5,0.45454545454545453,0,0,0,0,0.0,0.0,0.0,31.00804721030043,0.0,0.0,0.0,0.09090909090909091,14.871556046511785,17.76204655961527,33.41818181818182,0.38571428571428573,0.4313973063973063,1.553030303030303,2.9191414141414143,5.648484848484849,0.5612033905511281
d5753053994834b215378893ffbe5f3bfa0a604621e89eafb9d6b7195f69717c,44.57416666666666,34.05,360,3,1,0.3333333333333333,0,0,0,0,0.0,0.0,0.0,78.54478707782671,0.0,0.0,0.0,0.835195530726257,27.6731843575419,28.758720930232556,41.0,0.1481481481481481,0.2037037037037037,0.7333333333333334,14.858055555555554,11.35,0.6536312849162011
d5a6caadbb957084f8ba7cb041c2b4d0e67637919cbb61307385a4e6a196f777,0.0,0.0,1,1,0,0.0,0,0,0,0,,,,,,,,1.0,0.0,0.0,0.0,0.0,0.0,0.0,0.0,0.0,0.0
d6aecfd3b8e8d1c59cf3fad68c61722a802810fbe869eaa964ef4808d163e27b,5.134166666666666,26.866666666666667,212,11,4,0.36363636363636365,0,0,0,0,0.0,0.0,0.0,11.465880893300248,0.0,0.0,0.0,0.0,5.2715024701326065,6.69044597395287,14.127272727272725,0.2825336700336698,0.3003787878787878,1.081363636363636,0.46674242424242424,2.4424242424242424,0.3730219552137361
d71b486e1c7b1b96f09fb1aabdcefc98b600c6df2776dbb5bec66d88fdea35d7,0.0,0.0,3,3,0,0.0,0,0,0,0,,,,,,,,0.0,0.3333333333333333,0.3333333333333333,0.3333333333333333,0.0,0.0,0.0,0.0,0.0,0.3333333333333333
d82dd2a8af93ad6779224836999099c473b2649b0180dd0a26c0b13eeebb17a6,0.0,0.0,6,6,0,0.0,0,0,0,0,,,,,,,,0.16666666666666666,0.3333333333333333,0.3333333333333333,0.3333333333333333,0.0,0.0,0.0,0.0,0.0,0.3333333333333333
d873ccf281bf7a14f96ba21cd679c69fc626642f312f9ae51af878e90fe0288c,0.0,0.0,4,4,0,0.0,0,0,0,0,,,,,,,,0.5,0.25,0.25,0.25,0.0,0.0,0.0,0.0,0.0,0.25
d8887907ce74650383f78d413faff10cf7f4d972e2e0c754131e69ca883bbd8c,18.8275,40.71666666666667,443,10,2,0.2,0,0,0,0,0.0,0.0,0.0,27.74416700777732,0.0,0.0,0.0,0.1,6.144951251986429,6.499815784370758,12.2,0.1222222222222222,0.15374999999999997,0.5534999999999999,1.8827500000000001,4.071666666666667,0.28828759180517977
d9141df98baf5f238cd6e73687b8df92a602c1e354c623e33efd774d84fddc9e,3.4108333333333327,974.7333333333333,10784,4,0,0.0,0,0,0,0,0.0,0.0,0.0,0.2099548594487381,0.0,0.0,0.0,0.11922985641390768,0.1778858897025471,11.973099415204679,0.0,0.0,0.0,0.0,0.8527083333333332,243.68333333333334,0.007993873164694257
d9375e2510dbb11dfad251ed5c076e415c08191b9ce173679cd55cb1460aa515,0.0,0.0,5,5,0,0.0,0,0,0,0,,,,,,,,0.2,4.0,4.0,4.0,0.0,0.0,0.0,0.0,0.0,0.6
d974f6d5182b3ea5117cb15f505114f7f4384ea9cfce10b991e0c5946ab4a9c8,0.0,0.0,3,3,0,0.0,0,0,0,0,,,,,,,,0.3333333333333333,1.0,1.0,1.0,0.0,0.0,0.0,0.0,0.0,0.3333333333333333
da2b2801830cb703c3e31c73c49cf925d249dca27d7c22c7f37374675a866d77,45.14944444444444,93.06666666666666,876,3,3,1.0,0,0,0,0,0.0,0.0,0.0,29.107808022922633,0.0,0.0,0.0,0.0,31.784766504190966,35.07922058471124,66.09999999999998,0.8037037037037034,0.907098765432098,3.2655555555555527,15.049814814814814,31.022222222222222,0.9048821926519768
daf226f67f27161a2faa59ac5603e07e58f6e497dcf9c639e2c8aa8ea9b6f940,1.738611111111111,7.55,99,12,4,0.3333333333333333,0,0,0,0,0.0,0.0,0.0,13.816777041942606,0.0,0.0,0.0,0.16666666666666666,4.999074074074074,5.768399470899471,10.1,0.2094135802469135,0.2225694444444443,0.8012499999999996,0.14488425925925927,0.6291666666666667,0.3590277777777778
dba9a242fd4b58fb00fa1342566f888372f85cb730c5d5683fd4067c68f84945,21.572444831403164,99.05,2773,12,5,0.4166666666666667,3,6,0,0,0.13906629607567142,0.27813259215134284,0.0,13.067609186109943,1.8172640080767288,3.6345280161534577,0.0,0.16666666666666666,6.0656752678657355,9.053623011250801,19.33472222222222,0.4159687149270481,0.40084876543209885,1.4430555555555558,1.7977037359502637,8.254166666666666,0.35761070892075814
dc490c5546a18d46a50711050b7ddda6a6103d6a57c1277c6ee45dd32b25d13f,3.1627777777777775,10.2,121,1,1,1.0,0,0,0,0,0.0,0.0,0.0,18.604575163398692,0.0,0.0,0.0,0.0,18.09090909090909,24.59550561797753,46.0,0.7222222222222222,0.7407407407407408,2.6666666666666665,3.1627777777777775,10.2,0.7355371900826446
decb76416581962b8680d1275d87528a38d46e516f5dd46698a050b852b5db8f,0.0,0.0,4,4,0,0.0,0,0,0,0,,,,,,,,0.75,1.25,1.25,1.25,0.0,0.0,0.0,0.0,0.0,0.75
defdf88a76343b8d78fb3888bd9501a59793c13b30f55b348c66a628ac9dda45,41.795833333333334,82.36666666666667,899,18,7,0.3888888888888889,2,0,0,0,0.0478516598544512,0.0,0.0,30.446175637393765,1.4569000404694454,0.0,0.0,0.2777777777777778,13.009387482731851,14.972091729334513,28.002777777777776,0.39609053497942376,0.47646604938271575,1.715277777777777,2.3219907407407407,4.575925925925926,0.3314789200623399
df6528eff46dd1d91ff51325f87b0467aab3c872feb2b497bb2d7edcb4d27c78,3.6425,8.316666666666666,86,1,1,1.0,0,0,0,0,0.0,0.0,0.0,26.27855711422846,0.0,0.0,0.0,1.0,29.72093023255814,47.333333333333336,91.5,0.9305555555555556,0.8819444444444445,3.1750000000000003,3.6425,8.316666666666666,0.627906976744186
dfb1e99c809a3dd067f536ae20ceb86bf1b8477e186ece1d47c86978ec19d1bc,54.39777777777777,133.58333333333331,1230,15,7,0.4666666666666667,1,0,0,0,0.018383103884962625,0.0,0.0,24.433187772925763,0.44915782907049284,0.0,0.0,0.2,11.184455460050419,13.51839478672419,24.719999999999995,0.28240740740740733,0.3502777777777777,1.2609999999999997,3.626518518518518,8.905555555555555,0.5046325895199733
dfcb8e5d6aebf854e16a6a45f0ec07c6bb815cc189dbdc846fe341d540af47c4,57.09,108.1,1092,7,5,0.7142857142857143,1,2,0,0,0.017516202487300753,0.03503240497460151,0.0,31.687326549491218,0.5550416281221092,1.1100832562442184,0.0,0.0,18.35354714930607,22.922228907507296,44.357142857142854,0.7574074074074073,0.7285052910052905,2.622619047619046,8.155714285714286,15.442857142857141,0.5556193921385862
e08100ea5e0f46a4d32ee5fa9586fdbcf3ca5c41003f92cf0ec59b5fd125175f,0.0,0.0,1,1,0,0.0,0,0,0,0,,,,,,,,0.0,1.0,1.0,1.0,0.0,0.0,0.0,0.0,0.0,1.0
e12021f03347f4d227f51ac039ca85f3fbe5ea14fcd7ac01d6741cd902d34d24,8.157499999999999,30.266666666666666,272,14,7,0.5,0,0,0,0,0.0,0.0,0.0,16.171255506607928,0.0,0.0,0.0,0.21428571428571427,9.598092724340361,11.02393567795011,18.16785714285714,0.32943121693121685,0.3891000203500202,1.400760073260073,0.5826785714285714,2.1619047619047618,0.6085011916333161
e205071676562b6e02a0b9424aabb670b631990ee3a8044d78af27bf3d2d3b8d,13.436944444444443,53.18333333333333,600,9,5,0.5555555555555556,0,0,0,0,0.0,0.0,0.0,15.159197743654026,0.0,0.0,0.0,0.0,8.29102384461589,12.300170584658536,25.561111111111106,0.47888374485596685,0.49508744855967074,1.7823148148148147,1.4929938271604937,5.909259259259259,0.36533101751374986
e24cf05976e0c614937b932550924e1cce185f524c164e8a18f50e2dfa1a9969,1.967361111111111,10.25,128,6,2,0.3333333333333333,0,1,0,0,0.0,0.5082950935404166,0.0,11.516260162601624,0.0,5.853658536585366,0.0,0.0,3.9303800568126164,4.9476320582877955,10.633333333333331,0.28009259259259234,0.24074074074074073,0.8666666666666667,0.3278935185185185,1.7083333333333333,0.2688314232539916
e2a6582b11b0c7996e5c31407b547e1a07432e8181c869f16be9724f8132a0e4,14.416388888888887,46.28333333333333,444,9,4,0.4444444444444444,0,0,0,0,0.0,0.0,0.0,18.688872884407633,0.0,0.0,0.0,0.1111111111111111,8.909332004444902,11.343471118956556,21.083333333333332,0.2638888888888889,0.3074074074074073,1.1066666666666665,1.6018209876543208,5.142592592592592,0.44858476246119294
e3b9174838bcd724c7e45840995a923317a30c558f02e425204367947697a41b,0.14333333333333334,1.8,11,1,1,1.0,0,0,0,0,0.0,0.0,0.0,4.777777777777778,0.0,0.0,0.0,0.0,10.272727272727273,11.3,21.0,0.5648148148148148,0.41666666666666663,1.5,0.14333333333333334,1.8,0.9090909090909091
e4b941a46681761c8b77844e9490d700e2b1151461ef79e8b4b51adbc4411663,2.1863888888888887,22.95,198,5,2,0.4,0,0,0,0,0.0,0.0,0.0,5.716049382716049,0.0,0.0,0.0,0.2,3.2654618473895582,6.090173847316704,12.2,0.20277777777777764,0.2210185185185182,0.7956666666666655,0.43727777777777777,4.59,0.4208612226684516
e4c9414dcd4e2bfc2985cd40273e07ee2de1c9864dfa24309bd4a1cb5a990af9,0.0,0.0,1,1,0,0.0,0,0,0,0,,,,,,,,0.0,1.0,1.0,1.0,0.0,0.0,0.0,0.0,0.0,1.0
e5096f8ca46e208dcc42db94d033757d679dc5b19ac5337845c22b25777a39ae,53.400277777777774,130.5,1406,13,8,0.6153846153846154,0,0,0,0,0.0,0.0,0.0,24.55185185185185,0.0,0.0,0.0,0.15384615384615385,18.07104587603614,22.75904570007112,38.723076923076924,0.48158831908831884,0.5162037037037035,1.858333333333333,4.107713675213675,10.038461538461538,0.6320807888304644
e5c3c1ca0becc735f7d5e38e2e4ad4ef541d5ccd657b1c41054933ca555307e1,8.344444444444443,58.28333333333333,527,10,4,0.4,0,0,0,0,0.0,0.0,0.0,8.590220188733198,0.0,0.0,0.0,0.3,6.580740409683426,8.149502042900918,14.395,0.2327083333333333,0.2542203974047039,0.9151934306569341,0.8344444444444443,5.828333333333333,0.7283267309971221
e6974c696286c4074380582f0d5739e3503e9beb7cecad6f82a8c3618ba96fdc,27.875277777777775,52.91666666666667,492,7,4,0.5714285714285714,0,0,0,0,0.0,0.0,0.0,31.60661417322834,0.0,0.0,0.0,0.2857142857142857,14.430257871851401,15.877334587235842,38.14285714285713,0.3621031746031745,0.4120370370370369,1.483333333333333,3.9821825396825394,7.55952380952381,0.5112620118624632
e74bae1d4f17535e97c8d5215a102358b171453868ed019ac3ddd790de746f3f,12.185833333333331,36.1,383,12,5,0.4166666666666667,0,1,0,0,0.0,0.08206250427408877,0.0,20.253462603878113,0.0,1.6620498614958448,0.0,0.08333333333333333,9.306231173636164,11.036190760653128,18.104166666666668,0.2271990740740739,0.230251945786366,0.8289070048309176,1.0154861111111109,3.0083333333333333,0.47511276575000133
e74d5a3a7b5c625b6966e5da9a0a6399adfdc36b2de2f23a08619f261db77550,0.5777777777777778,3.5166666666666666,50,10,1,0.1,0,0,0,0,0.0,0.0,0.0,9.857819905213272,0.0,0.0,0.0,0.3,0.9585365853658537,1.3551724137931034,2.2,0.03333333333333333,0.022222222222222216,0.08,0.05777777777777778,0.3516666666666667,0.07073170731707316
e75df3de455716e4282bc075a848e44c20e26cbbd11af132d06c430f6135db1d,4.483888888888889,10.966666666666667,144,7,4,0.5714285714285714,0,0,0,0,0.0,0.0,0.0,24.53191489361702,0.0,0.0,0.0,0.0,14.153979051938236,16.798992673992675,28.385714285714283,0.5711640211640207,0.6109788359788356,2.199523809523808,0.6405555555555555,1.5666666666666667,0.6251619695497246
e7e143efaf95a366c645ee43b5ed1e59ba7673f6ca02a512c05af843fa71693c,3.1630555555555553,6.45,72,2,1,0.5,0,0,0,0,0.0,0.0,0.0,29.42377260981912,0.0,0.0,0.0,0.0,14.633802816901408,18.89090909090909,31.0,0.38888888888888884,0.5833333333333333,2.1,1.5815277777777776,3.225,0.3873239436619718
e7f3771ad4c6144c1fd069a821cc755d9a0aadc6cb4fc503f89d5ccdd828b76f,0.9522222222222223,9.633333333333333,114,9,2,0.2222222222222222,0,0,0,0,0.0,0.0,0.0,5.930795847750867,0.0,0.0,0.0,0.1111111111111111,1.8762962962962968,2.521164021164021,4.833333333333327,0.10987654320987644,0.13127572016460887,0.47259259259259206,0.10580246913580248,1.0703703703703704,0.26427350427350427
e81f9811617618c65923e9794bed3009c3f7fa9d67567610a547e6eb6011f554,0.0,0.0,6,6,0,0.0,0,0,0,0,,,,,,,,0.5,0.16666666666666666,0.16666666666666666,0.16666666666666666,0.0,0.0,0.0,0.0,0.0,0.16666666666666666
e89a184f94417a624869e225117f523e11c567741e21b57ff4c3c601dcc0c480,58.36402777777778,190.75,1992,14,11,0.7857142857142857,3,1,0,0,0.05140152443595156,0.01713384147865052,0.0,18.358278724333772,0.9436435124508519,0.3145478374836173,0.0,0.0,14.092447300753935,17.761513792538498,37.32857142857142,0.6328703703703702,0.715347589653145,2.575251322751322,4.168859126984127,13.625,0.6668907344032464
e8dc7cecd22163fc5a6f06b9a64f3ce20f0ea11716c42e6d7212fc6c41e6b8f8,40.49444444444445,45.01666666666667,354,5,2,0.4,0,0,0,0,0.0,0.0,0.0,53.97260273972602,0.0,0.0,0.0,0.0,12.211542288557215,13.935294117647057,21.839999999999996,0.12814814814814812,0.15999999999999986,0.5759999999999997,8.09888888888889,9.003333333333334,0.2360199004975124
e9713991efde54595ae3ba0b7a6251842a0d1850b4d44fef2d0ed24695a9a676,0.0,0.0,5,5,0,0.0,0,0,0,0,,,,,,,,0.6,0.0,0.0,0.0,0.0,0.0,0.0,0.0,0.0,0.0
e9a11b7067b1fab1f94a58e24bc46afd31eea7bf069ceb83eef764d2174ac152,64.71,201.33333333333334,2145,18,11,0.6111111111111112,0,1,0,0,0.0,0.015453562046051616,0.0,19.284437086092712,0.0,0.29801324503311255,0.0,0.1111111111111111,9.240426583307936,11.750795904365523,24.08888888888889,0.220267489711934,0.22430004409171067,0.8074801587301584,3.5949999999999998,11.185185185185185,0.42383173620745224
e9a18d1f9e406fe8669122cafb4f2b4431e69b7e8d57475dcf4b8391a93846a5,1.218611111111111,5.766666666666667,74,6,1,0.16666666666666666,0,0,0,0,0.0,0.0,0.0,12.679190751445088,0.0,0.0,0.0,0.16666666666666666,2.717391304347826,3.622448979591837,8.833333333333334,0.21111111111111094,0.15864197530864185,0.5711111111111107,0.20310185185185184,0.9611111111111111,0.6183574879227053
ea51316e0ca24b7181ed176f6a57e9beef02f418c29d581e9bc4ec7e3076dd2b,0.0,0.0,6,6,0,0.0,0,0,0,0,,,,,,,,0.5,2.1666666666666665,2.1666666666666665,2.1666666666666665,0.0,0.0,0.0,0.0,0.0,0.3333333333333333
ea67881bad0c221633197e370b07ab89d7db289ecc1164bb59f2cbab3c309dfe,0.0,2.65,7,6,0,0.0,0,0,0,0,,,,0.0,0.0,0.0,0.0,0.16666666666666666,2.6666666666666665,2.6666666666666665,2.6666666666666665,0.0,0.0,0.0,0.0,0.44166666666666665,0.5
ea8425b0a045763741e7fd74e5e1f1c61fa8e3fd53001e93e286b6974871e250,51.485,45.05,526,4,1,0.25,1,1,0,0,0.01942313295134505,0.01942313295134505,0.0,68.57047724750278,1.3318534961154274,1.3318534961154274,0.0,0.0,17.088432122370936,19.067307692307693,36.25,0.2083333333333334,0.20833333333333337,0.75,12.87125,11.2625,0.4737093690248566
ead9563c1c7594e0a783071703af942fe38f5d6aab18bf8643a203a4139e6a51,185.93555555555554,141.38333333333333,1445,10,4,0.4,0,1,0,0,0.0,0.005378207503197046,0.0,78.90699045149123,0.0,0.4243781681009077,0.0,0.3,22.064602749099127,24.09012044026877,35.11,0.26115740740740706,0.20634259259259252,0.7428333333333329,18.593555555555554,14.138333333333332,0.35040984962558325
ebec6732f1ed8c76daf180a40bc271e777bed13189235843d6663477370ea18a,4.638055555555556,12.35,131,13,5,0.38461538461538464,0,0,0,0,0.0,0.0,0.0,22.533063427800272,0.0,0.0,0.0,0.15384615384615385,9.96657027183343,11.314237516869095,16.315384615384612,0.22767094017094008,0.3036324786324785,1.0930769230769226,0.3567735042735043,0.95,0.2996336996336996
edb6058561ab4e6527b61d2e6e898d380d6193a00b680a23bbcf0ada2e3b517f,11.672777777777778,37.650000000000006,432,16,4,0.25,0,0,0,0,0.0,0.0,0.0,18.60203629924745,0.0,0.0,0.0,0.1875,4.176767380785238,6.260742025232063,11.015625,0.1997395833333333,0.21458710748792267,0.7725135869565216,0.7295486111111111,2.3531250000000004,0.1950648410469839
edde8239d1b568603d1a35cbd6a890e739fe3bc43ba2a82128be817c22fe8ad3,32.70305555555556,24.45,239,1,1,1.0,1,1,0,0,0.03057818246680993,0.03057818246680993,0.0,80.252897068848,2.4539877300613497,2.4539877300613497,0.0,0.0,79.91213389121339,79.91213389121339,125.0,0.7222222222222221,0.7833333333333331,2.8199999999999985,32.70305555555556,24.45,1.0
ee5ab9b57770b713c823e2ebcf093b0d5ea73a93b1fd669ea488c4b27ed13e39,0.0,0.0,11,11,0,0.0,0,0,0,0,,,,,,,,0.2727272727272727,0.45454545454545453,0.45454545454545453,0.45454545454545453,0.0,0.0,0.0,0.0,0.0,0.2727272727272727
ef1a4af1bb3ee0904baa95391f3ff0a81ed346c23c557a6e0324e9b9f66d92a3,49.12208333333333,77.01666666666667,726,6,1,0.16666666666666666,0,1,0,0,0.0,0.020357442765897894,0.0,38.26866479117074,0.0,0.7790521532135902,0.0,0.5,11.095618915159946,12.361417322834646,20.808333333333334,0.12037037037037035,0.12131961097788434,0.4367505995203837,8.187013888888888,12.83611111111111,0.5638618451553082
ef1f88c28e4e92dd2391faf567ba27cb1f63745b3a1cb2e4e21152f5d9396490,20.21361111111111,45.78333333333333,503,3,3,1.0,1,1,0,0,0.049471615660514785,0.049471615660514785,0.0,26.49035311248635,1.3105205678922462,1.3105205678922462,0.0,0.0,28.846533321131187,38.39092340775915,73.10000000000001,1.0308641975308637,1.3154320987654318,4.735555555555554,6.73787037037037,15.261111111111111,0.75899573466485
ef6feb818f9a50244b989853f10323e14c199e4ef3c838986758d12da24090c9,3.3452777777777776,15.416666666666666,179,4,2,0.5,0,0,0,0,0.0,0.0,0.0,13.01945945945946,0.0,0.0,0.0,0.25,6.458152312803476,7.760389610389611,15.375,0.24537037037037038,0.27314814814814814,0.9833333333333334,0.8363194444444444,3.8541666666666665,0.4150268336314848
ef7aff2091a08b31e5f989c1de7595714292359485e58bf662bb40ddc4554d82,10.681666666666667,46.949999999999996,482,12,6,0.5,0,0,0,0,0.0,0.0,0.0,13.650692225772099,0.0,0.0,0.0,0.08333333333333333,6.075848582259707,9.007497548322478,17.41666666666666,0.31313657407407397,0.35038580246913553,1.2613888888888878,0.8901388888888889,3.9124999999999996,0.31396302035265183
ef9fbea1c5100e16cfad5737884ed0bffc4524418aa6c63042142254b935f7e8,5.216666666666667,50.166666666666664,557,9,4,0.4444444444444444,0,0,0,0,0.0,0.0,0.0,6.23920265780731,0.0,0.0,0.0,0.0,4.310993403316434,6.760196431249063,12.922222222222214,0.2839506172839504,0.2661008230452673,0.9579629629629623,0.5796296296296296,5.5740740740740735,0.2920672559755311
f04aac0e75a8cbac722a4c395c4407dfb7beb39773b9511d9710f3bbba8e89c0,5.504444444444443,12.766666666666667,103,3,1,0.3333333333333333,0,0,0,0,0.0,0.0,0.0,25.869451697127932,0.0,0.0,0.0,0.0,12.38943894389439,18.95959595959596,26.333333333333332,0.2592592592592593,0.3148148148148148,1.1333333333333333,1.8348148148148145,4.2555555555555555,0.21782178217821782
f0b3c4b77ab8fc65c2270d2db18b2969378b5d39fb0936107217b007b84faef2,7.900555555555555,24.1,284,6,1,0.16666666666666666,0,0,0,0,0.0,0.0,0.0,19.66943291839557,0.0,0.0,0.0,0.0,3.2574671445639187,3.6944444444444446,7.333333333333333,0.10277777777777751,0.11728395061728343,0.42222222222222033,1.3167592592592592,4.016666666666667,0.14695340501792115
f0b8ec57a8bd8c14b1342921bbb5c6f2221fe3dc0197ce9a7107a6373de34239,17.854166666666664,38.96666666666667,367,3,3,1.0,0,0,0,0,0.0,0.0,0.0,27.49144568006843,0.0,0.0,0.0,0.0,28.051836199067022,35.708754872333905,69.33333333333333,0.9777777777777777,0.9055555555555556,3.2600000000000002,5.951388888888888,12.988888888888889,0.7769769376236525
f0bf732a723f06a45f3b015070e41e6a5c30b61a618007800132f96dc584f2a1,0.0,0.0,12,12,0,0.0,0,0,0,0,,,,,,,,0.3333333333333333,0.4166666666666667,0.4166666666666667,0.4166666666666667,0.0,0.0,0.0,0.0,0.0,0.08333333333333333
f0e22900c93342e4bacfda07add7f77f9af20f97fa43d74f48e49203051496e5,8.201805555555556,28.7,310,6,2,0.3333333333333333,0,0,0,0,0.0,0.0,0.0,17.146631823461092,0.0,0.0,0.0,0.3333333333333333,6.230052301891381,9.376394991978797,16.416666666666668,0.2968364197530864,0.26126543209876535,0.9405555555555555,1.3669675925925926,4.783333333333333,0.38710241440126497
f168d2a5377327495ee795be23da31ee53c75521ffb37b6ff3e76ac1901af3ed,241.5434722222222,282.9166666666667,3056,15,9,0.6,2,1,0,0,0.008280083007832154,0.004140041503916077,0.0,51.22571428571428,0.42415316642120765,0.21207658321060383,0.0,0.2,28.199093141542434,32.84551949308845,51.36,0.38978395061728366,0.4380864197530863,1.5771111111111107,16.102898148148146,18.86111111111111,0.4927464327401575
f169f4d66ed66e41746b1b401510492bf3cc09ba13e0a6640cadf93d7ee74634,6.700833333333334,12.433333333333334,155,11,2,0.18181818181818182,1,0,0,0,0.1492351697550056,0.0,0.0,32.33646112600536,4.825737265415549,0.0,0.0,0.18181818181818182,5.496423068456966,6.478379446640317,10.572727272727272,0.15852272727272715,0.20126262626262614,0.7245454545454544,0.6091666666666667,1.1303030303030304,0.24262601804974687
f21efbaf7224c7dc51a2841c2275506cad9b474a80d199d4b2bb9d3180670fa9,12.299444444444443,69.2,672,5,5,1.0,0,0,0,0,0.0,0.0,0.0,10.664258188824663,0.0,0.0,0.0,0.0,13.978342147858589,20.785130481342335,37.76,0.6305555555555549,0.7741666666666666,2.787,2.4598888888888886,13.84,0.6231192018812909
f266ada313eea4546b4e54df94310d451b55a252b42c590c72dbac4e68ce5772,90.91833333333331,106.45,1174,7,4,0.5714285714285714,0,0,0,0,0.0,0.0,0.0,51.24565523720055,0.0,0.0,0.0,0.0,23.158527064175196,28.350849487714736,49.021428571428565,0.37658730158730125,0.4612433862433861,1.6604761904761902,12.98833333333333,15.207142857142857,0.4609834305070476
f2e439e0fa50e816db9d755ff788ad8fd5d5cc27005c786babb1a02ab5f85ff6,11.161527777777778,78.15,794,12,3,0.25,0,0,0,0,0.0,0.0,0.0,8.56931115376413,0.0,0.0,0.0,0.08333333333333333,4.896375418224743,8.427173064160105,13.949999999999998,0.19643132716049383,0.21979166666666652,0.7912499999999995,0.9301273148148148,6.5125,0.23697917368235363
f2f77d0fb76c61d5dc2e5783afd71de6f008c59834cbc32b5f85e0b13ae07a23,0.0,0.0,6,6,0,0.0,0,0,0,0,,,,,,,,0.16666666666666666,0.16666666666666666,0.16666666666666666,0.16666666666666666,0.0,0.0,0.0,0.0,0.0,0.16666666666666666
f2fea123be6ef3930f8b9fb70e4ec96548db79467d4274a8bdd2fb0df1ced053,30.530555555555555,23.866666666666667,259,2,1,0.5,1,1,0,0,0.032754071513056135,0.032754071513056135,0.0,76.75279329608938,2.5139664804469275,2.5139664804469275,0.0,1.0,37.06395348837209,39.1905737704918,62.5,0.4472222222222218,0.48819444444444404,1.757499999999999,15.265277777777778,11.933333333333334,0.4728682170542636
f3eb0246412071282a2b9218cf85c61e00619a49530a59b0874b75b5aef843bf,0.0,0.0,7,7,0,0.0,0,0,0,0,,,,,,,,0.2857142857142857,1.5714285714285714,1.5714285714285714,1.5714285714285714,0.0,0.0,0.0,0.0,0.0,0.42857142857142855
f56f0de58c11b000395cb172653f3078ddd6e9820d98d6a1c39a833cc540bd07,43.29861111111111,69.46666666666667,678,1,1,1.0,0,0,0,0,0.0,0.0,0.0,37.398032629558536,0.0,0.0,0.0,0.0,37.78023598820059,41.51539708265802,88.0,0.6018518518518517,0.7222222222222221,2.6,43.29861111111111,69.46666666666667,0.9100294985250738
f7e6015f16ae3b0561689a0bd686fe7848ac66e823944fb352698bfbbc13d9bd,62.96111111111111,75.11666666666667,830,7,3,0.42857142857142855,0,1,0,0,0.0,0.015882820082943616,0.0,50.29065897492789,0.0,0.7987574883514532,0.0,0.029339853300733496,19.595332246927438,21.684780184929103,46.142857142857146,0.3094576719576718,0.41785714285714254,1.504285714285713,8.994444444444444,10.730952380952383,0.3678901887326135
f7f60d3e4f5039abd92c94664f386966ed1a8d0b543d0b278462511bcaa1ad19,26.42555555555555,85.21666666666667,928,12,4,0.3333333333333333,0,1,0,0,0.0,0.03784215616196444,0.0,18.60590651281048,0.0,0.7040876197926853,0.0,0.3333333333333333,8.01300864866804,10.275510059520096,21.316666666666666,0.25848765432098764,0.2820987654320987,1.0155555555555553,2.202129629629629,7.101388888888889,0.32908868465410734
f8083ff5107b5ddf835a79693ea4a8f0c01dbfc886468281439d9a3c78bed74f,4.938194444444444,22.666666666666668,251,19,6,0.3157894736842105,0,0,0,0,0.0,0.0,0.0,13.071691176470585,0.0,0.0,0.0,0.2631578947368421,3.7284727540995,4.666183370303152,7.8,0.13628167641325534,0.12468323586744638,0.44885964912280707,0.2599049707602339,1.192982456140351,0.31138867613797766
f9591878c605e1127444ad32a895fba19daec583e4f24c0cb09d135de27f0c7f,63.51083333333333,63.483333333333334,635,4,3,0.75,1,0,0,0,0.01574534528230092,0.0,0.0,60.025991073772644,0.9451299553688632,0.0,0.0,0.0,26.86718855847849,31.797846441947563,54.4,0.5884259259259257,0.6668981481481481,2.4008333333333334,15.877708333333333,15.870833333333334,0.5803932280020455
f9594e5ad8326ea760b5b90ef01f317552161edd334a00104ccdb1266eb82b3c,20.904305555555553,58.16666666666667,638,7,2,0.2857142857142857,0,0,0,0,0.0,0.0,0.0,21.563180515759306,0.0,0.0,0.0,0.14285714285714285,6.339401391107065,8.199350649350649,20.900000000000002,0.2248015873015873,0.2591269841269841,0.9328571428571427,2.9863293650793645,8.30952380952381,0.22161066913443886
f96b3fc0be8e15dbb262f984d22c3189393f347edb20367311eaec3dcfd77df3,16.723055555555554,81.08333333333333,890,11,3,0.2727272727272727,0,0,0,0,0.0,0.0,0.0,12.374717368961974,0.0,0.0,0.0,0.18181818181818182,4.718735430741125,5.973656118532489,14.309090909090907,0.1777777777777777,0.19128787878787878,0.6886363636363636,1.5202777777777776,7.371212121212121,0.3874037765720313
f9a9a3e804e4a9c98a5ebca7c03c9245babacf3bd5ff6086860ff6a99995483f,3.59,13.416666666666666,161,6,1,0.16666666666666666,0,0,0,0,0.0,0.0,0.0,16.05465838509317,0.0,0.0,0.0,0.16666666666666666,2.8258547008547006,3.285714285714286,6.0,0.1574074074074074,0.16898148148148148,0.6083333333333333,0.5983333333333333,2.236111111111111,0.3087606837606838
f9cac2bc904558610f4fa07c25da04593af98c376093891b5bc8576c20a72789,0.0,0.0,3,3,0,0.0,0,0,0,0,,,,,,,,0.3333333333333333,0.3333333333333333,0.3333333333333333,0.3333333333333333,0.0,0.0,0.0,0.0,0.0,0.3333333333333333
fbded80ff3b3bedd6af05b5c3de66978ed0e3682265c8aa89b6d31a04d88a4b2,0.0,0.0,3,3,0,0.0,0,0,0,0,,,,,,,,0.3333333333333333,1.6666666666666667,1.6666666666666667,1.6666666666666667,0.0,0.0,0.0,0.0,0.0,0.3333333333333333
fd266856a070418a6a464c2b6ff90dec8352f2a6569f3dbf3f34bbef2b4c1b37,125.52638888888887,223.65,2431,12,7,0.5833333333333334,0,0,0,0,0.0,0.0,0.0,33.67575825322304,0.0,0.0,0.0,0.16666666666666666,17.85373710767123,21.636910404565423,44.56666666666666,0.36967592592592574,0.42137345679012345,1.5169444444444442,10.460532407407406,18.6375,0.4672825026119749
fd76b62e6668f395f03f8c2e1c31a36b6f963e60d60afece358ccb9e23f87c01,0.0,0.0,1,1,0,0.0,0,0,0,0,,,,,,,,0.0,1.0,1.0,1.0,0.0,0.0,0.0,0.0,0.0,1.0
fdcccc4f4c86d42f6609748a8ff25bdb360c44df7eb453a63bd19d48b07ad7a9,0.0,0.0,13,13,0,0.0,0,0,0,0,,,,,,,,0.38461538461538464,1.3846153846153846,1.3846153846153846,1.3846153846153846,0.0,0.0,0.0,0.0,0.0,0.46153846153846156
fe79330c0203950767d3ebaf53f0414c7ff1021c632342f4dda886b6f3984cf2,0.0,0.0,5,5,0,0.0,0,0,0,0,,,,,,,,0.2,3.4,3.4,3.4,0.0,0.0,0.0,0.0,0.0,0.4
ff46bb7e0b2840cc46fa56c8c2a0c8533a866ac230ee21f2b0e8697e46da40c5,15.161388888888887,42.61666666666667,445,13,3,0.23076923076923078,0,0,0,0,0.0,0.0,0.0,21.34571763785686,0.0,0.0,0.0,0.3076923076923077,5.089930848709047,6.383538085845777,10.457692307692307,0.12642450142450132,0.1435253267973856,0.5166911764705883,1.1662606837606835,3.278205128205128,0.4468222460936486
