imei,trip_id,trip_start,trip_end,n_records,moving_share,speed_mean_kmh,speed_p95_kmh,accel_p95,brake_p95,decel_kmhps_p95,harsh_accel_cnt,harsh_brake_cnt,severe_brake_cnt,dist_km,duration_min,is_meaningful_trip,night_ratio,avg_speed,avg_speed_moving,speeding_cnt,harsh_brake_per_km,harsh_accel_per_km,speeding_per_km
0138c5f52809eafe6862d5ea5ae83fb87cc3d19a4d2070dceb3a8ef737975f8a,1,2024-03-01 05:31:10,2024-03-01 05:31:10,1,0.0,0.0,0.0,0.0,0.0,0.0,0,0,0,0.0,0.0,False,1.0,0.0,0.0,0,,,
0138c5f52809eafe6862d5ea5ae83fb87cc3d19a4d2070dceb3a8ef737975f8a,2,2024-03-01 06:53:02,2024-03-01 06:56:54,45,0.35555555555555557,3.2888888888888888,15.599999999999994,0.2111111111111109,0.4296296296296295,1.546666666666666,0,0,0,0.18083333333333332,3.8666666666666667,True,0.0,3.2888888888888888,9.25,0,0.0,0.0,0.0
0138c5f52809eafe6862d5ea5ae83fb87cc3d19a4d2070dceb3a8ef737975f8a,3,2024-03-01 07:06:42,2024-03-01 07:08:22,20,0.25,2.1,11.05,0.2944444444444447,0.22500000000000006,0.8100000000000002,0,0,0,0.06083333333333333,1.6666666666666667,True,0.0,2.1,8.4,0,0.0,0.0,0.0
0138c5f52809eafe6862d5ea5ae83fb87cc3d19a4d2070dceb3a8ef737975f8a,4,2024-03-01 08:08:27,2024-03-01 08:39:00,326,0.6840490797546013,12.325153374233128,46.0,0.4583333333333332,0.4374999999999999,1.5750000000000002,0,0,0,5.894444444444444,30.55,True,0.0,12.325153374233128,18.017937219730943,0,0.0,0.0,0.0
0138c5f52809eafe6862d5ea5ae83fb87cc3d19a4d2070dceb3a8ef737975f8a,5,2024-03-01 08:44:23,2024-03-01 09:02:11,192,0.9791666666666666,26.666666666666668,64.89999999999998,0.3583333333333327,0.38888888888888895,1.4,0,0,0,7.537222222222223,17.8,True,0.0,26.666666666666668,27.23404255319149,0,0.0,0.0,0.0
0138c5f52809eafe6862d5ea5ae83fb87cc3d19a4d2070dceb3a8ef737975f8a,6,2024-03-01 09:16:48,2024-03-01 09:38:37,204,0.7941176470588235,16.642156862745097,44.0,0.611111111111111,0.658333333333333,2.3699999999999988,0,0,0,4.951666666666666,21.816666666666666,True,0.0,16.642156862745097,20.95679012345679,0,0.0,0.0,0.0
0138c5f52809eafe6862d5ea5ae83fb87cc3d19a4d2070dceb3a8ef737975f8a,7,2024-03-01 09:46:58,2024-03-01 09:57:51,124,0.7016129032258065,18.693548387096776,56.69999999999999,0.6666666666666666,0.9194444444444434,3.3099999999999965,0,0,0,3.417777777777778,10.883333333333333,True,0.0,18.693548387096776,26.64367816091954,0,0.0,0.0,0.0
0138c5f52809eafe6862d5ea5ae83fb87cc3d19a4d2070dceb3a8ef737975f8a,8,2024-03-01 10:04:18,2024-03-01 10:06:06,12,0.25,2.0833333333333335,9.0,0.20694444444444432,0.18749999999999972,0.6749999999999989,0,0,0,0.03666666666666667,1.8,True,0.0,2.0833333333333335,8.333333333333334,0,0.0,0.0,0.0
0138c5f52809eafe6862d5ea5ae83fb87cc3d19a4d2070dceb3a8ef737975f8a,9,2024-03-01 10:26:23,2024-03-01 10:30:22,46,0.6086956521739131,11.304347826086957,38.0,0.6805555555555556,0.6458333333333334,2.325,0,0,0,0.7658333333333333,3.9833333333333334,True,0.0,11.304347826086957,18.571428571428573,0,0.0,0.0,0.0
0138c5f52809eafe6862d5ea5ae83fb87cc3d19a4d2070dceb3a8ef737975f8a,10,2024-03-01 10:39:42,2024-03-01 10:50:20,124,0.782258064516129,21.56451612903226,51.0,0.611111111111111,0.816666666666666,2.9399999999999977,0,0,0,3.9097222222222223,10.633333333333333,True,0.0,21.56451612903226,27.567010309278352,0,0.0,0.0,0.0
0138c5f52809eafe6862d5ea5ae83fb87cc3d19a4d2070dceb3a8ef737975f8a,11,2024-03-01 10:58:03,2024-03-01 11:03:23,64,0.859375,20.84375,47.69999999999999,0.7999999999999977,0.9837962962962948,3.5416666666666616,0,1,0,1.7855555555555553,5.333333333333333,True,0.0,20.84375,24.254545454545454,0,0.5600497822028625,0.0,0.0
0138c5f52809eafe6862d5ea5ae83fb87cc3d19a4d2070dceb3a8ef737975f8a,12,2024-03-01 11:09:19,2024-03-01 11:18:15,101,0.7029702970297029,19.534653465346533,55.0,0.6666666666666666,0.8796296296296294,3.1666666666666665,0,0,0,2.9349999999999996,8.933333333333334,True,0.0,19.534653465346533,27.788732394366196,0,0.0,0.0,0.0
0138c5f52809eafe6862d5ea5ae83fb87cc3d19a4d2070dceb3a8ef737975f8a,13,2024-03-01 11:24:47,2024-03-01 11:48:13,236,0.7838983050847458,25.146186440677965,61.0,0.611111111111111,0.763888888888889,2.75,0,0,0,8.747083333333332,23.433333333333334,True,0.0,25.146186440677965,32.07837837837838,0,0.0,0.0,0.0
0138c5f52809eafe6862d5ea5ae83fb87cc3d19a4d2070dceb3a8ef737975f8a,14,2024-03-01 11:56:51,2024-03-01 12:34:37,387,0.7648578811369509,24.67829457364341,55.0,0.6453703703703704,0.7138888888888885,2.569999999999999,0,0,0,14.03875,37.766666666666666,True,0.0,24.67829457364341,32.2652027027027,0,0.0,0.0,0.0
0138c5f52809eafe6862d5ea5ae83fb87cc3d19a4d2070dceb3a8ef737975f8a,15,2024-03-01 13:34:57,2024-03-01 13:54:51,201,0.7512437810945274,20.63681592039801,59.0,0.6111111111111112,0.7222222222222221,2.6,1,0,0,6.223333333333334,19.9,True,0.0,20.63681592039801,27.47019867549669,0,0.0,0.16068559185859668,0.0
0138c5f52809eafe6862d5ea5ae83fb87cc3d19a4d2070dceb3a8ef737975f8a,16,2024-03-01 14:02:27,2024-03-01 14:28:24,203,0.7586206896551724,16.194581280788178,41.799999999999955,0.714814814814813,0.7222222222222223,2.6,0,0,0,4.7588888888888885,25.95,True,0.0,16.194581280788178,21.3474025974026,0,0.0,0.0,0.0
0138c5f52809eafe6862d5ea5ae83fb87cc3d19a4d2070dceb3a8ef737975f8a,17,2024-03-01 15:13:57,2024-03-01 15:32:31,198,0.9747474747474747,54.54040404040404,85.0,0.6032407407407406,0.6708333333333326,2.414999999999998,0,0,0,16.194166666666668,18.566666666666666,True,0.0,54.54040404040404,55.95336787564767,0,0.0,0.0,0.0
0138c5f52809eafe6862d5ea5ae83fb87cc3d19a4d2070dceb3a8ef737975f8a,18,2024-03-01 15:46:57,2024-03-01 15:50:41,43,0.5116279069767442,10.395348837209303,40.49999999999998,0.5499999999999999,0.5833333333333329,2.0999999999999988,0,0,0,0.6613888888888889,3.7333333333333334,True,0.0,10.395348837209303,20.318181818181817,0,0.0,0.0,0.0
0138c5f52809eafe6862d5ea5ae83fb87cc3d19a4d2070dceb3a8ef737975f8a,19,2024-03-01 17:53:39,2024-03-01 17:53:39,1,0.0,0.0,0.0,0.0,0.0,0.0,0,0,0,0.0,0.0,False,0.0,0.0,0.0,0,,,
01c5e356e8e2cbe38dc8cb0ea49f2a186940d2de6af7876b1c1bf4d4c3d08492,1,2024-03-01 09:18:18,2024-03-01 09:18:18,1,0.0,0.0,0.0,0.0,0.0,0.0,0,0,0,0.0,0.0,False,0.0,0.0,0.0,0,,,
01c5e356e8e2cbe38dc8cb0ea49f2a186940d2de6af7876b1c1bf4d4c3d08492,2,2024-03-01 10:04:55,2024-03-01 10:04:55,1,0.0,0.0,0.0,0.0,0.0,0.0,0,0,0,0.0,0.0,False,0.0,0.0,0.0,0,,,
01c5e356e8e2cbe38dc8cb0ea49f2a186940d2de6af7876b1c1bf4d4c3d08492,3,2024-03-01 11:13:23,2024-03-01 11:15:40,2,0.0,0.0,0.0,0.0,0.0,0.0,0,0,0,0.0,2.283333333333333,False,0.0,0.0,0.0,0,,,
01c5e356e8e2cbe38dc8cb0ea49f2a186940d2de6af7876b1c1bf4d4c3d08492,4,2024-03-01 14:59:52,2024-03-01 14:59:52,1,0.0,0.0,0.0,0.0,0.0,0.0,0,0,0,0.0,0.0,False,0.0,0.0,0.0,0,,,
01c5e356e8e2cbe38dc8cb0ea49f2a186940d2de6af7876b1c1bf4d4c3d08492,5,2024-03-01 16:02:42,2024-03-01 16:02:42,1,0.0,0.0,0.0,0.0,0.0,0.0,0,0,0,0.0,0.0,False,0.0,0.0,0.0,0,,,
0296ba754de6340615244e6c72742e39b5b16d2a205b290e63dec1b1a56382f0,1,2024-03-01 01:07:13,2024-03-01 01:07:13,1,1.0,1.0,1.0,0.0,0.0,0.0,0,0,0,0.0,0.0,False,1.0,1.0,1.0,0,,,
0296ba754de6340615244e6c72742e39b5b16d2a205b290e63dec1b1a56382f0,2,2024-03-01 02:20:35,2024-03-01 02:20:35,1,0.0,0.0,0.0,0.0,0.0,0.0,0,0,0,0.0,0.0,False,1.0,0.0,0.0,0,,,
0296ba754de6340615244e6c72742e39b5b16d2a205b290e63dec1b1a56382f0,3,2024-03-01 03:34:53,2024-03-01 03:34:53,1,0.0,0.0,0.0,0.0,0.0,0.0,0,0,0,0.0,0.0,False,1.0,0.0,0.0,0,,,
0296ba754de6340615244e6c72742e39b5b16d2a205b290e63dec1b1a56382f0,4,2024-03-01 04:47:35,2024-03-01 04:47:35,1,1.0,1.0,1.0,0.0,0.0,0.0,0,0,0,0.0,0.0,False,1.0,1.0,1.0,0,,,
0296ba754de6340615244e6c72742e39b5b16d2a205b290e63dec1b1a56382f0,5,2024-03-01 07:14:43,2024-03-01 07:14:43,1,0.0,0.0,0.0,0.0,0.0,0.0,0,0,0,0.0,0.0,False,0.0,0.0,0.0,0,,,
0296ba754de6340615244e6c72742e39b5b16d2a205b290e63dec1b1a56382f0,6,2024-03-01 08:28:20,2024-03-01 08:28:20,1,0.0,0.0,0.0,0.0,0.0,0.0,0,0,0,0.0,0.0,False,0.0,0.0,0.0,0,,,
0296ba754de6340615244e6c72742e39b5b16d2a205b290e63dec1b1a56382f0,7,2024-03-01 12:08:55,2024-03-01 12:08:55,1,1.0,3.0,3.0,0.0,0.0,0.0,0,0,0,0.0,0.0,False,0.0,3.0,3.0,0,,,
0296ba754de6340615244e6c72742e39b5b16d2a205b290e63dec1b1a56382f0,8,2024-03-01 14:34:44,2024-03-01 14:34:44,1,1.0,1.0,1.0,0.0,0.0,0.0,0,0,0,0.0,0.0,False,0.0,1.0,1.0,0,,,
0296ba754de6340615244e6c72742e39b5b16d2a205b290e63dec1b1a56382f0,9,2024-03-01 15:47:21,2024-03-01 15:47:21,1,0.0,0.0,0.0,0.0,0.0,0.0,0,0,0,0.0,0.0,False,0.0,0.0,0.0,0,,,
02efb606ed9bdf6e90adf2e69389f692c36d42ec28334aaff51f63a263d00265,1,2024-03-01 11:11:32,2024-03-01 11:15:17,35,0.5142857142857142,7.6,22.0,0.5722222222222221,0.656944444444444,2.3649999999999984,0,0,0,0.36,3.75,True,0.0,7.6,14.777777777777779,0,0.0,0.0,0.0
02efb606ed9bdf6e90adf2e69389f692c36d42ec28334aaff51f63a263d00265,2,2024-03-01 15:41:34,2024-03-01 16:18:18,428,0.5046728971962616,11.511682242990654,42.0,0.7222222222222222,0.7493055555555546,2.6974999999999967,0,0,0,7.003055555555555,36.733333333333334,True,0.0,11.511682242990654,22.810185185185187,0,0.0,0.0,0.0
02efb606ed9bdf6e90adf2e69389f692c36d42ec28334aaff51f63a263d00265,3,2024-03-01 16:51:38,2024-03-01 16:51:38,1,0.0,0.0,0.0,0.0,0.0,0.0,0,0,0,0.0,0.0,False,0.0,0.0,0.0,0,,,
02efb606ed9bdf6e90adf2e69389f692c36d42ec28334aaff51f63a263d00265,4,2024-03-01 17:51:33,2024-03-01 17:51:33,1,0.0,0.0,0.0,0.0,0.0,0.0,0,0,0,0.0,0.0,False,0.0,0.0,0.0,0,,,
02efb606ed9bdf6e90adf2e69389f692c36d42ec28334aaff51f63a263d00265,5,2024-03-01 17:57:10,2024-03-01 18:07:41,55,0.8,15.727272727272727,37.3,0.847222222222222,0.9805555555555552,3.529999999999999,0,0,0,1.9575,10.516666666666667,True,0.0,15.727272727272727,19.65909090909091,0,0.0,0.0,0.0
04e5c38694b57f8422e91b7752e297927fb7d1f1abc4f941fb23a3a105508c21,1,2024-03-01 00:21:54,2024-03-01 00:21:54,1,0.0,0.0,0.0,0.0,0.0,0.0,0,0,0,0.0,0.0,False,1.0,0.0,0.0,0,,,
04e5c38694b57f8422e91b7752e297927fb7d1f1abc4f941fb23a3a105508c21,2,2024-03-01 01:29:03,2024-03-01 01:29:03,1,0.0,0.0,0.0,0.0,0.0,0.0,0,0,0,0.0,0.0,False,1.0,0.0,0.0,0,,,
04e5c38694b57f8422e91b7752e297927fb7d1f1abc4f941fb23a3a105508c21,3,2024-03-01 02:36:18,2024-03-01 02:36:18,1,0.0,0.0,0.0,0.0,0.0,0.0,0,0,0,0.0,0.0,False,1.0,0.0,0.0,0,,,
04e5c38694b57f8422e91b7752e297927fb7d1f1abc4f941fb23a3a105508c21,4,2024-03-01 03:43:34,2024-03-01 03:43:34,1,0.0,0.0,0.0,0.0,0.0,0.0,0,0,0,0.0,0.0,False,1.0,0.0,0.0,0,,,
04e5c38694b57f8422e91b7752e297927fb7d1f1abc4f941fb23a3a105508c21,5,2024-03-01 08:12:41,2024-03-01 08:12:41,1,1.0,1.0,1.0,0.0,0.0,0.0,0,0,0,0.0,0.0,False,0.0,1.0,1.0,0,,,
04e5c38694b57f8422e91b7752e297927fb7d1f1abc4f941fb23a3a105508c21,6,2024-03-01 09:20:02,2024-03-01 09:20:02,1,1.0,1.0,1.0,0.0,0.0,0.0,0,0,0,0.0,0.0,False,0.0,1.0,1.0,0,,,
04e5c38694b57f8422e91b7752e297927fb7d1f1abc4f941fb23a3a105508c21,7,2024-03-01 13:49:10,2024-03-01 13:49:10,1,0.0,0.0,0.0,0.0,0.0,0.0,0,0,0,0.0,0.0,False,0.0,0.0,0.0,0,,,
04e5c38694b57f8422e91b7752e297927fb7d1f1abc4f941fb23a3a105508c21,8,2024-03-01 14:58:22,2024-03-01 14:58:22,1,0.0,0.0,0.0,0.0,0.0,0.0,0,0,0,0.0,0.0,False,0.0,0.0,0.0,0,,,
04e5c38694b57f8422e91b7752e297927fb7d1f1abc4f941fb23a3a105508c21,9,2024-03-01 15:25:30,2024-03-01 15:26:29,7,1.0,38.57142857142857,53.8,0.6499999999999996,0.48055555555555507,1.7299999999999982,0,0,0,0.7522222222222222,0.9833333333333333,True,0.0,38.57142857142857,38.57142857142857,0,0.0,0.0,0.0
04e5c38694b57f8422e91b7752e297927fb7d1f1abc4f941fb23a3a105508c21,10,2024-03-01 16:23:58,2024-03-01 16:23:58,1,0.0,0.0,0.0,0.0,0.0,0.0,0,0,0,0.0,0.0,False,0.0,0.0,0.0,0,,,
04e5c38694b57f8422e91b7752e297927fb7d1f1abc4f941fb23a3a105508c21,11,2024-03-01 17:59:01,2024-03-01 18:00:52,22,0.9090909090909091,22.59090909090909,39.9,0.9018518518518515,0.8277777777777777,2.9799999999999995,0,0,0,0.6747222222222222,1.85,True,0.0,22.59090909090909,24.85,0,0.0,0.0,0.0
04e5c38694b57f8422e91b7752e297927fb7d1f1abc4f941fb23a3a105508c21,12,2024-03-01 18:24:24,2024-03-01 18:26:37,22,0.6818181818181818,12.136363636363637,28.9,0.8277777777777776,0.8611111111111106,3.0999999999999988,0,0,0,0.4666666666666666,2.216666666666667,True,0.0,12.136363636363637,17.8,0,0.0,0.0,0.0
0503a2eaa4c7ae9e7e23fac31a4f98a7e4278d707662c7de63e4d63a1a90503d,1,2024-03-01 07:51:20,2024-03-01 07:51:20,1,1.0,1.0,1.0,0.0,0.0,0.0,0,0,0,0.0,0.0,False,0.0,1.0,1.0,0,,,
0503a2eaa4c7ae9e7e23fac31a4f98a7e4278d707662c7de63e4d63a1a90503d,2,2024-03-01 08:37:32,2024-03-01 08:39:04,18,0.7777777777777778,14.722222222222221,25.299999999999997,0.32777777777777733,0.5291666666666665,1.9049999999999991,0,0,0,0.37083333333333335,1.5333333333333334,True,0.0,14.722222222222221,18.928571428571427,0,0.0,0.0,0.0
0503a2eaa4c7ae9e7e23fac31a4f98a7e4278d707662c7de63e4d63a1a90503d,3,2024-03-01 08:44:13,2024-03-01 08:45:43,19,0.6842105263157895,11.631578947368421,27.199999999999996,0.5972222222222212,0.40092592592592574,1.4433333333333322,0,0,0,0.28805555555555556,1.5,True,0.0,11.631578947368421,17.0,0,0.0,0.0,0.0
0503a2eaa4c7ae9e7e23fac31a4f98a7e4278d707662c7de63e4d63a1a90503d,4,2024-03-01 08:54:42,2024-03-01 08:57:33,33,0.8484848484848485,9.030303030303031,34.99999999999999,0.2444444444444444,0.4666666666666666,1.6799999999999997,0,0,0,0.3916666666666666,2.85,True,0.0,9.030303030303031,10.642857142857142,0,0.0,0.0,0.0
0503a2eaa4c7ae9e7e23fac31a4f98a7e4278d707662c7de63e4d63a1a90503d,5,2024-03-01 10:03:55,2024-03-01 10:03:55,1,0.0,0.0,0.0,0.0,0.0,0.0,0,0,0,0.0,0.0,False,0.0,0.0,0.0,0,,,
0503a2eaa4c7ae9e7e23fac31a4f98a7e4278d707662c7de63e4d63a1a90503d,6,2024-03-01 10:15:37,2024-03-01 10:24:38,57,0.5087719298245614,8.087719298245615,33.0,0.5555555555555544,0.47777777777777697,1.7199999999999975,0,0,0,0.8277777777777778,9.016666666666667,True,0.0,8.087719298245615,15.89655172413793,0,0.0,0.0,0.0
0503a2eaa4c7ae9e7e23fac31a4f98a7e4278d707662c7de63e4d63a1a90503d,7,2024-03-01 11:23:39,2024-03-01 11:23:39,1,0.0,0.0,0.0,0.0,0.0,0.0,0,0,0,0.0,0.0,False,0.0,0.0,0.0,0,,,
0503a2eaa4c7ae9e7e23fac31a4f98a7e4278d707662c7de63e4d63a1a90503d,8,2024-03-01 11:49:09,2024-03-01 12:10:28,201,0.6517412935323383,11.527363184079602,40.0,0.5555555555555554,0.6018518518518519,2.1666666666666665,0,0,0,3.321388888888889,21.316666666666666,True,0.0,11.527363184079602,17.68702290076336,0,0.0,0.0,0.0
0503a2eaa4c7ae9e7e23fac31a4f98a7e4278d707662c7de63e4d63a1a90503d,9,2024-03-01 12:15:36,2024-03-01 12:20:41,62,0.5645161290322581,11.82258064516129,45.89999999999999,0.886111111111111,0.9916666666666657,3.5699999999999976,0,0,0,0.933611111111111,5.083333333333333,True,0.0,11.82258064516129,20.942857142857143,0,0.0,0.0,0.0
0503a2eaa4c7ae9e7e23fac31a4f98a7e4278d707662c7de63e4d63a1a90503d,10,2024-03-01 12:29:15,2024-03-01 12:47:50,187,0.732620320855615,11.358288770053475,36.39999999999998,0.6611111111111109,0.5805555555555544,2.089999999999996,0,0,0,3.7633333333333336,18.583333333333332,True,0.0,11.358288770053475,15.503649635036496,0,0.0,0.0,0.0
0503a2eaa4c7ae9e7e23fac31a4f98a7e4278d707662c7de63e4d63a1a90503d,11,2024-03-01 13:48:14,2024-03-01 13:48:14,1,0.0,0.0,0.0,0.0,0.0,0.0,0,0,0,0.0,0.0,False,0.0,0.0,0.0,0,,,
0503a2eaa4c7ae9e7e23fac31a4f98a7e4278d707662c7de63e4d63a1a90503d,12,2024-03-01 15:55:33,2024-03-01 15:55:33,1,0.0,0.0,0.0,0.0,0.0,0.0,0,0,0,0.0,0.0,False,0.0,0.0,0.0,0,,,
0503a2eaa4c7ae9e7e23fac31a4f98a7e4278d707662c7de63e4d63a1a90503d,13,2024-03-01 17:39:02,2024-03-01 17:39:44,10,0.4,5.8,17.299999999999994,0.6166666666666666,0.15277777777777746,0.5499999999999989,0,0,0,0.06555555555555555,0.7,True,0.0,5.8,14.5,0,0.0,0.0,0.0
054a315f54df7fb6865fb7cd144fd59c1982d77c416521ee452b1798fc055b5a,1,2024-03-01 01:50:04,2024-03-01 01:50:04,1,0.0,0.0,0.0,0.0,0.0,0.0,0,0,0,0.0,0.0,False,1.0,0.0,0.0,0,,,
054a315f54df7fb6865fb7cd144fd59c1982d77c416521ee452b1798fc055b5a,2,2024-03-01 02:56:31,2024-03-01 02:56:31,1,1.0,1.0,1.0,0.0,0.0,0.0,0,0,0,0.0,0.0,False,1.0,1.0,1.0,0,,,
054a315f54df7fb6865fb7cd144fd59c1982d77c416521ee452b1798fc055b5a,3,2024-03-01 05:09:10,2024-03-01 05:09:10,1,0.0,0.0,0.0,0.0,0.0,0.0,0,0,0,0.0,0.0,False,1.0,0.0,0.0,0,,,
054a315f54df7fb6865fb7cd144fd59c1982d77c416521ee452b1798fc055b5a,4,2024-03-01 06:15:41,2024-03-01 06:15:41,1,0.0,0.0,0.0,0.0,0.0,0.0,0,0,0,0.0,0.0,False,0.0,0.0,0.0,0,,,
054a315f54df7fb6865fb7cd144fd59c1982d77c416521ee452b1798fc055b5a,5,2024-03-01 07:23:40,2024-03-01 07:38:38,110,0.4090909090909091,15.936363636363636,61.0,0.8555555555555545,0.9861111111111105,3.549999999999997,0,1,0,2.575833333333333,14.966666666666667,True,0.0,15.936363636363636,38.955555555555556,0,0.38822387576835976,0.0,0.0
054a315f54df7fb6865fb7cd144fd59c1982d77c416521ee452b1798fc055b5a,6,2024-03-01 07:46:10,2024-03-01 07:57:43,139,0.935251798561151,38.0431654676259,66.19999999999999,1.1111111111111112,1.0055555555555553,3.6199999999999988,0,0,0,7.479444444444443,11.55,True,0.0,38.0431654676259,40.676923076923075,0,0.0,0.0,0.0
054a315f54df7fb6865fb7cd144fd59c1982d77c416521ee452b1798fc055b5a,7,2024-03-01 08:57:54,2024-03-01 08:57:54,1,0.0,0.0,0.0,0.0,0.0,0.0,0,0,0,0.0,0.0,False,0.0,0.0,0.0,0,,,
054a315f54df7fb6865fb7cd144fd59c1982d77c416521ee452b1798fc055b5a,8,2024-03-01 09:54:58,2024-03-01 09:58:54,3,0.3333333333333333,0.3333333333333333,0.8999999999999999,0.001288659793814433,0.0,0.0,0,0,0,0.053888888888888896,3.933333333333333,True,0.0,0.3333333333333333,1.0,0,0.0,0.0,0.0
054a315f54df7fb6865fb7cd144fd59c1982d77c416521ee452b1798fc055b5a,9,2024-03-01 15:32:14,2024-03-01 15:32:14,1,0.0,0.0,0.0,0.0,0.0,0.0,0,0,0,0.0,0.0,False,0.0,0.0,0.0,0,,,
054a315f54df7fb6865fb7cd144fd59c1982d77c416521ee452b1798fc055b5a,10,2024-03-01 16:06:35,2024-03-01 16:11:01,53,1.0,47.41509433962264,64.0,0.7499999999999999,0.9888888888888883,3.5599999999999983,0,0,0,3.4977777777777774,4.433333333333334,True,0.0,47.41509433962264,47.41509433962264,0,0.0,0.0,0.0
054a315f54df7fb6865fb7cd144fd59c1982d77c416521ee452b1798fc055b5a,11,2024-03-01 16:23:17,2024-03-01 16:27:34,15,0.6,7.2,31.69999999999999,0.21574074074074015,0.573148148148148,2.0633333333333326,0,0,0,0.09916666666666667,4.283333333333333,True,0.0,7.2,12.0,0,0.0,0.0,0.0
054a315f54df7fb6865fb7cd144fd59c1982d77c416521ee452b1798fc055b5a,12,2024-03-01 16:34:01,2024-03-01 17:00:28,285,0.6596491228070176,11.473684210526315,48.40000000000009,0.6555555555555562,0.5925925925925931,2.133333333333335,0,0,0,4.703611111111111,26.45,True,0.0,11.473684210526315,17.393617021276597,0,0.0,0.0,0.0
054a315f54df7fb6865fb7cd144fd59c1982d77c416521ee452b1798fc055b5a,13,2024-03-01 17:14:20,2024-03-01 17:27:56,156,0.3141025641025641,3.0128205128205128,16.0,0.5555555555555554,0.4375,1.575,0,0,0,0.648888888888889,13.6,True,0.0,3.0128205128205128,9.591836734693878,0,0.0,0.0,0.0
054a315f54df7fb6865fb7cd144fd59c1982d77c416521ee452b1798fc055b5a,14,2024-03-01 17:39:37,2024-03-01 17:58:32,213,0.8544600938967136,27.384976525821596,70.0,1.007407407407407,0.705555555555555,2.539999999999998,0,0,0,8.045,18.916666666666668,True,0.0,27.384976525821596,32.04945054945055,0,0.0,0.0,0.0
05789add75c68c56702a0111c05ab5af53addaf25a955eb74fc8dd6a1908b225,1,2024-03-01 08:03:15,2024-03-01 08:15:34,137,0.8029197080291971,28.463503649635037,62.0,0.888888888888889,0.7333333333333326,2.639999999999998,0,0,0,5.857916666666666,12.316666666666666,True,0.0,28.463503649635037,35.45,0,0.0,0.0,0.0
05789add75c68c56702a0111c05ab5af53addaf25a955eb74fc8dd6a1908b225,2,2024-03-01 08:22:56,2024-03-01 08:43:58,243,0.8559670781893004,38.22633744855967,76.79999999999995,0.888888888888889,0.888888888888889,3.2,0,0,0,13.268055555555554,21.033333333333335,True,0.0,38.22633744855967,44.65865384615385,0,0.0,0.0,0.0
05789add75c68c56702a0111c05ab5af53addaf25a955eb74fc8dd6a1908b225,3,2024-03-01 09:37:02,2024-03-01 09:38:29,7,0.0,0.0,0.0,0.0,-0.0,-0.0,0,0,0,0.0,1.45,False,0.0,0.0,0.0,0,,,
05789add75c68c56702a0111c05ab5af53addaf25a955eb74fc8dd6a1908b225,4,2024-03-01 10:37:43,2024-03-01 10:44:52,73,0.7397260273972602,15.0,35.0,0.7555555555555553,0.6333333333333329,2.2799999999999985,0,0,0,1.5969444444444443,7.15,True,0.0,15.0,20.27777777777778,0,0.0,0.0,0.0
05789add75c68c56702a0111c05ab5af53addaf25a955eb74fc8dd6a1908b225,5,2024-03-01 11:55:03,2024-03-01 11:57:18,13,0.9230769230769231,21.384615384615383,37.0,0.44444444444444375,0.7444444444444439,2.6799999999999984,0,0,0,0.4538888888888889,2.25,True,0.0,21.384615384615383,23.166666666666668,0,0.0,0.0,0.0
05789add75c68c56702a0111c05ab5af53addaf25a955eb74fc8dd6a1908b225,6,2024-03-01 12:14:22,2024-03-01 12:18:01,32,0.84375,14.3125,29.0,0.5444444444444442,0.37870370370370365,1.3633333333333333,0,0,0,0.6741666666666665,3.65,True,0.0,14.3125,16.962962962962962,0,0.0,0.0,0.0
05789add75c68c56702a0111c05ab5af53addaf25a955eb74fc8dd6a1908b225,7,2024-03-01 14:20:14,2024-03-01 14:20:14,1,0.0,0.0,0.0,0.0,0.0,0.0,0,0,0,0.0,0.0,False,0.0,0.0,0.0,0,,,
05789add75c68c56702a0111c05ab5af53addaf25a955eb74fc8dd6a1908b225,8,2024-03-01 15:15:49,2024-03-01 15:30:58,151,0.9271523178807947,48.05960264900662,81.0,0.9583333333333337,0.8333333333333333,3.0,0,0,0,10.465833333333332,15.15,True,0.0,48.05960264900662,51.83571428571429,0,0.0,0.0,0.0
05789add75c68c56702a0111c05ab5af53addaf25a955eb74fc8dd6a1908b225,9,2024-03-01 15:52:25,2024-03-01 16:19:59,310,0.9225806451612903,41.76129032258064,77.0,0.611111111111111,0.6416666666666673,2.3100000000000023,0,0,0,19.917777777777772,27.566666666666666,True,0.0,41.76129032258064,45.26573426573427,0,0.0,0.0,0.0
05789add75c68c56702a0111c05ab5af53addaf25a955eb74fc8dd6a1908b225,10,2024-03-01 16:30:03,2024-03-01 16:32:22,11,0.9090909090909091,16.954545454545453,26.0,0.3611111111111111,0.40509259259259267,1.4583333333333335,0,0,0,0.3063888888888889,2.316666666666667,True,0.0,16.954545454545453,18.65,0,0.0,0.0,0.0
05a1006531ed70f250fd33bc8110ea4d51a5603d9966969c57099e5d5a1f538a,1,2024-03-01 10:01:19,2024-03-01 10:27:52,302,0.9437086092715232,31.811258278145694,74.0,0.7837962962962954,0.7208333333333329,2.594999999999999,0,0,0,14.132499999999999,26.55,True,0.0,31.811258278145694,33.708771929824564,0,0.0,0.0,0.0
05a1006531ed70f250fd33bc8110ea4d51a5603d9966969c57099e5d5a1f538a,2,2024-03-01 10:32:59,2024-03-01 10:36:45,35,0.8,30.34285714285714,68.6,0.9777777777777776,0.933333333333332,3.3599999999999968,0,0,0,1.3730555555555553,3.7666666666666666,True,0.0,30.34285714285714,37.92857142857143,0,0.0,0.0,0.0
05a1006531ed70f250fd33bc8110ea4d51a5603d9966969c57099e5d5a1f538a,3,2024-03-01 10:55:08,2024-03-01 11:08:36,134,0.5597014925373134,6.246268656716418,25.69999999999999,0.908333333333333,0.5032407407407407,1.8116666666666665,0,0,0,1.0727777777777778,13.466666666666667,True,0.0,6.246268656716418,11.16,0,0.0,0.0,0.0
05a1006531ed70f250fd33bc8110ea4d51a5603d9966969c57099e5d5a1f538a,4,2024-03-01 12:22:24,2024-03-01 13:10:35,473,0.904862579281184,28.852008456659618,72.0,0.611111111111111,0.611111111111111,2.2,0,0,0,21.915555555555553,48.18333333333333,True,0.0,28.852008456659618,31.885514018691588,0,0.0,0.0,0.0
069988de85edac7fef91121ec8478bb1b2bba1bbcd41bc5ebdd48a336530aab6,1,2024-03-01 00:56:37,2024-03-01 00:56:37,1,0.0,0.0,0.0,0.0,0.0,0.0,0,0,0,0.0,0.0,False,1.0,0.0,0.0,0,,,
069988de85edac7fef91121ec8478bb1b2bba1bbcd41bc5ebdd48a336530aab6,2,2024-03-01 05:34:39,2024-03-01 05:34:39,1,0.0,0.0,0.0,0.0,0.0,0.0,0,0,0,0.0,0.0,False,1.0,0.0,0.0,0,,,
069988de85edac7fef91121ec8478bb1b2bba1bbcd41bc5ebdd48a336530aab6,3,2024-03-01 07:56:12,2024-03-01 07:56:12,1,0.0,0.0,0.0,0.0,0.0,0.0,0,0,0,0.0,0.0,False,0.0,0.0,0.0,0,,,
069988de85edac7fef91121ec8478bb1b2bba1bbcd41bc5ebdd48a336530aab6,4,2024-03-01 08:03:01,2024-03-01 08:11:02,89,0.6404494382022472,23.292134831460675,64.0,1.4444444444444444,1.2222222222222208,4.399999999999994,0,0,0,3.0022222222222226,8.016666666666667,True,0.0,23.292134831460675,36.36842105263158,0,0.0,0.0,0.0
069988de85edac7fef91121ec8478bb1b2bba1bbcd41bc5ebdd48a336530aab6,5,2024-03-01 09:35:02,2024-03-01 09:35:42,2,0.0,0.0,0.0,0.0,0.0,0.0,0,0,0,0.0,0.6666666666666666,False,0.0,0.0,0.0,0,,,
069988de85edac7fef91121ec8478bb1b2bba1bbcd41bc5ebdd48a336530aab6,6,2024-03-01 12:27:40,2024-03-01 12:27:40,1,0.0,0.0,0.0,0.0,0.0,0.0,0,0,0,0.0,0.0,False,0.0,0.0,0.0,0,,,
069988de85edac7fef91121ec8478bb1b2bba1bbcd41bc5ebdd48a336530aab6,7,2024-03-01 13:37:02,2024-03-01 13:37:02,1,0.0,0.0,0.0,0.0,0.0,0.0,0,0,0,0.0,0.0,False,0.0,0.0,0.0,0,,,
069988de85edac7fef91121ec8478bb1b2bba1bbcd41bc5ebdd48a336530aab6,8,2024-03-01 14:46:20,2024-03-01 14:46:20,1,1.0,1.0,1.0,0.0,0.0,0.0,0,0,0,0.0,0.0,False,0.0,1.0,1.0,0,,,
069988de85edac7fef91121ec8478bb1b2bba1bbcd41bc5ebdd48a336530aab6,9,2024-03-01 17:07:12,2024-03-01 17:07:12,1,0.0,0.0,0.0,0.0,0.0,0.0,0,0,0,0.0,0.0,False,0.0,0.0,0.0,0,,,
069988de85edac7fef91121ec8478bb1b2bba1bbcd41bc5ebdd48a336530aab6,10,2024-03-01 18:08:28,2024-03-01 18:17:58,110,0.6909090909090909,16.245454545454546,42.19999999999999,0.611111111111111,0.7662037037037036,2.758333333333333,0,0,0,2.528333333333333,9.5,True,0.0,16.245454545454546,23.513157894736842,0,0.0,0.0,0.0
06d7b5f3e85c8c2770286b9338652da5fa5d0876af5071c7cc4e3b0f6ba3bcd3,1,2024-03-01 00:53:17,2024-03-01 00:53:17,1,1.0,9.0,9.0,0.0,0.0,0.0,0,0,0,0.0,0.0,False,1.0,9.0,9.0,0,,,
06d7b5f3e85c8c2770286b9338652da5fa5d0876af5071c7cc4e3b0f6ba3bcd3,2,2024-03-01 06:57:36,2024-03-01 06:57:36,1,0.0,0.0,0.0,0.0,0.0,0.0,0,0,0,0.0,0.0,False,0.0,0.0,0.0,0,,,
06d7b5f3e85c8c2770286b9338652da5fa5d0876af5071c7cc4e3b0f6ba3bcd3,3,2024-03-01 08:10:45,2024-03-01 08:11:48,2,0.0,0.0,0.0,0.0,0.0,0.0,0,0,0,0.0,1.05,False,0.0,0.0,0.0,0,,,
06d7b5f3e85c8c2770286b9338652da5fa5d0876af5071c7cc4e3b0f6ba3bcd3,4,2024-03-01 08:18:06,2024-03-01 08:39:46,212,0.5943396226415094,6.721698113207547,31.0,0.6060185185185183,0.611111111111111,2.2,0,0,0,1.8127777777777778,21.666666666666668,True,0.0,6.721698113207547,11.30952380952381,0,0.0,0.0,0.0
06d7b5f3e85c8c2770286b9338652da5fa5d0876af5071c7cc4e3b0f6ba3bcd3,5,2024-03-01 08:56:11,2024-03-01 08:57:48,9,0.1111111111111111,0.1111111111111111,0.5999999999999996,0.03333333333333331,0.03333333333333331,0.11999999999999994,0,0,0,0.001388888888888889,1.6166666666666667,False,0.0,0.1111111111111111,1.0,0,0.0,0.0,0.0
06d7b5f3e85c8c2770286b9338652da5fa5d0876af5071c7cc4e3b0f6ba3bcd3,6,2024-03-01 09:23:41,2024-03-01 09:23:46,2,0.0,0.0,0.0,0.0,0.0,0.0,0,0,0,0.0,0.08333333333333333,False,0.0,0.0,0.0,0,,,
06d7b5f3e85c8c2770286b9338652da5fa5d0876af5071c7cc4e3b0f6ba3bcd3,7,2024-03-01 10:27:40,2024-03-01 10:32:25,6,0.16666666666666666,0.16666666666666666,0.75,0.04166666666666667,0.0,0.0,0,0,0,0.001388888888888889,4.75,False,0.0,0.16666666666666666,1.0,0,0.0,0.0,0.0
06d7b5f3e85c8c2770286b9338652da5fa5d0876af5071c7cc4e3b0f6ba3bcd3,8,2024-03-01 10:41:20,2024-03-01 10:42:40,16,0.5625,1.9375,5.5,0.2916666666666667,0.1111111111111111,0.4,0,0,0,0.04527777777777777,1.3333333333333333,True,0.0,1.9375,3.4444444444444446,0,0.0,0.0,0.0
06d7b5f3e85c8c2770286b9338652da5fa5d0876af5071c7cc4e3b0f6ba3bcd3,9,2024-03-01 11:42:43,2024-03-01 11:42:43,1,0.0,0.0,0.0,0.0,0.0,0.0,0,0,0,0.0,0.0,False,0.0,0.0,0.0,0,,,
06d7b5f3e85c8c2770286b9338652da5fa5d0876af5071c7cc4e3b0f6ba3bcd3,10,2024-03-01 12:13:05,2024-03-01 12:43:40,317,0.48264984227129337,13.829652996845425,55.0,0.7999999999999978,0.9444444444444443,3.4,1,0,0,8.461388888888889,30.583333333333332,True,0.0,13.829652996845425,28.65359477124183,0,0.0,0.1181839072912905,0.0
06d7b5f3e85c8c2770286b9338652da5fa5d0876af5071c7cc4e3b0f6ba3bcd3,11,2024-03-01 12:49:28,2024-03-01 12:56:18,76,1.0,43.25,70.0,0.4375,0.5,1.8,0,0,0,5.0119444444444445,6.833333333333333,True,0.0,43.25,43.25,0,0.0,0.0,0.0
06d7b5f3e85c8c2770286b9338652da5fa5d0876af5071c7cc4e3b0f6ba3bcd3,12,2024-03-01 13:16:28,2024-03-01 13:22:52,69,0.927536231884058,28.681159420289855,61.599999999999994,0.5888888888888881,0.6777777777777771,2.4399999999999977,0,0,0,3.227222222222222,6.4,True,0.0,28.681159420289855,30.921875,0,0.0,0.0,0.0
06d7b5f3e85c8c2770286b9338652da5fa5d0876af5071c7cc4e3b0f6ba3bcd3,13,2024-03-01 14:22:51,2024-03-01 14:22:51,1,0.0,0.0,0.0,0.0,0.0,0.0,0,0,0,0.0,0.0,False,0.0,0.0,0.0,0,,,
06d7b5f3e85c8c2770286b9338652da5fa5d0876af5071c7cc4e3b0f6ba3bcd3,14,2024-03-01 15:23:34,2024-03-01 15:25:49,2,0.0,0.0,0.0,0.0,0.0,0.0,0,0,0,0.0,2.25,False,0.0,0.0,0.0,0,,,
06d7b5f3e85c8c2770286b9338652da5fa5d0876af5071c7cc4e3b0f6ba3bcd3,15,2024-03-01 16:12:20,2024-03-01 16:35:48,251,0.701195219123506,23.38645418326693,73.0,1.4120370370370372,1.3611111111111112,4.9,2,1,0,8.629166666666668,23.466666666666665,True,0.0,23.38645418326693,33.35227272727273,0,0.11588604538870109,0.23177209077740218,0.0
06d7b5f3e85c8c2770286b9338652da5fa5d0876af5071c7cc4e3b0f6ba3bcd3,16,2024-03-01 16:41:41,2024-03-01 16:41:41,1,0.0,0.0,0.0,0.0,0.0,0.0,0,0,0,0.0,0.0,False,0.0,0.0,0.0,0,,,
06d7b5f3e85c8c2770286b9338652da5fa5d0876af5071c7cc4e3b0f6ba3bcd3,17,2024-03-01 17:41:35,2024-03-01 17:41:35,1,0.0,0.0,0.0,0.0,0.0,0.0,0,0,0,0.0,0.0,False,0.0,0.0,0.0,0,,,
076eb04931fa706d096ec3f9f270311aeaec1506260de4ffa4e31520d6efcb3d,1,2024-03-01 00:02:27,2024-03-01 00:02:27,1,1.0,9.0,9.0,0.0,0.0,0.0,0,0,0,0.0,0.0,False,1.0,9.0,9.0,0,,,
076eb04931fa706d096ec3f9f270311aeaec1506260de4ffa4e31520d6efcb3d,2,2024-03-01 01:09:20,2024-03-01 01:09:20,1,0.0,0.0,0.0,0.0,0.0,0.0,0,0,0,0.0,0.0,False,1.0,0.0,0.0,0,,,
076eb04931fa706d096ec3f9f270311aeaec1506260de4ffa4e31520d6efcb3d,3,2024-03-01 03:23:14,2024-03-01 03:23:14,1,1.0,1.0,1.0,0.0,0.0,0.0,0,0,0,0.0,0.0,False,1.0,1.0,1.0,0,,,
076eb04931fa706d096ec3f9f270311aeaec1506260de4ffa4e31520d6efcb3d,4,2024-03-01 04:30:07,2024-03-01 04:30:07,1,1.0,3.0,3.0,0.0,0.0,0.0,0,0,0,0.0,0.0,False,1.0,3.0,3.0,0,,,
076eb04931fa706d096ec3f9f270311aeaec1506260de4ffa4e31520d6efcb3d,5,2024-03-01 05:37:06,2024-03-01 05:37:06,1,0.0,0.0,0.0,0.0,0.0,0.0,0,0,0,0.0,0.0,False,1.0,0.0,0.0,0,,,
076eb04931fa706d096ec3f9f270311aeaec1506260de4ffa4e31520d6efcb3d,6,2024-03-01 06:44:06,2024-03-01 06:44:06,1,0.0,0.0,0.0,0.0,0.0,0.0,0,0,0,0.0,0.0,False,0.0,0.0,0.0,0,,,
076eb04931fa706d096ec3f9f270311aeaec1506260de4ffa4e31520d6efcb3d,7,2024-03-01 07:34:23,2024-03-01 07:41:36,85,0.8470588235294118,22.294117647058822,40.0,0.6092592592592592,0.7518518518518512,2.706666666666665,0,0,0,2.718333333333333,7.216666666666667,True,0.0,22.294117647058822,26.319444444444443,0,0.0,0.0,0.0
076eb04931fa706d096ec3f9f270311aeaec1506260de4ffa4e31520d6efcb3d,8,2024-03-01 08:41:46,2024-03-01 08:41:46,1,0.0,0.0,0.0,0.0,0.0,0.0,0,0,0,0.0,0.0,False,0.0,0.0,0.0,0,,,
076eb04931fa706d096ec3f9f270311aeaec1506260de4ffa4e31520d6efcb3d,9,2024-03-01 10:49:41,2024-03-01 10:49:41,1,0.0,0.0,0.0,0.0,0.0,0.0,0,0,0,0.0,0.0,False,0.0,0.0,0.0,0,,,
076eb04931fa706d096ec3f9f270311aeaec1506260de4ffa4e31520d6efcb3d,10,2024-03-01 17:30:34,2024-03-01 17:30:34,1,0.0,0.0,0.0,0.0,0.0,0.0,0,0,0,0.0,0.0,False,0.0,0.0,0.0,0,,,
078fceccb096791ccc0372ca8d782951064529bfbb6fb3fb001b61c9ba509f22,1,2024-03-01 03:06:33,2024-03-01 03:06:33,1,0.0,0.0,0.0,0.0,0.0,0.0,0,0,0,0.0,0.0,False,1.0,0.0,0.0,0,,,
078fceccb096791ccc0372ca8d782951064529bfbb6fb3fb001b61c9ba509f22,2,2024-03-01 08:03:09,2024-03-01 08:03:09,1,0.0,0.0,0.0,0.0,0.0,0.0,0,0,0,0.0,0.0,False,0.0,0.0,0.0,0,,,
078fceccb096791ccc0372ca8d782951064529bfbb6fb3fb001b61c9ba509f22,3,2024-03-01 08:37:02,2024-03-01 08:39:10,21,1.0,35.142857142857146,51.0,0.5555555555555554,0.7222222222222221,2.6,0,0,0,1.1777777777777778,2.1333333333333333,True,0.0,35.142857142857146,35.142857142857146,0,0.0,0.0,0.0
078fceccb096791ccc0372ca8d782951064529bfbb6fb3fb001b61c9ba509f22,4,2024-03-01 09:39:00,2024-03-01 09:39:00,1,0.0,0.0,0.0,0.0,0.0,0.0,0,0,0,0.0,0.0,False,0.0,0.0,0.0,0,,,
078fceccb096791ccc0372ca8d782951064529bfbb6fb3fb001b61c9ba509f22,5,2024-03-01 10:38:47,2024-03-01 10:38:47,1,0.0,0.0,0.0,0.0,0.0,0.0,0,0,0,0.0,0.0,False,0.0,0.0,0.0,0,,,
078fceccb096791ccc0372ca8d782951064529bfbb6fb3fb001b61c9ba509f22,6,2024-03-01 11:33:49,2024-03-01 11:40:40,45,0.6444444444444445,16.822222222222223,36.599999999999994,0.8111111111111107,1.0111111111111104,3.6399999999999975,0,0,0,2.209166666666667,6.85,True,0.0,16.822222222222223,26.103448275862068,0,0.0,0.0,0.0
078fceccb096791ccc0372ca8d782951064529bfbb6fb3fb001b61c9ba509f22,7,2024-03-01 12:11:16,2024-03-01 12:15:58,55,0.9090909090909091,24.70909090909091,45.79999999999998,0.7055555555555546,0.6888888888888886,2.479999999999999,0,0,0,1.9988888888888887,4.7,True,0.0,24.70909090909091,27.18,0,0.0,0.0,0.0
078fceccb096791ccc0372ca8d782951064529bfbb6fb3fb001b61c9ba509f22,8,2024-03-01 13:15:46,2024-03-01 13:15:46,1,0.0,0.0,0.0,0.0,0.0,0.0,0,0,0,0.0,0.0,False,0.0,0.0,0.0,0,,,
078fceccb096791ccc0372ca8d782951064529bfbb6fb3fb001b61c9ba509f22,9,2024-03-01 15:28:40,2024-03-01 15:28:40,1,0.0,0.0,0.0,0.0,0.0,0.0,0,0,0,0.0,0.0,False,0.0,0.0,0.0,0,,,
078fceccb096791ccc0372ca8d782951064529bfbb6fb3fb001b61c9ba509f22,10,2024-03-01 16:43:19,2024-03-01 16:43:19,1,0.0,0.0,0.0,0.0,0.0,0.0,0,0,0,0.0,0.0,False,0.0,0.0,0.0,0,,,
078fceccb096791ccc0372ca8d782951064529bfbb6fb3fb001b61c9ba509f22,11,2024-03-01 17:24:07,2024-03-01 17:25:58,22,0.7727272727272727,6.2272727272727275,16.0,0.6847222222222221,0.4384259259259259,1.5783333333333331,0,0,0,0.20555555555555552,1.85,True,0.0,6.2272727272727275,8.058823529411764,0,0.0,0.0,0.0
08835e6d06dedfc905190ebedea59148a17f12d7970063a94cbb054dc12aa916,1,2024-03-01 05:50:35,2024-03-01 05:50:35,1,0.0,0.0,0.0,0.0,0.0,0.0,0,0,0,0.0,0.0,False,1.0,0.0,0.0,0,,,
08835e6d06dedfc905190ebedea59148a17f12d7970063a94cbb054dc12aa916,2,2024-03-01 07:02:35,2024-03-01 08:34:54,985,0.8609137055837564,35.08934010152284,90.0,0.662962962962962,0.6407407407407392,2.306666666666661,0,0,0,53.365,92.31666666666666,True,0.0,35.08934010152284,40.758254716981135,0,0.0,0.0,0.0
0979eab335d27daae6182fcaa2f6a916d20e4962f9083c55931356b58efbe124,1,2024-03-01 06:54:21,2024-03-01 06:55:52,2,0.0,0.0,0.0,0.0,0.0,0.0,0,0,0,0.0,1.5166666666666666,False,0.0,0.0,0.0,0,,,
0979eab335d27daae6182fcaa2f6a916d20e4962f9083c55931356b58efbe124,2,2024-03-01 07:55:29,2024-03-01 08:35:15,390,0.6871794871794872,16.25897435897436,61.0,0.6069444444444441,0.5555555555555556,2.0,0,0,0,10.549444444444443,39.766666666666666,True,0.0,16.25897435897436,23.66044776119403,0,0.0,0.0,0.0
0979eab335d27daae6182fcaa2f6a916d20e4962f9083c55931356b58efbe124,3,2024-03-01 09:35:24,2024-03-01 09:35:24,1,0.0,0.0,0.0,0.0,0.0,0.0,0,0,0,0.0,0.0,False,0.0,0.0,0.0,0,,,
0979eab335d27daae6182fcaa2f6a916d20e4962f9083c55931356b58efbe124,4,2024-03-01 17:19:59,2024-03-01 17:20:59,2,0.0,0.0,0.0,0.0,0.0,0.0,0,0,0,0.0,1.0,False,0.0,0.0,0.0,0,,,
0979eab335d27daae6182fcaa2f6a916d20e4962f9083c55931356b58efbe124,5,2024-03-01 18:07:32,2024-03-01 18:30:01,252,0.9722222222222222,25.30952380952381,55.89999999999998,0.611111111111111,0.6944444444444444,2.5,0,0,0,9.691666666666666,22.483333333333334,True,0.0,25.30952380952381,26.03265306122449,0,0.0,0.0,0.0
099235b91b22bf1e91be462582ca657b59076334b7f1993b348f618a60aa0b71,1,2024-03-01 10:05:38,2024-03-01 10:05:38,1,1.0,1.0,1.0,0.0,0.0,0.0,0,0,0,0.0,0.0,False,0.0,1.0,1.0,0,,,
099235b91b22bf1e91be462582ca657b59076334b7f1993b348f618a60aa0b71,2,2024-03-01 11:13:08,2024-03-01 11:13:08,1,1.0,1.0,1.0,0.0,0.0,0.0,0,0,0,0.0,0.0,False,0.0,1.0,1.0,0,,,
0abe94bf197faeddd30395215a83d02054227bd05cea0ebde0d44dbfe78669b0,1,2024-03-01 09:49:03,2024-03-01 10:19:27,359,0.83008356545961,21.23676880222841,61.0,0.7222222222222221,1.0185185185185184,3.6666666666666665,0,1,0,10.728611111111109,30.4,True,0.0,21.23676880222841,25.583892617449663,0,0.09320870983610804,0.0,0.0
0abe94bf197faeddd30395215a83d02054227bd05cea0ebde0d44dbfe78669b0,2,2024-03-01 10:26:03,2024-03-01 10:26:16,2,0.0,0.0,0.0,0.0,0.0,0.0,0,0,0,0.0,0.21666666666666667,False,0.0,0.0,0.0,0,,,
0abe94bf197faeddd30395215a83d02054227bd05cea0ebde0d44dbfe78669b0,3,2024-03-01 11:26:23,2024-03-01 11:26:23,1,0.0,0.0,0.0,0.0,0.0,0.0,0,0,0,0.0,0.0,False,0.0,0.0,0.0,0,,,
0abe94bf197faeddd30395215a83d02054227bd05cea0ebde0d44dbfe78669b0,4,2024-03-01 12:24:59,2024-03-01 12:48:28,263,0.8365019011406845,29.452471482889734,76.79999999999995,0.9222222222222214,0.8287037037037026,2.9833333333333294,1,0,0,10.814722222222223,23.483333333333334,True,0.0,29.452471482889734,35.20909090909091,0,0.0,0.0924665450902833,0.0
0abe94bf197faeddd30395215a83d02054227bd05cea0ebde0d44dbfe78669b0,5,2024-03-01 15:31:51,2024-03-01 16:15:43,466,0.8583690987124464,36.072961373390555,90.0,0.8333333333333335,0.9444444444444443,3.4,0,0,0,29.91986111111111,43.86666666666667,True,0.0,36.072961373390555,42.025,0,0.0,0.0,0.0
0abe94bf197faeddd30395215a83d02054227bd05cea0ebde0d44dbfe78669b0,6,2024-03-01 17:24:13,2024-03-01 17:24:13,1,0.0,0.0,0.0,0.0,0.0,0.0,0,0,0,0.0,0.0,False,0.0,0.0,0.0,0,,,
0abe94bf197faeddd30395215a83d02054227bd05cea0ebde0d44dbfe78669b0,7,2024-03-01 18:25:06,2024-03-01 18:25:06,1,1.0,1.0,1.0,0.0,0.0,0.0,0,0,0,0.0,0.0,False,0.0,1.0,1.0,0,,,
0adf5631894ed71c5c6525bb48de38298f8779cb4df5afd682a2971a6c086336,1,2024-03-01 09:09:37,2024-03-01 09:17:11,76,0.9210526315789473,18.605263157894736,35.0,0.6041666666666665,0.611111111111111,2.2,0,0,0,2.088333333333333,7.566666666666666,True,0.0,18.605263157894736,20.2,0,0.0,0.0,0.0
0adf5631894ed71c5c6525bb48de38298f8779cb4df5afd682a2971a6c086336,2,2024-03-01 09:35:43,2024-03-01 09:38:02,19,0.631578947368421,10.0,31.199999999999996,0.9851851851851832,0.8009259259259235,2.8833333333333253,0,0,0,0.21361111111111108,2.316666666666667,True,0.0,10.0,15.833333333333334,0,0.0,0.0,0.0
0adf5631894ed71c5c6525bb48de38298f8779cb4df5afd682a2971a6c086336,3,2024-03-01 15:53:54,2024-03-01 16:03:26,95,0.8421052631578947,27.36842105263158,61.3,0.7027777777777776,0.611111111111111,2.2,0,0,0,3.963611111111111,9.533333333333333,True,0.0,27.36842105263158,32.5,0,0.0,0.0,0.0
0adf5631894ed71c5c6525bb48de38298f8779cb4df5afd682a2971a6c086336,4,2024-03-01 16:26:20,2024-03-01 17:40:05,661,0.8577912254160364,38.854765506807865,90.0,0.7222222222222221,0.6666666666666666,2.4,0,1,0,41.20805555555555,73.75,True,0.0,38.854765506807865,45.2962962962963,0,0.02426709987933859,0.0,0.0
0b0080edcb8f8d90d0fbcbf0e2d18fdfbb3ffd5f471d30a63e0a1af0c0efa597,1,2024-03-01 00:45:21,2024-03-01 00:45:21,1,0.0,0.0,0.0,0.0,0.0,0.0,0,0,0,0.0,0.0,False,1.0,0.0,0.0,0,,,
0b0080edcb8f8d90d0fbcbf0e2d18fdfbb3ffd5f471d30a63e0a1af0c0efa597,2,2024-03-01 05:23:17,2024-03-01 05:23:17,1,0.0,0.0,0.0,0.0,0.0,0.0,0,0,0,0.0,0.0,False,1.0,0.0,0.0,0,,,
0b0080edcb8f8d90d0fbcbf0e2d18fdfbb3ffd5f471d30a63e0a1af0c0efa597,3,2024-03-01 06:31:48,2024-03-01 06:34:04,2,0.0,0.0,0.0,0.0,0.0,0.0,0,0,0,0.0,2.2666666666666666,False,0.0,0.0,0.0,0,,,
0b0080edcb8f8d90d0fbcbf0e2d18fdfbb3ffd5f471d30a63e0a1af0c0efa597,4,2024-03-01 06:50:21,2024-03-01 07:24:04,383,0.856396866840731,33.7911227154047,64.0,0.8333333333333333,0.9694444444444439,3.4899999999999975,0,0,0,19.1075,33.71666666666667,True,0.0,33.7911227154047,39.457317073170735,0,0.0,0.0,0.0
0b0080edcb8f8d90d0fbcbf0e2d18fdfbb3ffd5f471d30a63e0a1af0c0efa597,5,2024-03-01 08:49:27,2024-03-01 08:49:27,1,0.0,0.0,0.0,0.0,0.0,0.0,0,0,0,0.0,0.0,False,0.0,0.0,0.0,0,,,
0b0080edcb8f8d90d0fbcbf0e2d18fdfbb3ffd5f471d30a63e0a1af0c0efa597,6,2024-03-01 09:24:26,2024-03-01 09:24:26,1,0.0,0.0,0.0,0.0,0.0,0.0,0,0,0,0.0,0.0,False,0.0,0.0,0.0,0,,,
0b0080edcb8f8d90d0fbcbf0e2d18fdfbb3ffd5f471d30a63e0a1af0c0efa597,7,2024-03-01 09:37:41,2024-03-01 09:39:50,5,0.2,0.2,0.7999999999999998,0.0,0.001966568338249754,0.007079646017699113,0,0,0,0.0,2.15,True,0.0,0.2,1.0,0,,,
0b0080edcb8f8d90d0fbcbf0e2d18fdfbb3ffd5f471d30a63e0a1af0c0efa597,8,2024-03-01 10:40:12,2024-03-01 10:40:12,1,0.0,0.0,0.0,0.0,0.0,0.0,0,0,0,0.0,0.0,False,0.0,0.0,0.0,0,,,
0b0080edcb8f8d90d0fbcbf0e2d18fdfbb3ffd5f471d30a63e0a1af0c0efa597,9,2024-03-01 11:41:55,2024-03-01 11:41:55,1,0.0,0.0,0.0,0.0,0.0,0.0,0,0,0,0.0,0.0,False,0.0,0.0,0.0,0,,,
0ba00a4cb71e0cfdef09606e92dce59d9350b64de0ba6d63fd3ce1fd10c3c371,1,2024-03-01 05:20:19,2024-03-01 05:20:19,1,0.0,0.0,0.0,0.0,0.0,0.0,0,0,0,0.0,0.0,False,1.0,0.0,0.0,0,,,
0ba00a4cb71e0cfdef09606e92dce59d9350b64de0ba6d63fd3ce1fd10c3c371,2,2024-03-01 06:13:05,2024-03-01 06:28:09,166,0.9578313253012049,32.795180722891565,50.0,0.5555555555555554,0.6666666666666665,2.4,0,0,0,8.407222222222222,15.066666666666666,True,0.0,32.795180722891565,34.23899371069182,0,0.0,0.0,0.0
0ba00a4cb71e0cfdef09606e92dce59d9350b64de0ba6d63fd3ce1fd10c3c371,3,2024-03-01 07:15:35,2024-03-01 07:35:28,216,0.8657407407407407,31.35185185185185,55.0,0.7222222222222221,1.0277777777777777,3.6999999999999997,0,0,0,9.807777777777778,19.883333333333333,True,0.0,31.35185185185185,36.213903743315505,0,0.0,0.0,0.0
0ba00a4cb71e0cfdef09606e92dce59d9350b64de0ba6d63fd3ce1fd10c3c371,4,2024-03-01 08:36:00,2024-03-01 08:36:00,1,0.0,0.0,0.0,0.0,0.0,0.0,0,0,0,0.0,0.0,False,0.0,0.0,0.0,0,,,
0ba00a4cb71e0cfdef09606e92dce59d9350b64de0ba6d63fd3ce1fd10c3c371,5,2024-03-01 09:50:45,2024-03-01 09:50:45,1,1.0,1.0,1.0,0.0,0.0,0.0,0,0,0,0.0,0.0,False,0.0,1.0,1.0,0,,,
0ba00a4cb71e0cfdef09606e92dce59d9350b64de0ba6d63fd3ce1fd10c3c371,6,2024-03-01 12:21:37,2024-03-01 12:21:37,1,0.0,0.0,0.0,0.0,0.0,0.0,0,0,0,0.0,0.0,False,0.0,0.0,0.0,0,,,
0ba00a4cb71e0cfdef09606e92dce59d9350b64de0ba6d63fd3ce1fd10c3c371,7,2024-03-01 13:36:49,2024-03-01 13:36:49,1,0.0,0.0,0.0,0.0,0.0,0.0,0,0,0,0.0,0.0,False,0.0,0.0,0.0,0,,,
0ba00a4cb71e0cfdef09606e92dce59d9350b64de0ba6d63fd3ce1fd10c3c371,8,2024-03-01 14:51:55,2024-03-01 14:54:13,2,0.5,2.5,4.75,0.0,0.009561191626409017,0.034420289855072464,0,0,0,0.0,2.3,False,0.0,2.5,5.0,0,,,
0ba00a4cb71e0cfdef09606e92dce59d9350b64de0ba6d63fd3ce1fd10c3c371,9,2024-03-01 15:09:04,2024-03-01 15:16:04,82,0.926829268292683,40.676829268292686,66.0,0.7337962962962967,0.9365740740740743,3.3716666666666684,0,1,0,4.816527777777777,7.0,True,0.0,40.676829268292686,43.88815789473684,0,0.20761844343839214,0.0,0.0
0ba00a4cb71e0cfdef09606e92dce59d9350b64de0ba6d63fd3ce1fd10c3c371,10,2024-03-01 15:29:05,2024-03-01 15:36:02,74,0.8378378378378378,27.45945945945946,55.0,1.113888888888888,1.2037037037037035,4.333333333333333,0,0,0,2.784722222222222,6.95,True,0.0,27.45945945945946,32.774193548387096,0,0.0,0.0,0.0
0ba00a4cb71e0cfdef09606e92dce59d9350b64de0ba6d63fd3ce1fd10c3c371,11,2024-03-01 18:05:48,2024-03-01 18:12:03,60,0.4666666666666667,9.7,35.099999999999994,0.8930555555555554,0.7222222222222221,2.6,0,0,0,0.841111111111111,6.25,True,0.0,9.7,20.785714285714285,0,0.0,0.0,0.0
0bdc0427aa1c247f754e23e79eddc87ae3602bf72d4c9dcaca064f378444d711,1,2024-03-01 17:39:06,2024-03-01 17:41:24,22,0.9545454545454546,16.59090909090909,34.699999999999996,0.6902777777777775,0.9194444444444441,3.3099999999999987,1,0,0,0.6063888888888888,2.3,True,0.0,16.59090909090909,17.38095238095238,0,0.0,1.649106733852497,0.0
0bdc0427aa1c247f754e23e79eddc87ae3602bf72d4c9dcaca064f378444d711,2,2024-03-01 17:48:07,2024-03-01 18:04:13,138,0.927536231884058,12.181159420289855,31.0,0.5625000000000002,0.5,1.8,0,0,0,3.1333333333333333,16.1,True,0.0,12.181159420289855,13.1328125,0,0.0,0.0,0.0
0bdc0427aa1c247f754e23e79eddc87ae3602bf72d4c9dcaca064f378444d711,3,2024-03-01 18:11:12,2024-03-01 18:30:03,179,0.7597765363128491,7.374301675977653,22.0,0.5092592592592592,0.5,1.8,0,0,0,1.9116666666666666,18.85,True,0.0,7.374301675977653,9.705882352941176,0,0.0,0.0,0.0
0e5cb84f2b9244314a1699ad0fcab5355405dffc5004def5ffeed2fba9ff9816,1,2024-03-01 01:50:32,2024-03-01 01:50:32,1,0.0,0.0,0.0,0.0,0.0,0.0,0,0,0,0.0,0.0,False,1.0,0.0,0.0,0,,,
0e5cb84f2b9244314a1699ad0fcab5355405dffc5004def5ffeed2fba9ff9816,2,2024-03-01 02:57:58,2024-03-01 02:57:58,1,0.0,0.0,0.0,0.0,0.0,0.0,0,0,0,0.0,0.0,False,1.0,0.0,0.0,0,,,
0e5cb84f2b9244314a1699ad0fcab5355405dffc5004def5ffeed2fba9ff9816,3,2024-03-01 08:37:29,2024-03-01 08:37:29,1,0.0,0.0,0.0,0.0,0.0,0.0,0,0,0,0.0,0.0,False,0.0,0.0,0.0,0,,,
0e5cb84f2b9244314a1699ad0fcab5355405dffc5004def5ffeed2fba9ff9816,4,2024-03-01 08:44:39,2024-03-01 09:14:30,292,0.9178082191780822,48.66267123287671,85.0,0.6361111111111105,0.611111111111111,2.2,0,0,0,20.857916666666664,29.85,True,0.0,48.66267123287671,53.0205223880597,0,0.0,0.0,0.0
0e5cb84f2b9244314a1699ad0fcab5355405dffc5004def5ffeed2fba9ff9816,5,2024-03-01 10:13:42,2024-03-01 10:13:42,1,0.0,0.0,0.0,0.0,0.0,0.0,0,0,0,0.0,0.0,False,0.0,0.0,0.0,0,,,
0e5cb84f2b9244314a1699ad0fcab5355405dffc5004def5ffeed2fba9ff9816,6,2024-03-01 11:13:35,2024-03-01 11:15:29,2,0.0,0.0,0.0,0.0,0.0,0.0,0,0,0,0.0,1.9,False,0.0,0.0,0.0,0,,,
0e5cb84f2b9244314a1699ad0fcab5355405dffc5004def5ffeed2fba9ff9816,7,2024-03-01 12:22:37,2024-03-01 12:22:37,1,1.0,3.0,3.0,0.0,0.0,0.0,0,0,0,0.0,0.0,False,0.0,3.0,3.0,0,,,
0e5cb84f2b9244314a1699ad0fcab5355405dffc5004def5ffeed2fba9ff9816,8,2024-03-01 15:43:48,2024-03-01 15:43:48,1,1.0,1.0,1.0,0.0,0.0,0.0,0,0,0,0.0,0.0,False,0.0,1.0,1.0,0,,,
0e5cb84f2b9244314a1699ad0fcab5355405dffc5004def5ffeed2fba9ff9816,9,2024-03-01 16:37:40,2024-03-01 16:37:40,1,1.0,1.0,1.0,0.0,0.0,0.0,0,0,0,0.0,0.0,False,0.0,1.0,1.0,0,,,
0e5cb84f2b9244314a1699ad0fcab5355405dffc5004def5ffeed2fba9ff9816,10,2024-03-01 16:43:09,2024-03-01 17:02:11,168,0.875,30.38095238095238,83.0,0.854629629629631,0.7125000000000005,2.565000000000001,0,0,0,7.420833333333333,19.033333333333335,True,0.0,30.38095238095238,34.72108843537415,0,0.0,0.0,0.0
0e5cb84f2b9244314a1699ad0fcab5355405dffc5004def5ffeed2fba9ff9816,11,2024-03-01 17:57:44,2024-03-01 17:57:44,1,0.0,0.0,0.0,0.0,0.0,0.0,0,0,0,0.0,0.0,False,0.0,0.0,0.0,0,,,
0eda25e486354290f237e4c03bb6a8d245920490d44cb0d119ae35b387904a17,1,2024-03-01 01:46:14,2024-03-01 01:46:14,1,1.0,11.0,11.0,0.0,0.0,0.0,0,0,0,0.0,0.0,False,1.0,11.0,11.0,0,,,
0eda25e486354290f237e4c03bb6a8d245920490d44cb0d119ae35b387904a17,2,2024-03-01 06:36:05,2024-03-01 06:55:53,217,0.9585253456221198,46.46082949308756,81.39999999999998,0.633333333333332,0.6222222222222213,2.239999999999998,0,0,0,14.704444444444443,19.8,True,0.0,46.46082949308756,48.47115384615385,0,0.0,0.0,0.0
0eda25e486354290f237e4c03bb6a8d245920490d44cb0d119ae35b387904a17,3,2024-03-01 17:10:22,2024-03-01 17:38:51,325,0.92,13.876923076923077,53.60000000000008,0.5555555555555556,0.5814814814814826,2.0933333333333373,1,0,0,6.527777777777778,28.483333333333334,True,0.0,13.876923076923077,15.08361204013378,0,0.0,0.15319148936170213,0.0
0eda25e486354290f237e4c03bb6a8d245920490d44cb0d119ae35b387904a17,4,2024-03-01 17:50:11,2024-03-01 18:06:06,168,0.7202380952380952,10.601190476190476,29.0,0.5,0.5060185185185185,1.8216666666666668,0,0,0,2.67,15.916666666666666,True,0.0,10.601190476190476,14.71900826446281,0,0.0,0.0,0.0
0f5dfd16730259d2dcf67ac42e3647f510f967b57a08dd2d00ab108e732ab09b,1,2024-03-01 08:12:02,2024-03-01 08:38:01,284,0.8873239436619719,47.686619718309856,114.0,0.7222222222222221,0.9416666666666659,3.3899999999999975,0,0,0,21.5725,25.983333333333334,True,0.0,47.686619718309856,53.742063492063494,0,0.0,0.0,0.0
0f5dfd16730259d2dcf67ac42e3647f510f967b57a08dd2d00ab108e732ab09b,2,2024-03-01 10:09:57,2024-03-01 10:15:55,62,0.8064516129032258,14.596774193548388,44.0,0.8310185185185183,0.9416666666666663,3.3899999999999992,0,0,0,1.2575,5.966666666666667,True,0.0,14.596774193548388,18.1,0,0.0,0.0,0.0
0f5dfd16730259d2dcf67ac42e3647f510f967b57a08dd2d00ab108e732ab09b,3,2024-03-01 10:31:24,2024-03-01 10:35:08,47,0.6170212765957447,16.4468085106383,66.79999999999998,1.1759259259259254,1.2944444444444423,4.659999999999992,0,0,0,0.9027777777777779,3.7333333333333334,True,0.0,16.4468085106383,26.655172413793103,0,0.0,0.0,0.0
0f5dfd16730259d2dcf67ac42e3647f510f967b57a08dd2d00ab108e732ab09b,4,2024-03-01 10:41:21,2024-03-01 10:46:03,57,0.6140350877192983,7.192982456140351,22.39999999999999,0.7981481481481477,0.8444444444444442,3.039999999999999,0,0,0,0.5491666666666666,4.7,True,0.0,7.192982456140351,11.714285714285714,0,0.0,0.0,0.0
0f5dfd16730259d2dcf67ac42e3647f510f967b57a08dd2d00ab108e732ab09b,5,2024-03-01 10:51:08,2024-03-01 10:53:55,23,0.6086956521739131,6.434782608695652,17.799999999999997,0.7148148148148147,0.7777777777777777,2.8,0,0,0,0.20777777777777776,2.783333333333333,True,0.0,6.434782608695652,10.571428571428571,0,0.0,0.0,0.0
0f5dfd16730259d2dcf67ac42e3647f510f967b57a08dd2d00ab108e732ab09b,6,2024-03-01 11:59:17,2024-03-01 12:13:36,169,0.9644970414201184,27.633136094674555,54.19999999999999,0.8666666666666664,1.0740740740740735,3.866666666666665,0,0,0,6.693888888888889,14.316666666666666,True,0.0,27.633136094674555,28.650306748466257,0,0.0,0.0,0.0
0f5dfd16730259d2dcf67ac42e3647f510f967b57a08dd2d00ab108e732ab09b,7,2024-03-01 12:23:25,2024-03-01 12:27:03,43,0.5581395348837209,10.162790697674419,35.0,0.6055555555555554,0.6999999999999996,2.519999999999999,0,0,0,0.6191666666666666,3.6333333333333333,True,0.0,10.162790697674419,18.208333333333332,0,0.0,0.0,0.0
0f5dfd16730259d2dcf67ac42e3647f510f967b57a08dd2d00ab108e732ab09b,8,2024-03-01 13:28:04,2024-03-01 13:28:04,1,0.0,0.0,0.0,0.0,0.0,0.0,0,0,0,0.0,0.0,False,0.0,0.0,0.0,0,,,
0f5dfd16730259d2dcf67ac42e3647f510f967b57a08dd2d00ab108e732ab09b,9,2024-03-01 17:47:35,2024-03-01 18:30:04,483,0.8467908902691511,16.169772256728777,51.0,0.5509259259259247,0.5509259259259247,1.9833333333333296,0,0,0,11.43527777777778,42.483333333333334,True,0.0,16.169772256728777,19.095354523227385,0,0.0,0.0,0.0
10456b4f09b29c66ce042959890ebfe0caf4f8bcf8ba06bcd5034fcaf2b310fe,1,2024-03-01 12:43:34,2024-03-01 12:43:34,1,0.0,0.0,0.0,0.0,0.0,0.0,0,0,0,0.0,0.0,False,0.0,0.0,0.0,0,,,
10a9423df927e2c888d114853f68d316b1970bfce4f26f281c39385951fd564b,1,2024-03-01 00:44:28,2024-03-01 00:44:28,1,0.0,0.0,0.0,0.0,0.0,0.0,0,0,0,0.0,0.0,False,1.0,0.0,0.0,0,,,
10a9423df927e2c888d114853f68d316b1970bfce4f26f281c39385951fd564b,2,2024-03-01 05:06:18,2024-03-01 05:06:18,1,0.0,0.0,0.0,0.0,0.0,0.0,0,0,0,0.0,0.0,False,1.0,0.0,0.0,0,,,
10a9423df927e2c888d114853f68d316b1970bfce4f26f281c39385951fd564b,3,2024-03-01 07:17:18,2024-03-01 07:17:18,1,0.0,0.0,0.0,0.0,0.0,0.0,0,0,0,0.0,0.0,False,0.0,0.0,0.0,0,,,
10a9423df927e2c888d114853f68d316b1970bfce4f26f281c39385951fd564b,4,2024-03-01 08:22:53,2024-03-01 08:22:53,1,0.0,0.0,0.0,0.0,0.0,0.0,0,0,0,0.0,0.0,False,0.0,0.0,0.0,0,,,
10a9423df927e2c888d114853f68d316b1970bfce4f26f281c39385951fd564b,5,2024-03-01 09:28:23,2024-03-01 09:28:23,1,0.0,0.0,0.0,0.0,0.0,0.0,0,0,0,0.0,0.0,False,0.0,0.0,0.0,0,,,
10a9423df927e2c888d114853f68d316b1970bfce4f26f281c39385951fd564b,6,2024-03-01 13:50:21,2024-03-01 13:50:21,1,0.0,0.0,0.0,0.0,0.0,0.0,0,0,0,0.0,0.0,False,0.0,0.0,0.0,0,,,
10a9423df927e2c888d114853f68d316b1970bfce4f26f281c39385951fd564b,7,2024-03-01 14:55:48,2024-03-01 14:55:48,1,1.0,3.0,3.0,0.0,0.0,0.0,0,0,0,0.0,0.0,False,0.0,3.0,3.0,0,,,
10a9423df927e2c888d114853f68d316b1970bfce4f26f281c39385951fd564b,8,2024-03-01 16:01:09,2024-03-01 16:01:09,1,0.0,0.0,0.0,0.0,0.0,0.0,0,0,0,0.0,0.0,False,0.0,0.0,0.0,0,,,
1151325c4a69cefe7e667ebee7d84e389f6370394e406360d44df79d55f3ac06,1,2024-03-01 05:23:04,2024-03-01 05:51:12,293,0.7815699658703071,47.40273037542662,105.0,0.6055555555555554,0.6333333333333321,2.2799999999999954,0,0,0,20.366666666666664,28.133333333333333,True,1.0,47.40273037542662,60.65065502183406,0,0.0,0.0,0.0
1151325c4a69cefe7e667ebee7d84e389f6370394e406360d44df79d55f3ac06,2,2024-03-01 06:51:44,2024-03-01 06:51:44,1,0.0,0.0,0.0,0.0,0.0,0.0,0,0,0,0.0,0.0,False,0.0,0.0,0.0,0,,,
1151325c4a69cefe7e667ebee7d84e389f6370394e406360d44df79d55f3ac06,3,2024-03-01 07:52:45,2024-03-01 07:52:45,1,0.0,0.0,0.0,0.0,0.0,0.0,0,0,0,0.0,0.0,False,0.0,0.0,0.0,0,,,
1151325c4a69cefe7e667ebee7d84e389f6370394e406360d44df79d55f3ac06,4,2024-03-01 09:06:49,2024-03-01 09:06:49,1,0.0,0.0,0.0,0.0,0.0,0.0,0,0,0,0.0,0.0,False,0.0,0.0,0.0,0,,,
1151325c4a69cefe7e667ebee7d84e389f6370394e406360d44df79d55f3ac06,5,2024-03-01 10:21:04,2024-03-01 10:21:04,1,1.0,1.0,1.0,0.0,0.0,0.0,0,0,0,0.0,0.0,False,0.0,1.0,1.0,0,,,
1151325c4a69cefe7e667ebee7d84e389f6370394e406360d44df79d55f3ac06,6,2024-03-01 11:35:15,2024-03-01 11:35:15,1,0.0,0.0,0.0,0.0,0.0,0.0,0,0,0,0.0,0.0,False,0.0,0.0,0.0,0,,,
1151325c4a69cefe7e667ebee7d84e389f6370394e406360d44df79d55f3ac06,7,2024-03-01 15:18:00,2024-03-01 15:18:00,1,0.0,0.0,0.0,0.0,0.0,0.0,0,0,0,0.0,0.0,False,0.0,0.0,0.0,0,,,
1151325c4a69cefe7e667ebee7d84e389f6370394e406360d44df79d55f3ac06,8,2024-03-01 16:30:35,2024-03-01 16:30:35,1,0.0,0.0,0.0,0.0,0.0,0.0,0,0,0,0.0,0.0,False,0.0,0.0,0.0,0,,,
11a5c96073a46911a6de85e4052f43f6e202e620ab31d96db41f1fa5ecd4db5f,1,2024-03-01 00:21:15,2024-03-01 00:21:15,1,0.0,0.0,0.0,0.0,0.0,0.0,0,0,0,0.0,0.0,False,1.0,0.0,0.0,0,,,
11a5c96073a46911a6de85e4052f43f6e202e620ab31d96db41f1fa5ecd4db5f,2,2024-03-01 08:37:31,2024-03-01 08:38:31,2,0.0,0.0,0.0,0.0,0.0,0.0,0,0,0,0.0,1.0,False,0.0,0.0,0.0,0,,,
11a5c96073a46911a6de85e4052f43f6e202e620ab31d96db41f1fa5ecd4db5f,3,2024-03-01 09:25:53,2024-03-01 09:45:36,201,0.9850746268656716,20.37313432835821,37.0,0.7777777777777779,0.6111111111111112,2.2,0,0,0,5.446944444444443,19.716666666666665,True,0.0,20.37313432835821,20.681818181818183,0,0.0,0.0,0.0
11a5c96073a46911a6de85e4052f43f6e202e620ab31d96db41f1fa5ecd4db5f,4,2024-03-01 09:52:43,2024-03-01 10:20:19,328,0.899390243902439,30.48780487804878,74.0,0.7222222222222221,0.8333333333333334,3.0,1,0,0,14.023888888888889,27.6,True,0.0,30.48780487804878,33.898305084745765,0,0.0,0.07130689696153389,0.0
11a5c96073a46911a6de85e4052f43f6e202e620ab31d96db41f1fa5ecd4db5f,5,2024-03-01 11:20:27,2024-03-01 12:23:50,799,0.8973717146433041,30.09511889862328,85.0,0.8333333333333333,0.8333333333333339,3.0,2,0,0,31.675,63.38333333333333,True,0.0,30.09511889862328,33.53695955369596,0,0.0,0.06314127861089187,0.0
11a5c96073a46911a6de85e4052f43f6e202e620ab31d96db41f1fa5ecd4db5f,6,2024-03-01 12:30:49,2024-03-01 12:34:59,37,0.8918918918918919,13.297297297297296,24.199999999999996,0.6185185185185184,0.7777777777777775,2.799999999999999,0,0,0,0.5488888888888889,4.166666666666667,True,0.0,13.297297297297296,14.909090909090908,0,0.0,0.0,0.0
11a5c96073a46911a6de85e4052f43f6e202e620ab31d96db41f1fa5ecd4db5f,7,2024-03-01 14:19:57,2024-03-01 14:19:57,1,0.0,0.0,0.0,0.0,0.0,0.0,0,0,0,0.0,0.0,False,0.0,0.0,0.0,0,,,
11a5c96073a46911a6de85e4052f43f6e202e620ab31d96db41f1fa5ecd4db5f,8,2024-03-01 15:47:04,2024-03-01 15:47:04,1,1.0,1.0,1.0,0.0,0.0,0.0,0,0,0,0.0,0.0,False,0.0,1.0,1.0,0,,,
11a5c96073a46911a6de85e4052f43f6e202e620ab31d96db41f1fa5ecd4db5f,9,2024-03-01 16:58:36,2024-03-01 16:58:36,1,0.0,0.0,0.0,0.0,0.0,0.0,0,0,0,0.0,0.0,False,0.0,0.0,0.0,0,,,
11cbfb6639ee053d18a0961428cadb2f4546a7ef9cbd439bfa0a3433d5c55736,1,2024-03-01 00:31:41,2024-03-01 00:31:41,1,1.0,1.0,1.0,0.0,0.0,0.0,0,0,0,0.0,0.0,False,1.0,1.0,1.0,0,,,
11cbfb6639ee053d18a0961428cadb2f4546a7ef9cbd439bfa0a3433d5c55736,2,2024-03-01 06:40:44,2024-03-01 06:40:44,1,0.0,0.0,0.0,0.0,0.0,0.0,0,0,0,0.0,0.0,False,0.0,0.0,0.0,0,,,
11cbfb6639ee053d18a0961428cadb2f4546a7ef9cbd439bfa0a3433d5c55736,3,2024-03-01 07:54:42,2024-03-01 07:56:59,2,0.0,0.0,0.0,0.0,0.0,0.0,0,0,0,0.0,2.283333333333333,False,0.0,0.0,0.0,0,,,
11cbfb6639ee053d18a0961428cadb2f4546a7ef9cbd439bfa0a3433d5c55736,4,2024-03-01 08:22:22,2024-03-01 08:49:47,315,0.8031746031746032,26.211111111111112,66.0,0.8930555555555558,1.111111111111111,4.0,0,0,0,11.93888888888889,27.416666666666668,True,0.0,26.211111111111112,32.634387351778656,0,0.0,0.0,0.0
11cbfb6639ee053d18a0961428cadb2f4546a7ef9cbd439bfa0a3433d5c55736,5,2024-03-01 09:32:42,2024-03-01 09:39:26,82,0.6585365853658537,19.20731707317073,51.0,1.0527777777777778,1.243055555555556,4.475000000000001,0,0,0,2.197222222222222,6.733333333333333,True,0.0,19.20731707317073,29.166666666666668,0,0.0,0.0,0.0
11cbfb6639ee053d18a0961428cadb2f4546a7ef9cbd439bfa0a3433d5c55736,6,2024-03-01 10:21:38,2024-03-01 10:21:38,1,0.0,0.0,0.0,0.0,0.0,0.0,0,0,0,0.0,0.0,False,0.0,0.0,0.0,0,,,
11cbfb6639ee053d18a0961428cadb2f4546a7ef9cbd439bfa0a3433d5c55736,7,2024-03-01 11:21:33,2024-03-01 11:21:33,1,0.0,0.0,0.0,0.0,0.0,0.0,0,0,0,0.0,0.0,False,0.0,0.0,0.0,0,,,
11cbfb6639ee053d18a0961428cadb2f4546a7ef9cbd439bfa0a3433d5c55736,8,2024-03-01 11:48:38,2024-03-01 11:48:38,1,0.0,0.0,0.0,0.0,0.0,0.0,0,0,0,0.0,0.0,False,0.0,0.0,0.0,0,,,
11cbfb6639ee053d18a0961428cadb2f4546a7ef9cbd439bfa0a3433d5c55736,9,2024-03-01 11:59:08,2024-03-01 12:05:52,56,0.6785714285714286,16.571428571428573,50.0,0.75,0.4791666666666667,1.725,0,0,0,1.922777777777778,6.733333333333333,True,0.0,16.571428571428573,24.42105263157895,0,0.0,0.0,0.0
11cbfb6639ee053d18a0961428cadb2f4546a7ef9cbd439bfa0a3433d5c55736,10,2024-03-01 14:22:33,2024-03-01 14:32:26,118,0.7542372881355932,25.60169491525424,55.0,0.9486111111111108,1.0166666666666657,3.6599999999999966,0,0,0,4.269166666666666,9.883333333333333,True,0.0,25.60169491525424,33.943820224719104,0,0.0,0.0,0.0
11cbfb6639ee053d18a0961428cadb2f4546a7ef9cbd439bfa0a3433d5c55736,11,2024-03-01 15:32:26,2024-03-01 15:32:26,1,0.0,0.0,0.0,0.0,0.0,0.0,0,0,0,0.0,0.0,False,0.0,0.0,0.0,0,,,
11cbfb6639ee053d18a0961428cadb2f4546a7ef9cbd439bfa0a3433d5c55736,12,2024-03-01 16:13:01,2024-03-01 16:13:39,2,0.0,0.0,0.0,0.0,0.0,0.0,0,0,0,0.0,0.6333333333333333,False,0.0,0.0,0.0,0,,,
11cbfb6639ee053d18a0961428cadb2f4546a7ef9cbd439bfa0a3433d5c55736,13,2024-03-01 16:32:21,2024-03-01 16:32:21,1,0.0,0.0,0.0,0.0,0.0,0.0,0,0,0,0.0,0.0,False,0.0,0.0,0.0,0,,,
11cbfb6639ee053d18a0961428cadb2f4546a7ef9cbd439bfa0a3433d5c55736,14,2024-03-01 16:42:50,2024-03-01 16:49:58,84,0.8214285714285714,22.94047619047619,51.0,1.0499999999999996,1.52361111111111,5.484999999999995,0,0,0,2.842222222222222,7.133333333333334,True,0.0,22.94047619047619,27.92753623188406,0,0.0,0.0,0.0
11cbfb6639ee053d18a0961428cadb2f4546a7ef9cbd439bfa0a3433d5c55736,15,2024-03-01 16:56:49,2024-03-01 17:01:24,50,0.88,27.08,55.0,1.1874999999999993,1.3333333333333335,4.8,0,0,0,1.7650000000000001,4.583333333333333,True,0.0,27.08,30.772727272727273,0,0.0,0.0,0.0
11cbfb6639ee053d18a0961428cadb2f4546a7ef9cbd439bfa0a3433d5c55736,16,2024-03-01 17:12:34,2024-03-01 17:12:55,5,0.0,0.0,0.0,0.0,-0.0,-0.0,0,0,0,0.0,0.35,False,0.0,0.0,0.0,0,,,
11cbfb6639ee053d18a0961428cadb2f4546a7ef9cbd439bfa0a3433d5c55736,17,2024-03-01 17:22:44,2024-03-01 17:36:30,162,0.6172839506172839,17.117283950617285,52.89999999999998,0.8773148148148143,0.9680555555555546,3.4849999999999968,0,0,0,3.957222222222222,13.766666666666667,True,0.0,17.117283950617285,27.73,0,0.0,0.0,0.0
123f5e6635a72bbf9b72c282173dd81e1bb0a8b0afe3c7ad8832ccb11f6260f7,1,2024-03-01 00:00:00,2024-03-01 08:19:38,5638,0.000354735721887194,0.000354735721887194,0.0,0.0,0.0,0.0,0,0,0,0.0030555555555555553,499.6333333333333,False,0.7204682511528911,0.000354735721887194,1.0,0,0.0,0.0,0.0
123f5e6635a72bbf9b72c282173dd81e1bb0a8b0afe3c7ad8832ccb11f6260f7,2,2024-03-01 08:25:06,2024-03-01 09:10:28,481,0.0,0.0,0.0,0.0,0.0,0.0,0,0,0,0.0,45.36666666666667,False,0.0,0.0,0.0,0,,,
123f5e6635a72bbf9b72c282173dd81e1bb0a8b0afe3c7ad8832ccb11f6260f7,3,2024-03-01 09:17:48,2024-03-01 14:45:30,3412,0.067116060961313,1.671453692848769,14.0,0.0,0.0,0.0,0,0,0,9.298055555555553,327.7,False,0.0,1.671453692848769,24.903930131004365,0,0.0,0.0,0.0
123f5e6635a72bbf9b72c282173dd81e1bb0a8b0afe3c7ad8832ccb11f6260f7,4,2024-03-01 14:51:07,2024-03-01 16:14:07,913,0.03285870755750274,0.6779846659364732,0.0,0.0,0.0,0.0,0,0,0,0.8619444444444443,83.0,False,0.0,0.6779846659364732,20.633333333333333,0,0.0,0.0,0.0
123f5e6635a72bbf9b72c282173dd81e1bb0a8b0afe3c7ad8832ccb11f6260f7,5,2024-03-01 16:39:43,2024-03-01 18:30:05,1256,0.0,0.0,0.0,0.0,0.0,0.0,0,0,0,0.0,110.36666666666666,False,0.0,0.0,0.0,0,,,
136ac95d0f4b47c7adc43c72e100c0aba951ba9883a8b7f673d0364561849248,1,2024-03-01 08:47:12,2024-03-01 08:49:30,27,0.7777777777777778,18.666666666666668,36.5,1.333333333333333,1.0555555555555551,3.799999999999999,1,0,0,0.7611111111111111,2.3,True,0.0,18.666666666666668,24.0,0,0.0,1.3138686131386863,0.0
136ac95d0f4b47c7adc43c72e100c0aba951ba9883a8b7f673d0364561849248,2,2024-03-01 08:58:07,2024-03-01 08:59:43,19,1.0,18.105263157894736,31.199999999999996,0.37870370370370277,0.5009259259259259,1.8033333333333332,0,0,0,0.4627777777777778,1.6,True,0.0,18.105263157894736,18.105263157894736,0,0.0,0.0,0.0
136ac95d0f4b47c7adc43c72e100c0aba951ba9883a8b7f673d0364561849248,3,2024-03-01 13:55:23,2024-03-01 13:58:01,28,0.8928571428571429,18.607142857142858,30.299999999999997,1.243055555555555,1.0138888888888884,3.6499999999999986,0,0,0,0.7166666666666666,2.6333333333333333,True,0.0,18.607142857142858,20.84,0,0.0,0.0,0.0
136ac95d0f4b47c7adc43c72e100c0aba951ba9883a8b7f673d0364561849248,4,2024-03-01 14:10:11,2024-03-01 14:14:10,45,0.8444444444444444,17.2,38.0,0.9111111111111103,0.7777777777777769,2.799999999999997,0,0,0,1.1858333333333333,3.9833333333333334,True,0.0,17.2,20.36842105263158,0,0.0,0.0,0.0
136ac95d0f4b47c7adc43c72e100c0aba951ba9883a8b7f673d0364561849248,5,2024-03-01 15:49:13,2024-03-01 15:49:13,1,0.0,0.0,0.0,0.0,0.0,0.0,0,0,0,0.0,0.0,False,0.0,0.0,0.0,0,,,
136ac95d0f4b47c7adc43c72e100c0aba951ba9883a8b7f673d0364561849248,6,2024-03-01 16:14:05,2024-03-01 16:14:05,1,0.0,0.0,0.0,0.0,0.0,0.0,0,0,0,0.0,0.0,False,0.0,0.0,0.0,0,,,
136ac95d0f4b47c7adc43c72e100c0aba951ba9883a8b7f673d0364561849248,7,2024-03-01 17:09:34,2024-03-01 17:50:07,421,0.9192399049881235,35.427553444180525,85.0,0.611111111111111,0.6944444444444443,2.5,0,0,0,25.508888888888887,40.55,True,0.0,35.427553444180525,38.54005167958656,0,0.0,0.0,0.0
136ac95d0f4b47c7adc43c72e100c0aba951ba9883a8b7f673d0364561849248,8,2024-03-01 17:55:48,2024-03-01 18:05:19,108,0.12037037037037036,0.5925925925925926,3.0,0.1097222222222215,0.05555555555555556,0.2,0,0,0,0.09694444444444444,9.516666666666667,False,0.0,0.5925925925925926,4.923076923076923,0,0.0,0.0,0.0
136ac95d0f4b47c7adc43c72e100c0aba951ba9883a8b7f673d0364561849248,9,2024-03-01 18:11:20,2024-03-01 18:25:47,168,0.26785714285714285,3.6726190476190474,27.0,0.3300925925925926,0.36944444444444474,1.330000000000001,0,1,0,0.8080555555555556,14.45,True,0.0,3.6726190476190474,13.71111111111111,0,1.2375386730835338,0.0,0.0
1397813ba1831a7e5ea4349b05e634dc0fdb7e06324fff8faaadfe4a4192eeec,1,2024-03-01 00:47:45,2024-03-01 00:47:45,1,0.0,0.0,0.0,0.0,0.0,0.0,0,0,0,0.0,0.0,False,1.0,0.0,0.0,0,,,
1397813ba1831a7e5ea4349b05e634dc0fdb7e06324fff8faaadfe4a4192eeec,2,2024-03-01 05:23:19,2024-03-01 05:23:19,1,0.0,0.0,0.0,0.0,0.0,0.0,0,0,0,0.0,0.0,False,1.0,0.0,0.0,0,,,
1397813ba1831a7e5ea4349b05e634dc0fdb7e06324fff8faaadfe4a4192eeec,3,2024-03-01 07:41:15,2024-03-01 07:41:15,1,0.0,0.0,0.0,0.0,0.0,0.0,0,0,0,0.0,0.0,False,0.0,0.0,0.0,0,,,
1397813ba1831a7e5ea4349b05e634dc0fdb7e06324fff8faaadfe4a4192eeec,4,2024-03-01 08:31:05,2024-03-01 09:06:10,393,0.8549618320610687,42.38295165394402,109.0,1.111111111111111,1.2111111111111106,4.3599999999999985,0,0,0,27.701527777777777,35.083333333333336,True,0.0,42.38295165394402,49.572916666666664,0,0.0,0.0,0.0
1397813ba1831a7e5ea4349b05e634dc0fdb7e06324fff8faaadfe4a4192eeec,5,2024-03-01 14:30:25,2024-03-01 14:30:25,1,0.0,0.0,0.0,0.0,0.0,0.0,0,0,0,0.0,0.0,False,0.0,0.0,0.0,0,,,
1397813ba1831a7e5ea4349b05e634dc0fdb7e06324fff8faaadfe4a4192eeec,6,2024-03-01 15:11:56,2024-03-01 15:18:21,54,0.5555555555555556,9.833333333333334,38.0,0.6666666666666665,0.611111111111111,2.2,0,0,0,0.763888888888889,6.416666666666667,True,0.0,9.833333333333334,17.7,0,0.0,0.0,0.0
1397813ba1831a7e5ea4349b05e634dc0fdb7e06324fff8faaadfe4a4192eeec,7,2024-03-01 15:41:07,2024-03-01 15:43:20,27,0.4074074074074074,4.296296296296297,17.4,0.5064814814814814,0.5055555555555553,1.8199999999999996,0,0,0,0.15138888888888888,2.216666666666667,True,0.0,4.296296296296297,10.545454545454545,0,0.0,0.0,0.0
1397813ba1831a7e5ea4349b05e634dc0fdb7e06324fff8faaadfe4a4192eeec,8,2024-03-01 15:49:47,2024-03-01 16:03:14,121,1.0,74.94214876033058,122.0,0.7222222222222221,1.0648148148148149,3.8333333333333335,1,0,0,16.053055555555556,13.45,True,0.0,74.94214876033058,74.94214876033058,0,0.0,0.062293436694294956,0.0
1397813ba1831a7e5ea4349b05e634dc0fdb7e06324fff8faaadfe4a4192eeec,9,2024-03-01 16:15:22,2024-03-01 16:36:31,267,0.7865168539325843,33.642322097378276,87.0,1.1111111111111112,1.427777777777777,5.139999999999998,1,1,0,12.29375,21.15,True,0.0,33.642322097378276,42.773809523809526,0,0.08134214539908491,0.08134214539908491,0.0
1397813ba1831a7e5ea4349b05e634dc0fdb7e06324fff8faaadfe4a4192eeec,10,2024-03-01 17:23:50,2024-03-01 17:23:50,1,0.0,0.0,0.0,0.0,0.0,0.0,0,0,0,0.0,0.0,False,0.0,0.0,0.0,0,,,
1612c6204a3abd78dce7a7dcbcc04c097f66e1d14728948b5d3b189a84e5fa0e,1,2024-03-01 07:13:58,2024-03-01 07:13:58,1,0.0,0.0,0.0,0.0,0.0,0.0,0,0,0,0.0,0.0,False,0.0,0.0,0.0,0,,,
1612c6204a3abd78dce7a7dcbcc04c097f66e1d14728948b5d3b189a84e5fa0e,2,2024-03-01 08:03:00,2024-03-01 08:15:38,130,0.9307692307692308,24.653846153846153,46.0,0.8333333333333331,0.8171296296296291,2.941666666666665,0,0,0,4.6225,12.633333333333333,True,0.0,24.653846153846153,26.487603305785125,0,0.0,0.0,0.0
1612c6204a3abd78dce7a7dcbcc04c097f66e1d14728948b5d3b189a84e5fa0e,3,2024-03-01 16:55:33,2024-03-01 17:00:48,63,0.8571428571428571,22.095238095238095,47.8,0.7194444444444443,0.9583333333333329,3.4499999999999993,0,0,0,1.9341666666666668,5.25,True,0.0,22.095238095238095,25.77777777777778,0,0.0,0.0,0.0
16963c85100e97721ae7b79f0d6dcb23b28b010a681f62d19f99181cb1b94367,1,2024-03-01 07:49:03,2024-03-01 07:51:17,2,0.0,0.0,0.0,0.0,0.0,0.0,0,0,0,0.0,2.2333333333333334,False,0.0,0.0,0.0,0,,,
16963c85100e97721ae7b79f0d6dcb23b28b010a681f62d19f99181cb1b94367,2,2024-03-01 08:38:49,2024-03-01 08:46:45,90,0.7444444444444445,18.966666666666665,52.099999999999994,0.5560185185185181,0.6819444444444441,2.4549999999999996,0,0,0,2.4855555555555555,7.933333333333334,True,0.0,18.966666666666665,25.47761194029851,0,0.0,0.0,0.0
16963c85100e97721ae7b79f0d6dcb23b28b010a681f62d19f99181cb1b94367,3,2024-03-01 10:36:57,2024-03-01 10:36:57,1,0.0,0.0,0.0,0.0,0.0,0.0,0,0,0,0.0,0.0,False,0.0,0.0,0.0,0,,,
16963c85100e97721ae7b79f0d6dcb23b28b010a681f62d19f99181cb1b94367,4,2024-03-01 10:51:19,2024-03-01 10:51:19,1,0.0,0.0,0.0,0.0,0.0,0.0,0,0,0,0.0,0.0,False,0.0,0.0,0.0,0,,,
16963c85100e97721ae7b79f0d6dcb23b28b010a681f62d19f99181cb1b94367,5,2024-03-01 11:58:03,2024-03-01 12:06:57,103,0.7378640776699029,16.902912621359224,41.79999999999998,0.7222222222222221,0.8333333333333334,3.0,0,0,0,2.4022222222222216,8.9,True,0.0,16.902912621359224,22.907894736842106,0,0.0,0.0,0.0
16963c85100e97721ae7b79f0d6dcb23b28b010a681f62d19f99181cb1b94367,6,2024-03-01 13:07:10,2024-03-01 13:07:10,1,0.0,0.0,0.0,0.0,0.0,0.0,0,0,0,0.0,0.0,False,0.0,0.0,0.0,0,,,
16963c85100e97721ae7b79f0d6dcb23b28b010a681f62d19f99181cb1b94367,7,2024-03-01 13:40:59,2024-03-01 13:49:00,93,0.7419354838709677,22.881720430107528,57.0,0.6555555555555546,0.7222222222222221,2.6,0,0,0,3.148055555555555,8.016666666666667,True,0.0,22.881720430107528,30.840579710144926,0,0.0,0.0,0.0
16963c85100e97721ae7b79f0d6dcb23b28b010a681f62d19f99181cb1b94367,8,2024-03-01 14:49:13,2024-03-01 14:49:13,1,0.0,0.0,0.0,0.0,0.0,0.0,0,0,0,0.0,0.0,False,0.0,0.0,0.0,0,,,
16963c85100e97721ae7b79f0d6dcb23b28b010a681f62d19f99181cb1b94367,9,2024-03-01 15:50:26,2024-03-01 16:01:02,121,0.6776859504132231,18.859504132231404,55.0,0.7870370370370369,0.8333333333333333,3.0,0,0,0,3.37,10.6,True,0.0,18.859504132231404,27.829268292682926,0,0.0,0.0,0.0
16963c85100e97721ae7b79f0d6dcb23b28b010a681f62d19f99181cb1b94367,10,2024-03-01 17:01:17,2024-03-01 17:01:17,1,0.0,0.0,0.0,0.0,0.0,0.0,0,0,0,0.0,0.0,False,0.0,0.0,0.0,0,,,
16963c85100e97721ae7b79f0d6dcb23b28b010a681f62d19f99181cb1b94367,11,2024-03-01 17:36:58,2024-03-01 17:36:58,1,0.0,0.0,0.0,0.0,0.0,0.0,0,0,0,0.0,0.0,False,0.0,0.0,0.0,0,,,
16ac833ba1835571659e5986f002bdde592631cc2c70cd51301cb8c6c41bd9a1,1,2024-03-01 07:35:59,2024-03-01 07:35:59,1,1.0,9.0,9.0,0.0,0.0,0.0,0,0,0,0.0,0.0,False,0.0,9.0,9.0,0,,,
16ac833ba1835571659e5986f002bdde592631cc2c70cd51301cb8c6c41bd9a1,2,2024-03-01 08:35:51,2024-03-01 08:35:51,1,0.0,0.0,0.0,0.0,0.0,0.0,0,0,0,0.0,0.0,False,0.0,0.0,0.0,0,,,
16ac833ba1835571659e5986f002bdde592631cc2c70cd51301cb8c6c41bd9a1,3,2024-03-01 18:02:11,2024-03-01 18:10:19,92,0.8369565217391305,13.456521739130435,31.0,0.47962962962962963,0.7222222222222221,2.6,0,0,0,1.8263888888888886,8.133333333333333,True,0.0,13.456521739130435,16.07792207792208,0,0.0,0.0,0.0
16ac833ba1835571659e5986f002bdde592631cc2c70cd51301cb8c6c41bd9a1,4,2024-03-01 18:16:34,2024-03-01 18:22:31,71,0.971830985915493,23.112676056338028,54.0,0.8101851851851851,1.0185185185185184,3.666666666666667,0,0,0,2.368055555555556,5.95,True,0.0,23.112676056338028,23.782608695652176,0,0.0,0.0,0.0
172653c918f6f83dfa5d8f88835411376c8eaec0629a73cd6c6c4bc14d0f9e88,1,2024-03-01 04:33:27,2024-03-01 04:33:27,1,1.0,1.0,1.0,0.0,0.0,0.0,0,0,0,0.0,0.0,False,1.0,1.0,1.0,0,,,
172653c918f6f83dfa5d8f88835411376c8eaec0629a73cd6c6c4bc14d0f9e88,2,2024-03-01 08:05:49,2024-03-01 08:05:49,1,1.0,7.0,7.0,0.0,0.0,0.0,0,0,0,0.0,0.0,False,0.0,7.0,7.0,0,,,
172653c918f6f83dfa5d8f88835411376c8eaec0629a73cd6c6c4bc14d0f9e88,3,2024-03-01 08:44:35,2024-03-01 08:56:28,120,0.7333333333333333,18.154166666666665,44.0,0.6518518518518517,1.0451388888888886,3.7624999999999993,0,0,0,4.238472222222222,11.883333333333333,True,0.0,18.154166666666665,24.755681818181817,0,0.0,0.0,0.0
172653c918f6f83dfa5d8f88835411376c8eaec0629a73cd6c6c4bc14d0f9e88,4,2024-03-01 11:37:41,2024-03-01 11:37:52,2,0.0,0.0,0.0,0.0,0.0,0.0,0,0,0,0.0,0.18333333333333332,False,0.0,0.0,0.0,0,,,
172653c918f6f83dfa5d8f88835411376c8eaec0629a73cd6c6c4bc14d0f9e88,5,2024-03-01 11:52:46,2024-03-01 12:09:33,196,0.8061224489795918,33.22959183673469,72.0,0.7499999999999998,1.0,3.6,0,0,0,9.528333333333332,16.783333333333335,True,0.0,33.22959183673469,41.221518987341774,0,0.0,0.0,0.0
172653c918f6f83dfa5d8f88835411376c8eaec0629a73cd6c6c4bc14d0f9e88,6,2024-03-01 13:09:36,2024-03-01 13:09:36,1,0.0,0.0,0.0,0.0,0.0,0.0,0,0,0,0.0,0.0,False,0.0,0.0,0.0,0,,,
172653c918f6f83dfa5d8f88835411376c8eaec0629a73cd6c6c4bc14d0f9e88,7,2024-03-01 14:02:20,2024-03-01 14:20:19,164,0.6280487804878049,21.121951219512194,58.69999999999999,0.9958333333333332,1.0499999999999996,3.779999999999999,0,0,0,4.9302777777777775,17.983333333333334,True,0.0,21.121951219512194,33.63106796116505,0,0.0,0.0,0.0
172653c918f6f83dfa5d8f88835411376c8eaec0629a73cd6c6c4bc14d0f9e88,8,2024-03-01 14:27:27,2024-03-01 14:31:34,15,0.8,10.266666666666667,27.599999999999998,0.27870370370370356,0.6388888888888887,2.299999999999999,0,0,0,0.6649999999999999,4.116666666666666,True,0.0,10.266666666666667,12.833333333333334,0,0.0,0.0,0.0
172653c918f6f83dfa5d8f88835411376c8eaec0629a73cd6c6c4bc14d0f9e88,9,2024-03-01 14:44:18,2024-03-01 14:44:18,1,0.0,0.0,0.0,0.0,0.0,0.0,0,0,0,0.0,0.0,False,0.0,0.0,0.0,0,,,
172653c918f6f83dfa5d8f88835411376c8eaec0629a73cd6c6c4bc14d0f9e88,10,2024-03-01 17:59:28,2024-03-01 18:03:47,46,0.5217391304347826,7.086956521739131,21.5,0.5856481481481481,0.8055555555555555,2.9,0,0,0,0.5683333333333332,4.316666666666666,True,0.0,7.086956521739131,13.583333333333334,0,0.0,0.0,0.0
172653c918f6f83dfa5d8f88835411376c8eaec0629a73cd6c6c4bc14d0f9e88,11,2024-03-01 18:19:26,2024-03-01 18:27:13,40,0.7,11.675,31.19999999999999,1.0810185185185175,1.1134259259259254,4.008333333333333,0,0,0,3.122222222222222,7.783333333333333,True,0.0,11.675,16.678571428571427,0,0.0,0.0,0.0
17a9ad677089ad9aad0694a217f7c8a15df5690416e0e259013e229b97d26444,1,2024-03-01 00:00:06,2024-03-01 00:00:06,1,0.0,0.0,0.0,0.0,0.0,0.0,0,0,0,0.0,0.0,False,1.0,0.0,0.0,0,,,
17a9ad677089ad9aad0694a217f7c8a15df5690416e0e259013e229b97d26444,2,2024-03-01 05:41:03,2024-03-01 05:41:03,1,1.0,3.0,3.0,0.0,0.0,0.0,0,0,0,0.0,0.0,False,1.0,3.0,3.0,0,,,
17a9ad677089ad9aad0694a217f7c8a15df5690416e0e259013e229b97d26444,3,2024-03-01 10:39:25,2024-03-01 10:40:25,2,0.0,0.0,0.0,0.0,0.0,0.0,0,0,0,0.0,1.0,False,0.0,0.0,0.0,0,,,
17a9ad677089ad9aad0694a217f7c8a15df5690416e0e259013e229b97d26444,4,2024-03-01 11:15:05,2024-03-01 11:49:05,357,0.6890756302521008,15.560224089635854,48.39999999999998,0.6785714285714284,0.9814814814814807,3.5333333333333314,0,0,0,7.990277777777777,34.0,True,0.0,15.560224089635854,22.58130081300813,0,0.0,0.0,0.0
17a9ad677089ad9aad0694a217f7c8a15df5690416e0e259013e229b97d26444,5,2024-03-01 12:31:27,2024-03-01 12:34:07,31,0.5483870967741935,6.0,18.0,0.5601851851851851,0.38888888888888895,1.4,0,0,0,0.27638888888888885,2.6666666666666665,True,0.0,6.0,10.941176470588236,0,0.0,0.0,0.0
17a9ad677089ad9aad0694a217f7c8a15df5690416e0e259013e229b97d26444,6,2024-03-01 12:41:33,2024-03-01 12:45:22,44,0.5227272727272727,2.7954545454545454,11.0,0.3564814814814816,0.38055555555555565,1.37,0,0,0,0.18055555555555555,3.816666666666667,True,0.0,2.7954545454545454,5.3478260869565215,0,0.0,0.0,0.0
17a9ad677089ad9aad0694a217f7c8a15df5690416e0e259013e229b97d26444,7,2024-03-01 12:59:52,2024-03-01 13:25:08,273,0.8864468864468864,37.94505494505494,77.0,0.611111111111111,0.633333333333332,2.2799999999999954,0,0,0,16.22861111111111,25.266666666666666,True,0.0,37.94505494505494,42.80578512396694,0,0.0,0.0,0.0
17a9ad677089ad9aad0694a217f7c8a15df5690416e0e259013e229b97d26444,8,2024-03-01 14:25:02,2024-03-01 14:25:02,1,0.0,0.0,0.0,0.0,0.0,0.0,0,0,0,0.0,0.0,False,0.0,0.0,0.0,0,,,
17a9ad677089ad9aad0694a217f7c8a15df5690416e0e259013e229b97d26444,9,2024-03-01 15:03:09,2024-03-01 15:21:09,200,0.8,16.875,42.19999999999993,0.7782407407407407,0.8361111111111101,3.0099999999999967,0,0,0,4.8475,18.0,True,0.0,16.875,21.09375,0,0.0,0.0,0.0
17a9ad677089ad9aad0694a217f7c8a15df5690416e0e259013e229b97d26444,10,2024-03-01 15:46:35,2024-03-01 16:08:57,248,0.8064516129032258,29.794354838709676,72.0,0.611111111111111,0.6472222222222209,2.3299999999999956,0,0,0,10.623055555555554,22.366666666666667,True,0.0,29.794354838709676,36.945,0,0.0,0.0,0.0
17a9ad677089ad9aad0694a217f7c8a15df5690416e0e259013e229b97d26444,11,2024-03-01 16:36:47,2024-03-01 17:09:09,255,0.7333333333333333,16.745098039215687,50.0,0.9805555555555552,1.2259259259259245,4.413333333333329,0,0,0,7.197777777777778,32.36666666666667,True,0.0,16.745098039215687,22.834224598930483,0,0.0,0.0,0.0
17a9ad677089ad9aad0694a217f7c8a15df5690416e0e259013e229b97d26444,12,2024-03-01 18:29:40,2024-03-01 18:29:40,1,0.0,0.0,0.0,0.0,0.0,0.0,0,0,0,0.0,0.0,False,0.0,0.0,0.0,0,,,
17db81d82afd87657a61b520c5b0970eb298ab920a5f02de0d3bc11255292622,1,2024-03-01 09:41:21,2024-03-01 09:46:56,10,0.9,19.4,36.099999999999994,0.586111111111111,0.5972222222222219,2.149999999999999,0,0,0,0.2794444444444444,5.583333333333333,True,0.0,19.4,21.555555555555557,0,0.0,0.0,0.0
17db81d82afd87657a61b520c5b0970eb298ab920a5f02de0d3bc11255292622,2,2024-03-01 10:47:03,2024-03-01 10:47:03,1,0.0,0.0,0.0,0.0,0.0,0.0,0,0,0,0.0,0.0,False,0.0,0.0,0.0,0,,,
17db81d82afd87657a61b520c5b0970eb298ab920a5f02de0d3bc11255292622,3,2024-03-01 12:15:34,2024-03-01 12:28:33,139,0.4028776978417266,8.18705035971223,37.0,0.5092592592592592,0.5055555555555552,1.819999999999999,0,0,0,1.6155555555555554,12.983333333333333,True,0.0,8.18705035971223,20.321428571428573,0,0.0,0.0,0.0
17db81d82afd87657a61b520c5b0970eb298ab920a5f02de0d3bc11255292622,4,2024-03-01 13:22:06,2024-03-01 13:27:48,55,0.7636363636363637,14.418181818181818,32.19999999999999,0.611111111111111,0.7277777777777779,2.6199999999999997,0,0,0,1.1741666666666666,5.7,True,0.0,14.418181818181818,18.88095238095238,0,0.0,0.0,0.0
17db81d82afd87657a61b520c5b0970eb298ab920a5f02de0d3bc11255292622,5,2024-03-01 16:47:00,2024-03-01 16:51:55,48,0.7916666666666666,18.677083333333332,59.599999999999994,1.4249999999999998,1.3611111111111103,4.899999999999997,0,1,0,1.1045833333333335,4.916666666666667,True,0.0,18.677083333333332,23.592105263157894,0,0.905318747642399,0.0,0.0
1864e6a32136644f9b257e26831782d69368420421ee2de2a9f19f8d93605e21,1,2024-03-01 05:21:20,2024-03-01 05:21:20,1,1.0,3.0,3.0,0.0,0.0,0.0,0,0,0,0.0,0.0,False,1.0,3.0,3.0,0,,,
1864e6a32136644f9b257e26831782d69368420421ee2de2a9f19f8d93605e21,2,2024-03-01 07:45:22,2024-03-01 07:45:22,1,0.0,0.0,0.0,0.0,0.0,0.0,0,0,0,0.0,0.0,False,0.0,0.0,0.0,0,,,
1864e6a32136644f9b257e26831782d69368420421ee2de2a9f19f8d93605e21,3,2024-03-01 08:18:28,2024-03-01 08:18:38,3,1.0,11.666666666666666,19.2,0.0,0.599537037037037,2.158333333333333,0,0,0,0.02333333333333333,0.16666666666666666,True,0.0,11.666666666666666,11.666666666666666,0,0.0,0.0,0.0
1864e6a32136644f9b257e26831782d69368420421ee2de2a9f19f8d93605e21,4,2024-03-01 08:29:51,2024-03-01 08:30:12,5,0.6,5.6,11.399999999999999,0.36666666666666664,0.11111111111111105,0.3999999999999999,0,0,0,0.041388888888888885,0.35,True,0.0,5.6,9.333333333333334,0,0.0,0.0,0.0
1864e6a32136644f9b257e26831782d69368420421ee2de2a9f19f8d93605e21,5,2024-03-01 08:35:27,2024-03-01 09:01:02,316,0.7563291139240507,33.723101265822784,94.0,1.1111111111111107,1.222222222222222,4.4,0,1,0,14.411805555555555,25.583333333333332,True,0.0,33.723101265822784,44.58786610878661,0,0.06938755842528792,0.0,0.0
1864e6a32136644f9b257e26831782d69368420421ee2de2a9f19f8d93605e21,6,2024-03-01 09:06:28,2024-03-01 09:35:51,254,0.8543307086614174,43.43307086614173,92.69999999999999,0.6666666666666666,0.6499999999999995,2.339999999999998,1,0,0,20.285277777777775,29.383333333333333,True,0.0,43.43307086614173,50.83870967741935,0,0.0,0.04929683541703754,0.0
1864e6a32136644f9b257e26831782d69368420421ee2de2a9f19f8d93605e21,7,2024-03-01 09:43:22,2024-03-01 09:49:03,11,0.18181818181818182,0.18181818181818182,1.0,0.02777777777777778,0.05092592592592593,0.18333333333333335,0,0,0,0.001388888888888889,5.683333333333334,False,0.0,0.18181818181818182,1.0,0,0.0,0.0,0.0
1864e6a32136644f9b257e26831782d69368420421ee2de2a9f19f8d93605e21,8,2024-03-01 10:30:01,2024-03-01 11:02:03,352,0.8664772727272727,54.49715909090909,92.0,0.8333333333333341,0.8541666666666657,3.074999999999998,1,0,0,28.74833333333333,32.03333333333333,True,0.0,54.49715909090909,62.895081967213116,0,0.0,0.03478462519566352,0.0
1864e6a32136644f9b257e26831782d69368420421ee2de2a9f19f8d93605e21,9,2024-03-01 11:16:14,2024-03-01 11:16:57,12,0.9166666666666666,16.416666666666668,26.799999999999997,1.5451388888888884,1.188888888888888,4.279999999999998,0,0,0,0.17083333333333334,0.7166666666666667,True,0.0,16.416666666666668,17.90909090909091,0,0.0,0.0,0.0
1864e6a32136644f9b257e26831782d69368420421ee2de2a9f19f8d93605e21,10,2024-03-01 11:30:52,2024-03-01 11:59:28,300,0.9533333333333334,45.163333333333334,96.0,0.9027777777777777,0.7805555555555563,2.8100000000000023,0,0,0,22.4725,28.6,True,0.0,45.163333333333334,47.37412587412587,0,0.0,0.0,0.0
1864e6a32136644f9b257e26831782d69368420421ee2de2a9f19f8d93605e21,11,2024-03-01 12:08:00,2024-03-01 12:36:48,295,0.8576271186440678,44.349152542372885,101.60000000000002,0.7777777777777779,1.0500000000000018,3.780000000000007,0,1,0,26.781666666666663,28.8,True,0.0,44.349152542372885,51.71146245059288,0,0.037338975667434195,0.0,0.0
1864e6a32136644f9b257e26831782d69368420421ee2de2a9f19f8d93605e21,12,2024-03-01 13:37:19,2024-03-01 13:37:19,1,0.0,0.0,0.0,0.0,0.0,0.0,0,0,0,0.0,0.0,False,0.0,0.0,0.0,0,,,
1864e6a32136644f9b257e26831782d69368420421ee2de2a9f19f8d93605e21,13,2024-03-01 14:40:20,2024-03-01 14:40:20,1,0.0,0.0,0.0,0.0,0.0,0.0,0,0,0,0.0,0.0,False,0.0,0.0,0.0,0,,,
1864e6a32136644f9b257e26831782d69368420421ee2de2a9f19f8d93605e21,14,2024-03-01 15:33:19,2024-03-01 15:44:14,131,0.8396946564885496,17.755725190839694,43.0,0.8101851851851851,0.7222222222222221,2.6,0,0,0,3.243333333333333,10.916666666666666,True,0.0,17.755725190839694,21.145454545454545,0,0.0,0.0,0.0
1864e6a32136644f9b257e26831782d69368420421ee2de2a9f19f8d93605e21,15,2024-03-01 15:56:45,2024-03-01 16:12:01,129,0.5658914728682171,29.25581395348837,102.19999999999999,0.8333333333333334,1.7555555555555553,6.319999999999999,1,2,0,13.084166666666667,15.266666666666667,True,0.0,29.25581395348837,51.6986301369863,0,0.15285650595503472,0.07642825297751736,0.0
1864e6a32136644f9b257e26831782d69368420421ee2de2a9f19f8d93605e21,16,2024-03-01 18:04:45,2024-03-01 18:20:00,166,0.7771084337349398,39.63253012048193,118.0,1.1111111111111116,1.2384259259259258,4.458333333333333,0,1,0,12.315,15.25,True,0.0,39.63253012048193,51.0,0,0.08120178643930166,0.0,0.0
1864e6a32136644f9b257e26831782d69368420421ee2de2a9f19f8d93605e21,17,2024-03-01 18:28:52,2024-03-01 18:30:01,14,0.9285714285714286,18.928571428571427,46.7,0.7624999999999998,0.19814814814814813,0.7133333333333333,0,0,0,0.3922222222222222,1.15,True,0.0,18.928571428571427,20.384615384615383,0,0.0,0.0,0.0
18d9daf2d3c0e7773ef8b0bf52d1495175238066aeff4da0de0692e2583e1932,1,2024-03-01 07:32:58,2024-03-01 08:40:54,751,0.8189081225033289,25.61451398135819,87.5,0.5092592592592592,0.5555555555555555,2.0,0,0,0,28.30833333333333,67.93333333333334,True,0.0,25.61451398135819,31.278861788617885,0,0.0,0.0,0.0
18d9daf2d3c0e7773ef8b0bf52d1495175238066aeff4da0de0692e2583e1932,2,2024-03-01 09:06:20,2024-03-01 09:09:01,21,0.0,0.0,0.0,0.0,0.0,0.0,0,0,0,0.0,2.683333333333333,False,0.0,0.0,0.0,0,,,
18d9daf2d3c0e7773ef8b0bf52d1495175238066aeff4da0de0692e2583e1932,3,2024-03-01 15:20:50,2024-03-01 16:44:13,862,0.7482598607888631,19.935034802784223,57.0,0.5995370370370341,0.611111111111111,2.2,0,0,0,25.65111111111111,83.38333333333334,True,0.0,19.935034802784223,26.641860465116277,0,0.0,0.0,0.0
19625b61d29d780f87c445fa7ccc986b94ba17f5f2fc124ed5e606855aff7fa0,1,2024-03-01 01:18:26,2024-03-01 01:18:26,1,0.0,0.0,0.0,0.0,0.0,0.0,0,0,0,0.0,0.0,False,1.0,0.0,0.0,0,,,
19625b61d29d780f87c445fa7ccc986b94ba17f5f2fc124ed5e606855aff7fa0,2,2024-03-01 03:42:07,2024-03-01 03:42:07,1,0.0,0.0,0.0,0.0,0.0,0.0,0,0,0,0.0,0.0,False,1.0,0.0,0.0,0,,,
19625b61d29d780f87c445fa7ccc986b94ba17f5f2fc124ed5e606855aff7fa0,3,2024-03-01 06:06:02,2024-03-01 06:06:02,1,1.0,1.0,1.0,0.0,0.0,0.0,0,0,0,0.0,0.0,False,0.0,1.0,1.0,0,,,
19625b61d29d780f87c445fa7ccc986b94ba17f5f2fc124ed5e606855aff7fa0,4,2024-03-01 07:18:03,2024-03-01 07:18:03,1,0.0,0.0,0.0,0.0,0.0,0.0,0,0,0,0.0,0.0,False,0.0,0.0,0.0,0,,,
19625b61d29d780f87c445fa7ccc986b94ba17f5f2fc124ed5e606855aff7fa0,5,2024-03-01 08:30:09,2024-03-01 08:30:09,1,1.0,1.0,1.0,0.0,0.0,0.0,0,0,0,0.0,0.0,False,0.0,1.0,1.0,0,,,
19625b61d29d780f87c445fa7ccc986b94ba17f5f2fc124ed5e606855aff7fa0,6,2024-03-01 09:42:16,2024-03-01 09:42:16,1,1.0,7.0,7.0,0.0,0.0,0.0,0,0,0,0.0,0.0,False,0.0,7.0,7.0,0,,,
19625b61d29d780f87c445fa7ccc986b94ba17f5f2fc124ed5e606855aff7fa0,7,2024-03-01 10:54:22,2024-03-01 10:54:22,1,0.0,0.0,0.0,0.0,0.0,0.0,0,0,0,0.0,0.0,False,0.0,0.0,0.0,0,,,
19625b61d29d780f87c445fa7ccc986b94ba17f5f2fc124ed5e606855aff7fa0,8,2024-03-01 13:18:07,2024-03-01 13:18:07,1,1.0,1.0,1.0,0.0,0.0,0.0,0,0,0,0.0,0.0,False,0.0,1.0,1.0,0,,,
19625b61d29d780f87c445fa7ccc986b94ba17f5f2fc124ed5e606855aff7fa0,9,2024-03-01 14:31:56,2024-03-01 14:31:56,1,0.0,0.0,0.0,0.0,0.0,0.0,0,0,0,0.0,0.0,False,0.0,0.0,0.0,0,,,
19625b61d29d780f87c445fa7ccc986b94ba17f5f2fc124ed5e606855aff7fa0,10,2024-03-01 16:17:44,2024-03-01 16:17:44,1,0.0,0.0,0.0,0.0,0.0,0.0,0,0,0,0.0,0.0,False,0.0,0.0,0.0,0,,,
19625b61d29d780f87c445fa7ccc986b94ba17f5f2fc124ed5e606855aff7fa0,11,2024-03-01 16:24:25,2024-03-01 16:40:23,182,0.967032967032967,63.77472527472528,109.0,0.5,0.4444444444444445,1.6,0,0,0,17.187499999999996,15.966666666666667,True,0.0,63.77472527472528,65.94886363636364,0,0.0,0.0,0.0
19625b61d29d780f87c445fa7ccc986b94ba17f5f2fc124ed5e606855aff7fa0,12,2024-03-01 16:47:36,2024-03-01 18:30:04,1143,0.9973753280839895,135.10761154855643,164.0,0.38888888888888856,0.38888888888888856,1.4,0,1,0,231.62638888888887,102.46666666666667,True,0.0,135.10761154855643,135.46315789473684,0,0.004317297371845225,0.0,0.0
1a9c0b6fa4ddef44877c07c2f6af70a680cb4ae40bb57fab5dda082b3d944574,1,2024-03-01 00:01:20,2024-03-01 00:01:20,1,0.0,0.0,0.0,0.0,0.0,0.0,0,0,0,0.0,0.0,False,1.0,0.0,0.0,0,,,
1a9c0b6fa4ddef44877c07c2f6af70a680cb4ae40bb57fab5dda082b3d944574,2,2024-03-01 04:38:06,2024-03-01 04:38:06,1,0.0,0.0,0.0,0.0,0.0,0.0,0,0,0,0.0,0.0,False,1.0,0.0,0.0,0,,,
1a9c0b6fa4ddef44877c07c2f6af70a680cb4ae40bb57fab5dda082b3d944574,3,2024-03-01 06:56:54,2024-03-01 06:59:11,2,0.0,0.0,0.0,0.0,0.0,0.0,0,0,0,0.0,2.283333333333333,False,0.0,0.0,0.0,0,,,
1a9c0b6fa4ddef44877c07c2f6af70a680cb4ae40bb57fab5dda082b3d944574,4,2024-03-01 07:43:26,2024-03-01 08:03:21,233,0.9141630901287554,25.248927038626608,61.39999999999998,0.8796296296296294,0.8981481481481471,3.2333333333333294,1,0,0,8.407222222222222,19.916666666666668,True,0.0,25.248927038626608,27.619718309859156,0,0.0,0.11894535121918985,0.0
1a9c0b6fa4ddef44877c07c2f6af70a680cb4ae40bb57fab5dda082b3d944574,5,2024-03-01 09:03:20,2024-03-01 09:03:20,1,0.0,0.0,0.0,0.0,0.0,0.0,0,0,0,0.0,0.0,False,0.0,0.0,0.0,0,,,
1a9c0b6fa4ddef44877c07c2f6af70a680cb4ae40bb57fab5dda082b3d944574,6,2024-03-01 10:57:36,2024-03-01 10:57:36,1,0.0,0.0,0.0,0.0,0.0,0.0,0,0,0,0.0,0.0,False,0.0,0.0,0.0,0,,,
1a9c0b6fa4ddef44877c07c2f6af70a680cb4ae40bb57fab5dda082b3d944574,7,2024-03-01 15:11:14,2024-03-01 15:11:14,1,1.0,1.0,1.0,0.0,0.0,0.0,0,0,0,0.0,0.0,False,0.0,1.0,1.0,0,,,
1a9c0b6fa4ddef44877c07c2f6af70a680cb4ae40bb57fab5dda082b3d944574,8,2024-03-01 17:29:04,2024-03-01 18:03:26,308,0.4707792207792208,14.191558441558442,70.0,0.3333333333333333,0.382407407407407,1.3766666666666652,0,0,0,6.8180555555555555,34.36666666666667,True,0.0,14.191558441558442,30.144827586206898,0,0.0,0.0,0.0
1a9c0b6fa4ddef44877c07c2f6af70a680cb4ae40bb57fab5dda082b3d944574,9,2024-03-01 18:20:40,2024-03-01 18:30:05,99,0.7171717171717171,12.919191919191919,33.19999999999999,0.5101851851851846,0.5009259259259259,1.8033333333333332,0,0,0,1.9091666666666665,9.416666666666666,True,0.0,12.919191919191919,18.014084507042252,0,0.0,0.0,0.0
1b1556276b3577ccf2b1974f1254bf4ad83fe5c1970527cd90ac2f79f1c62516,1,2024-03-01 07:19:20,2024-03-01 07:19:20,1,0.0,0.0,0.0,0.0,0.0,0.0,0,0,0,0.0,0.0,False,0.0,0.0,0.0,0,,,
1b1556276b3577ccf2b1974f1254bf4ad83fe5c1970527cd90ac2f79f1c62516,2,2024-03-01 07:34:34,2024-03-01 08:09:35,385,0.8493506493506493,21.553246753246754,50.0,0.6555555555555528,0.6092592592592588,2.193333333333332,0,0,0,12.27375,35.016666666666666,True,0.0,21.553246753246754,25.376146788990827,0,0.0,0.0,0.0
1b1556276b3577ccf2b1974f1254bf4ad83fe5c1970527cd90ac2f79f1c62516,3,2024-03-01 08:25:32,2024-03-01 08:29:15,43,0.0,0.0,0.0,0.0,-0.0,-0.0,0,0,0,0.0,3.716666666666667,False,0.0,0.0,0.0,0,,,
1b1556276b3577ccf2b1974f1254bf4ad83fe5c1970527cd90ac2f79f1c62516,4,2024-03-01 08:35:53,2024-03-01 08:35:53,1,0.0,0.0,0.0,0.0,0.0,0.0,0,0,0,0.0,0.0,False,0.0,0.0,0.0,0,,,
1b1556276b3577ccf2b1974f1254bf4ad83fe5c1970527cd90ac2f79f1c62516,5,2024-03-01 09:36:11,2024-03-01 09:36:11,1,0.0,0.0,0.0,0.0,0.0,0.0,0,0,0,0.0,0.0,False,0.0,0.0,0.0,0,,,
1bce7a39e10959b908ce9b260b711238bc15e92d22cd9d6d02f87d6be30ce6a9,1,2024-03-01 09:14:50,2024-03-01 09:19:51,60,0.6666666666666666,8.35,24.14999999999999,0.7013888888888887,0.5138888888888881,1.8499999999999972,0,0,0,0.6663888888888888,5.016666666666667,True,0.0,8.35,12.525,0,0.0,0.0,0.0
1bce7a39e10959b908ce9b260b711238bc15e92d22cd9d6d02f87d6be30ce6a9,2,2024-03-01 16:48:04,2024-03-01 17:07:24,319,0.7460815047021944,17.165882967607107,61.033333333333324,1.0694444444444426,1.1180555555555536,4.0249999999999915,0,1,0,4.864699074074074,19.333333333333332,True,0.0,17.165882967607107,23.008053221288513,0,0.2055625609669054,0.0,0.0
1bce7a39e10959b908ce9b260b711238bc15e92d22cd9d6d02f87d6be30ce6a9,3,2024-03-01 18:01:25,2024-03-01 18:05:32,108,0.0,0.0,0.0,0.0,-0.0,-0.0,0,0,0,0.0,4.116666666666666,False,0.0,0.0,0.0,0,,,
1bce7a39e10959b908ce9b260b711238bc15e92d22cd9d6d02f87d6be30ce6a9,4,2024-03-01 18:10:47,2024-03-01 18:18:00,210,0.3238095238095238,6.369047619047619,49.12499999999987,0.37037037037037124,0.7916666666666649,2.8499999999999948,1,1,0,2.992083333333333,7.216666666666667,True,0.0,6.369047619047619,19.669117647058822,0,0.3342152903495335,0.3342152903495335,0.0
1bce7a39e10959b908ce9b260b711238bc15e92d22cd9d6d02f87d6be30ce6a9,5,2024-03-01 18:26:20,2024-03-01 18:26:38,15,0.0,0.0,0.0,0.0,0.0,0.0,0,0,0,0.0,0.3,False,0.0,0.0,0.0,0,,,
1c5f920d80da0c61c53ee5fe3edee165d9ab9c8aeb6fe9b7db8c2da6ca5d7195,1,2024-03-01 02:15:42,2024-03-01 02:15:42,1,1.0,3.0,3.0,0.0,0.0,0.0,0,0,0,0.0,0.0,False,1.0,3.0,3.0,0,,,
1c5f920d80da0c61c53ee5fe3edee165d9ab9c8aeb6fe9b7db8c2da6ca5d7195,2,2024-03-01 08:15:14,2024-03-01 08:15:14,1,0.0,0.0,0.0,0.0,0.0,0.0,0,0,0,0.0,0.0,False,0.0,0.0,0.0,0,,,
1c5f920d80da0c61c53ee5fe3edee165d9ab9c8aeb6fe9b7db8c2da6ca5d7195,3,2024-03-01 09:27:19,2024-03-01 09:29:36,2,0.5,0.5,0.95,0.0,0.0019261962692619628,0.006934306569343065,0,0,0,0.0,2.283333333333333,False,0.0,0.5,1.0,0,,,
1c5f920d80da0c61c53ee5fe3edee165d9ab9c8aeb6fe9b7db8c2da6ca5d7195,4,2024-03-01 10:18:58,2024-03-01 11:10:20,554,0.871841155234657,27.534296028880867,64.0,0.9819444444444451,1.173611111111112,4.225000000000004,1,1,0,25.063333333333336,51.36666666666667,True,0.0,27.534296028880867,31.581780538302276,0,0.03989892272908631,0.03989892272908631,0.0
1c5f920d80da0c61c53ee5fe3edee165d9ab9c8aeb6fe9b7db8c2da6ca5d7195,5,2024-03-01 12:10:23,2024-03-01 12:10:23,1,0.0,0.0,0.0,0.0,0.0,0.0,0,0,0,0.0,0.0,False,0.0,0.0,0.0,0,,,
1c5f920d80da0c61c53ee5fe3edee165d9ab9c8aeb6fe9b7db8c2da6ca5d7195,6,2024-03-01 13:11:13,2024-03-01 13:11:13,1,0.0,0.0,0.0,0.0,0.0,0.0,0,0,0,0.0,0.0,False,0.0,0.0,0.0,0,,,
1c5f920d80da0c61c53ee5fe3edee165d9ab9c8aeb6fe9b7db8c2da6ca5d7195,7,2024-03-01 14:22:04,2024-03-01 14:22:04,1,0.0,0.0,0.0,0.0,0.0,0.0,0,0,0,0.0,0.0,False,0.0,0.0,0.0,0,,,
1c5f920d80da0c61c53ee5fe3edee165d9ab9c8aeb6fe9b7db8c2da6ca5d7195,8,2024-03-01 16:43:55,2024-03-01 16:43:55,1,1.0,1.0,1.0,0.0,0.0,0.0,0,0,0,0.0,0.0,False,0.0,1.0,1.0,0,,,
1cf9940c0ca71f5a4637b4dffdfe11ca738c4cbf778ad8233ee2ebe67b34d2c9,1,2024-03-01 00:53:01,2024-03-01 00:53:01,1,0.0,0.0,0.0,0.0,0.0,0.0,0,0,0,0.0,0.0,False,1.0,0.0,0.0,0,,,
1cf9940c0ca71f5a4637b4dffdfe11ca738c4cbf778ad8233ee2ebe67b34d2c9,2,2024-03-01 01:54:29,2024-03-01 01:54:29,1,1.0,1.0,1.0,0.0,0.0,0.0,0,0,0,0.0,0.0,False,1.0,1.0,1.0,0,,,
1cf9940c0ca71f5a4637b4dffdfe11ca738c4cbf778ad8233ee2ebe67b34d2c9,3,2024-03-01 04:14:25,2024-03-01 04:14:25,1,1.0,1.0,1.0,0.0,0.0,0.0,0,0,0,0.0,0.0,False,1.0,1.0,1.0,0,,,
1cf9940c0ca71f5a4637b4dffdfe11ca738c4cbf778ad8233ee2ebe67b34d2c9,4,2024-03-01 07:45:21,2024-03-01 07:47:35,2,0.5,0.5,0.95,0.0,0.001969320066334992,0.00708955223880597,0,0,0,0.0,2.2333333333333334,False,0.0,0.5,1.0,0,,,
1cf9940c0ca71f5a4637b4dffdfe11ca738c4cbf778ad8233ee2ebe67b34d2c9,5,2024-03-01 08:36:25,2024-03-01 09:01:12,257,0.7976653696498055,18.836575875486382,42.0,0.6277777777777769,0.611111111111111,2.2,0,0,0,7.435555555555555,24.783333333333335,True,0.0,18.836575875486382,23.614634146341462,0,0.0,0.0,0.0
1cf9940c0ca71f5a4637b4dffdfe11ca738c4cbf778ad8233ee2ebe67b34d2c9,6,2024-03-01 10:37:00,2024-03-01 10:37:45,2,0.0,0.0,0.0,0.0,0.0,0.0,0,0,0,0.0,0.75,False,0.0,0.0,0.0,0,,,
1cf9940c0ca71f5a4637b4dffdfe11ca738c4cbf778ad8233ee2ebe67b34d2c9,7,2024-03-01 13:23:02,2024-03-01 13:23:02,1,1.0,7.0,7.0,0.0,0.0,0.0,0,0,0,0.0,0.0,False,0.0,7.0,7.0,0,,,
1cf9940c0ca71f5a4637b4dffdfe11ca738c4cbf778ad8233ee2ebe67b34d2c9,8,2024-03-01 18:02:53,2024-03-01 18:02:53,1,1.0,1.0,1.0,0.0,0.0,0.0,0,0,0,0.0,0.0,False,0.0,1.0,1.0,0,,,
1d3df2d7a2c58295becdadf252a092e0bba21cfa990c60d07454a3c0c4164202,1,2024-03-01 02:41:02,2024-03-01 02:41:02,1,0.0,0.0,0.0,0.0,0.0,0.0,0,0,0,0.0,0.0,False,1.0,0.0,0.0,0,,,
1d3df2d7a2c58295becdadf252a092e0bba21cfa990c60d07454a3c0c4164202,2,2024-03-01 03:45:33,2024-03-01 04:27:39,441,0.9909297052154195,80.79818594104309,100.0,0.27777777777777785,0.3333333333333336,1.2,0,0,0,55.72111111111111,42.1,True,1.0,80.79818594104309,81.53775743707094,0,0.0,0.0,0.0
1d647370d3a07f7b159ec500dbbb89fb3cac7d242e20207d84b45c113bdccf8c,1,2024-03-01 02:37:32,2024-03-01 02:37:32,1,1.0,1.0,1.0,0.0,0.0,0.0,0,0,0,0.0,0.0,False,1.0,1.0,1.0,0,,,
1d647370d3a07f7b159ec500dbbb89fb3cac7d242e20207d84b45c113bdccf8c,2,2024-03-01 14:40:06,2024-03-01 14:55:33,158,0.9177215189873418,53.68987341772152,88.0,0.4166666666666667,0.5166666666666673,1.8600000000000023,0,0,0,13.284444444444444,15.45,True,0.0,53.68987341772152,58.50344827586207,0,0.0,0.0,0.0
1d647370d3a07f7b159ec500dbbb89fb3cac7d242e20207d84b45c113bdccf8c,3,2024-03-01 16:24:58,2024-03-01 16:24:58,1,0.0,0.0,0.0,0.0,0.0,0.0,0,0,0,0.0,0.0,False,0.0,0.0,0.0,0,,,
1d647370d3a07f7b159ec500dbbb89fb3cac7d242e20207d84b45c113bdccf8c,4,2024-03-01 16:39:44,2024-03-01 17:06:47,307,0.44625407166123776,5.3452768729641695,25.0,0.5,0.4888888888888885,1.7599999999999985,0,0,0,2.3575,27.05,True,0.0,5.3452768729641695,11.978102189781023,0,0.0,0.0,0.0
1df5fd4d6f3e4164b30ef71c2e3845ebaee196f868bcc4fcd6b507ba8da9bab2,1,2024-03-01 05:11:56,2024-03-01 05:11:56,1,0.0,0.0,0.0,0.0,0.0,0.0,0,0,0,0.0,0.0,False,1.0,0.0,0.0,0,,,
1df5fd4d6f3e4164b30ef71c2e3845ebaee196f868bcc4fcd6b507ba8da9bab2,2,2024-03-01 09:44:35,2024-03-01 09:44:35,1,0.0,0.0,0.0,0.0,0.0,0.0,0,0,0,0.0,0.0,False,0.0,0.0,0.0,0,,,
1df5fd4d6f3e4164b30ef71c2e3845ebaee196f868bcc4fcd6b507ba8da9bab2,3,2024-03-01 10:21:03,2024-03-01 10:25:56,56,0.6607142857142857,10.696428571428571,33.0,0.3472222222222222,0.4513888888888889,1.625,0,0,0,0.8788888888888888,4.883333333333334,True,0.0,10.696428571428571,16.18918918918919,0,0.0,0.0,0.0
1df5fd4d6f3e4164b30ef71c2e3845ebaee196f868bcc4fcd6b507ba8da9bab2,4,2024-03-01 10:49:32,2024-03-01 10:54:57,54,0.5925925925925926,8.685185185185185,22.69999999999999,0.5254629629629627,0.5,1.8,0,0,0,0.7613888888888889,5.416666666666667,True,0.0,8.685185185185185,14.65625,0,0.0,0.0,0.0
1df5fd4d6f3e4164b30ef71c2e3845ebaee196f868bcc4fcd6b507ba8da9bab2,5,2024-03-01 11:55:36,2024-03-01 11:55:36,1,0.0,0.0,0.0,0.0,0.0,0.0,0,0,0,0.0,0.0,False,0.0,0.0,0.0,0,,,
1e4cd4c576635bd31d57e8a8922f22e1984d0f985e3e5c0262413d7b523c41d2,1,2024-03-01 01:10:13,2024-03-01 01:10:13,1,0.0,0.0,0.0,0.0,0.0,0.0,0,0,0,0.0,0.0,False,1.0,0.0,0.0,0,,,
1e4cd4c576635bd31d57e8a8922f22e1984d0f985e3e5c0262413d7b523c41d2,2,2024-03-01 02:21:48,2024-03-01 02:21:48,1,1.0,1.0,1.0,0.0,0.0,0.0,0,0,0,0.0,0.0,False,1.0,1.0,1.0,0,,,
1e4cd4c576635bd31d57e8a8922f22e1984d0f985e3e5c0262413d7b523c41d2,3,2024-03-01 03:33:28,2024-03-01 03:33:28,1,0.0,0.0,0.0,0.0,0.0,0.0,0,0,0,0.0,0.0,False,1.0,0.0,0.0,0,,,
1e4cd4c576635bd31d57e8a8922f22e1984d0f985e3e5c0262413d7b523c41d2,4,2024-03-01 04:45:08,2024-03-01 04:45:08,1,1.0,3.0,3.0,0.0,0.0,0.0,0,0,0,0.0,0.0,False,1.0,3.0,3.0,0,,,
1e4cd4c576635bd31d57e8a8922f22e1984d0f985e3e5c0262413d7b523c41d2,5,2024-03-01 08:20:05,2024-03-01 08:20:05,1,0.0,0.0,0.0,0.0,0.0,0.0,0,0,0,0.0,0.0,False,0.0,0.0,0.0,0,,,
1e4cd4c576635bd31d57e8a8922f22e1984d0f985e3e5c0262413d7b523c41d2,6,2024-03-01 08:30:05,2024-03-01 09:17:39,485,0.7298969072164948,28.201030927835053,77.0,0.7222222222222224,0.8870370370370366,3.193333333333332,0,0,0,20.36847222222222,47.56666666666667,True,0.0,28.201030927835053,38.637005649717516,0,0.0,0.0,0.0
1e4cd4c576635bd31d57e8a8922f22e1984d0f985e3e5c0262413d7b523c41d2,7,2024-03-01 10:12:28,2024-03-01 10:48:44,413,0.6852300242130751,28.702179176755447,85.0,0.611111111111111,0.833333333333333,3.0,0,0,0,17.333333333333332,36.266666666666666,True,0.0,28.702179176755447,41.886925795053,0,0.0,0.0,0.0
1e4cd4c576635bd31d57e8a8922f22e1984d0f985e3e5c0262413d7b523c41d2,8,2024-03-01 11:49:11,2024-03-01 11:49:11,1,0.0,0.0,0.0,0.0,0.0,0.0,0,0,0,0.0,0.0,False,0.0,0.0,0.0,0,,,
1e4cd4c576635bd31d57e8a8922f22e1984d0f985e3e5c0262413d7b523c41d2,9,2024-03-01 13:05:36,2024-03-01 13:39:15,338,0.8698224852071006,66.49112426035504,131.0,0.7222222222222221,1.024074074074073,3.6866666666666634,0,1,0,41.85277777777778,33.65,True,0.0,66.49112426035504,76.4421768707483,0,0.023893276697418198,0.0,0.0
1e4cd4c576635bd31d57e8a8922f22e1984d0f985e3e5c0262413d7b523c41d2,10,2024-03-01 14:39:43,2024-03-01 14:43:44,12,0.16666666666666666,1.1666666666666667,6.799999999999997,0.22499999999999964,0.2263888888888889,0.8150000000000001,0,0,0,0.01944444444444444,4.016666666666667,False,0.0,1.1666666666666667,7.0,0,0.0,0.0,0.0
1e4cd4c576635bd31d57e8a8922f22e1984d0f985e3e5c0262413d7b523c41d2,11,2024-03-01 14:56:19,2024-03-01 15:33:44,431,0.8538283062645011,60.837587006960554,124.0,0.6111111111111112,0.7881944444444443,2.8375,0,0,0,38.555833333333325,37.416666666666664,True,0.0,60.837587006960554,71.25271739130434,0,0.0,0.0,0.0
1e4cd4c576635bd31d57e8a8922f22e1984d0f985e3e5c0262413d7b523c41d2,12,2024-03-01 17:24:58,2024-03-01 17:25:37,2,0.0,0.0,0.0,0.0,0.0,0.0,0,0,0,0.0,0.65,False,0.0,0.0,0.0,0,,,
1e4cd4c576635bd31d57e8a8922f22e1984d0f985e3e5c0262413d7b523c41d2,13,2024-03-01 18:08:39,2024-03-01 18:08:39,1,1.0,1.0,1.0,0.0,0.0,0.0,0,0,0,0.0,0.0,False,0.0,1.0,1.0,0,,,
1e7e7432192ce087fa0b4b04d62a15279c3ac24eeb7b09ef18df0ff55fe036e9,1,2024-03-01 01:49:34,2024-03-01 01:49:34,1,0.0,0.0,0.0,0.0,0.0,0.0,0,0,0,0.0,0.0,False,1.0,0.0,0.0,0,,,
1e7e7432192ce087fa0b4b04d62a15279c3ac24eeb7b09ef18df0ff55fe036e9,2,2024-03-01 03:01:46,2024-03-01 03:01:46,1,0.0,0.0,0.0,0.0,0.0,0.0,0,0,0,0.0,0.0,False,1.0,0.0,0.0,0,,,
1e7e7432192ce087fa0b4b04d62a15279c3ac24eeb7b09ef18df0ff55fe036e9,3,2024-03-01 04:13:09,2024-03-01 04:13:09,1,0.0,0.0,0.0,0.0,0.0,0.0,0,0,0,0.0,0.0,False,1.0,0.0,0.0,0,,,
1e7e7432192ce087fa0b4b04d62a15279c3ac24eeb7b09ef18df0ff55fe036e9,4,2024-03-01 05:26:03,2024-03-01 05:26:03,1,0.0,0.0,0.0,0.0,0.0,0.0,0,0,0,0.0,0.0,False,1.0,0.0,0.0,0,,,
1e7e7432192ce087fa0b4b04d62a15279c3ac24eeb7b09ef18df0ff55fe036e9,5,2024-03-01 06:27:53,2024-03-01 07:05:28,419,0.9427207637231504,47.47016706443914,87.0,0.7222222222222221,0.8333333333333333,3.0,0,0,0,29.007222222222218,37.583333333333336,True,0.0,47.47016706443914,50.35443037974684,0,0.0,0.0,0.0
1e7e7432192ce087fa0b4b04d62a15279c3ac24eeb7b09ef18df0ff55fe036e9,6,2024-03-01 08:05:40,2024-03-01 08:05:40,1,0.0,0.0,0.0,0.0,0.0,0.0,0,0,0,0.0,0.0,False,0.0,0.0,0.0,0,,,
1e7e7432192ce087fa0b4b04d62a15279c3ac24eeb7b09ef18df0ff55fe036e9,7,2024-03-01 09:06:18,2024-03-01 09:06:18,1,0.0,0.0,0.0,0.0,0.0,0.0,0,0,0,0.0,0.0,False,0.0,0.0,0.0,0,,,
1e7e7432192ce087fa0b4b04d62a15279c3ac24eeb7b09ef18df0ff55fe036e9,8,2024-03-01 10:17:32,2024-03-01 10:17:32,1,0.0,0.0,0.0,0.0,0.0,0.0,0,0,0,0.0,0.0,False,0.0,0.0,0.0,0,,,
1e7e7432192ce087fa0b4b04d62a15279c3ac24eeb7b09ef18df0ff55fe036e9,9,2024-03-01 12:40:02,2024-03-01 12:40:02,1,0.0,0.0,0.0,0.0,0.0,0.0,0,0,0,0.0,0.0,False,0.0,0.0,0.0,0,,,
1e7e7432192ce087fa0b4b04d62a15279c3ac24eeb7b09ef18df0ff55fe036e9,10,2024-03-01 13:51:05,2024-03-01 13:51:05,1,0.0,0.0,0.0,0.0,0.0,0.0,0,0,0,0.0,0.0,False,0.0,0.0,0.0,0,,,
1e7e7432192ce087fa0b4b04d62a15279c3ac24eeb7b09ef18df0ff55fe036e9,11,2024-03-01 15:02:03,2024-03-01 15:02:03,1,0.0,0.0,0.0,0.0,0.0,0.0,0,0,0,0.0,0.0,False,0.0,0.0,0.0,0,,,
1e7e7432192ce087fa0b4b04d62a15279c3ac24eeb7b09ef18df0ff55fe036e9,12,2024-03-01 16:12:52,2024-03-01 16:12:52,1,0.0,0.0,0.0,0.0,0.0,0.0,0,0,0,0.0,0.0,False,0.0,0.0,0.0,0,,,
1e7e7432192ce087fa0b4b04d62a15279c3ac24eeb7b09ef18df0ff55fe036e9,13,2024-03-01 17:23:42,2024-03-01 17:23:42,1,0.0,0.0,0.0,0.0,0.0,0.0,0,0,0,0.0,0.0,False,0.0,0.0,0.0,0,,,
20d1d73cfda9f31a9ad680403ae96e727ffca215691a8acd17a1a01ca113aa12,1,2024-03-01 00:27:16,2024-03-01 00:27:16,1,0.0,0.0,0.0,0.0,0.0,0.0,0,0,0,0.0,0.0,False,1.0,0.0,0.0,0,,,
20d1d73cfda9f31a9ad680403ae96e727ffca215691a8acd17a1a01ca113aa12,2,2024-03-01 08:36:33,2024-03-01 08:36:33,1,1.0,3.0,3.0,0.0,0.0,0.0,0,0,0,0.0,0.0,False,0.0,3.0,3.0,0,,,
20d1d73cfda9f31a9ad680403ae96e727ffca215691a8acd17a1a01ca113aa12,3,2024-03-01 08:47:38,2024-03-01 09:13:48,297,0.8585858585858586,24.437710437710436,62.39999999999998,0.6222222222222216,0.611111111111111,2.2,0,0,0,10.65,26.166666666666668,True,0.0,24.437710437710436,28.462745098039214,0,0.0,0.0,0.0
20d1d73cfda9f31a9ad680403ae96e727ffca215691a8acd17a1a01ca113aa12,4,2024-03-01 09:27:59,2024-03-01 10:00:12,372,0.9301075268817204,38.13709677419355,66.89999999999998,0.706944444444444,0.9215277777777773,3.317499999999998,0,0,0,20.842777777777776,32.21666666666667,True,0.0,38.13709677419355,41.00289017341041,0,0.0,0.0,0.0
20d1d73cfda9f31a9ad680403ae96e727ffca215691a8acd17a1a01ca113aa12,5,2024-03-01 11:00:33,2024-03-01 11:00:33,1,0.0,0.0,0.0,0.0,0.0,0.0,0,0,0,0.0,0.0,False,0.0,0.0,0.0,0,,,
20d1d73cfda9f31a9ad680403ae96e727ffca215691a8acd17a1a01ca113aa12,6,2024-03-01 12:57:02,2024-03-01 12:57:18,4,0.25,0.25,0.8499999999999996,0.04722222222222221,0.03935185185185184,0.1416666666666666,0,0,0,0.001388888888888889,0.26666666666666666,True,0.0,0.25,1.0,0,0.0,0.0,0.0
20d1d73cfda9f31a9ad680403ae96e727ffca215691a8acd17a1a01ca113aa12,7,2024-03-01 13:57:39,2024-03-01 13:57:39,1,0.0,0.0,0.0,0.0,0.0,0.0,0,0,0,0.0,0.0,False,0.0,0.0,0.0,0,,,
20d1d73cfda9f31a9ad680403ae96e727ffca215691a8acd17a1a01ca113aa12,8,2024-03-01 14:58:54,2024-03-01 14:58:54,1,0.0,0.0,0.0,0.0,0.0,0.0,0,0,0,0.0,0.0,False,0.0,0.0,0.0,0,,,
2197fd2f047e4d7f71498ce7a1ec5a716d384651f03bbe252a8d8096db258e41,1,2024-03-01 00:39:01,2024-03-01 00:39:01,1,0.0,0.0,0.0,0.0,0.0,0.0,0,0,0,0.0,0.0,False,1.0,0.0,0.0,0,,,
2197fd2f047e4d7f71498ce7a1ec5a716d384651f03bbe252a8d8096db258e41,2,2024-03-01 09:08:25,2024-03-01 09:08:25,1,0.0,0.0,0.0,0.0,0.0,0.0,0,0,0,0.0,0.0,False,0.0,0.0,0.0,0,,,
2197fd2f047e4d7f71498ce7a1ec5a716d384651f03bbe252a8d8096db258e41,3,2024-03-01 16:32:54,2024-03-01 16:32:54,1,0.0,0.0,0.0,0.0,0.0,0.0,0,0,0,0.0,0.0,False,0.0,0.0,0.0,0,,,
21ec72fee126e67bf77626cfea88096434f419f941ad5676e5f240e761aad271,1,2024-03-01 07:37:49,2024-03-01 07:37:49,1,1.0,1.0,1.0,0.0,0.0,0.0,0,0,0,0.0,0.0,False,0.0,1.0,1.0,0,,,
21ec72fee126e67bf77626cfea88096434f419f941ad5676e5f240e761aad271,2,2024-03-01 12:46:24,2024-03-01 12:58:42,118,0.6016949152542372,10.279661016949152,29.0,0.6708333333333331,0.6361111111111096,2.289999999999995,0,0,0,1.8094444444444444,12.3,True,0.0,10.279661016949152,17.08450704225352,0,0.0,0.0,0.0
21ec72fee126e67bf77626cfea88096434f419f941ad5676e5f240e761aad271,3,2024-03-01 13:38:26,2024-03-01 13:38:26,1,0.0,0.0,0.0,0.0,0.0,0.0,0,0,0,0.0,0.0,False,0.0,0.0,0.0,0,,,
21ec72fee126e67bf77626cfea88096434f419f941ad5676e5f240e761aad271,4,2024-03-01 14:38:31,2024-03-01 14:38:31,1,0.0,0.0,0.0,0.0,0.0,0.0,0,0,0,0.0,0.0,False,0.0,0.0,0.0,0,,,
21ec72fee126e67bf77626cfea88096434f419f941ad5676e5f240e761aad271,5,2024-03-01 15:00:06,2024-03-01 15:00:06,1,1.0,3.0,3.0,0.0,0.0,0.0,0,0,0,0.0,0.0,False,0.0,3.0,3.0,0,,,
21ec72fee126e67bf77626cfea88096434f419f941ad5676e5f240e761aad271,6,2024-03-01 16:16:13,2024-03-01 16:16:13,1,1.0,1.0,1.0,0.0,0.0,0.0,0,0,0,0.0,0.0,False,0.0,1.0,1.0,0,,,
21ec72fee126e67bf77626cfea88096434f419f941ad5676e5f240e761aad271,7,2024-03-01 17:33:58,2024-03-01 17:38:57,48,0.7916666666666666,10.729166666666666,25.0,0.38749999999999984,0.4249999999999999,1.5299999999999998,0,0,0,0.745,4.983333333333333,True,0.0,10.729166666666666,13.552631578947368,0,0.0,0.0,0.0
21ec72fee126e67bf77626cfea88096434f419f941ad5676e5f240e761aad271,8,2024-03-01 18:03:18,2024-03-01 18:09:36,74,0.7567567567567568,12.608108108108109,30.399999999999977,0.7106481481481478,0.8819444444444438,3.174999999999997,0,0,0,1.3311111111111111,6.3,True,0.0,12.608108108108109,16.660714285714285,0,0.0,0.0,0.0
22fb911fd76eb7111f50410acc79d43cb5e05a779f31d7905a9c940293b53705,1,2024-03-01 01:29:59,2024-03-01 01:29:59,1,1.0,1.0,1.0,0.0,0.0,0.0,0,0,0,0.0,0.0,False,1.0,1.0,1.0,0,,,
22fb911fd76eb7111f50410acc79d43cb5e05a779f31d7905a9c940293b53705,2,2024-03-01 06:01:02,2024-03-01 06:01:02,1,1.0,1.0,1.0,0.0,0.0,0.0,0,0,0,0.0,0.0,False,0.0,1.0,1.0,0,,,
22fb911fd76eb7111f50410acc79d43cb5e05a779f31d7905a9c940293b53705,3,2024-03-01 07:11:09,2024-03-01 07:27:45,143,0.6153846153846154,12.384615384615385,34.80000000000001,0.6055555555555558,0.5083333333333333,1.83,0,0,0,2.5808333333333326,16.6,True,0.0,12.384615384615385,20.125,0,0.0,0.0,0.0
22fb911fd76eb7111f50410acc79d43cb5e05a779f31d7905a9c940293b53705,4,2024-03-01 08:28:13,2024-03-01 08:28:13,1,0.0,0.0,0.0,0.0,0.0,0.0,0,0,0,0.0,0.0,False,0.0,0.0,0.0,0,,,
22fb911fd76eb7111f50410acc79d43cb5e05a779f31d7905a9c940293b53705,5,2024-03-01 08:42:57,2024-03-01 08:50:05,74,0.7027027027027027,16.31081081081081,44.69999999999999,0.9666666666666653,0.7212962962962944,2.5966666666666605,0,0,0,1.6955555555555557,7.133333333333334,True,0.0,16.31081081081081,23.21153846153846,0,0.0,0.0,0.0
22fb911fd76eb7111f50410acc79d43cb5e05a779f31d7905a9c940293b53705,6,2024-03-01 09:10:40,2024-03-01 09:13:46,37,0.4594594594594595,8.054054054054054,25.799999999999983,0.46666666666666606,0.3333333333333333,1.2,0,0,0,0.40361111111111114,3.1,True,0.0,8.054054054054054,17.529411764705884,0,0.0,0.0,0.0
22fb911fd76eb7111f50410acc79d43cb5e05a779f31d7905a9c940293b53705,7,2024-03-01 09:21:15,2024-03-01 09:23:34,25,0.72,19.44,39.39999999999999,0.6444444444444442,0.690476190476189,2.4857142857142804,0,0,0,0.7944444444444442,2.316666666666667,True,0.0,19.44,27.0,0,0.0,0.0,0.0
22fb911fd76eb7111f50410acc79d43cb5e05a779f31d7905a9c940293b53705,8,2024-03-01 10:45:00,2024-03-01 10:45:42,2,0.0,0.0,0.0,0.0,0.0,0.0,0,0,0,0.0,0.7,False,0.0,0.0,0.0,0,,,
22fb911fd76eb7111f50410acc79d43cb5e05a779f31d7905a9c940293b53705,9,2024-03-01 11:30:29,2024-03-01 11:30:29,1,0.0,0.0,0.0,0.0,0.0,0.0,0,0,0,0.0,0.0,False,0.0,0.0,0.0,0,,,
22fb911fd76eb7111f50410acc79d43cb5e05a779f31d7905a9c940293b53705,10,2024-03-01 11:56:17,2024-03-01 11:56:38,5,0.4,4.6,13.0,0.4555555555555555,0.0,0.0,0,0,0,0.03194444444444444,0.35,True,0.0,4.6,11.5,0,0.0,0.0,0.0
22fb911fd76eb7111f50410acc79d43cb5e05a779f31d7905a9c940293b53705,11,2024-03-01 12:47:42,2024-03-01 12:47:42,1,0.0,0.0,0.0,0.0,0.0,0.0,0,0,0,0.0,0.0,False,0.0,0.0,0.0,0,,,
22fb911fd76eb7111f50410acc79d43cb5e05a779f31d7905a9c940293b53705,12,2024-03-01 13:47:47,2024-03-01 13:47:47,1,0.0,0.0,0.0,0.0,0.0,0.0,0,0,0,0.0,0.0,False,0.0,0.0,0.0,0,,,
22fb911fd76eb7111f50410acc79d43cb5e05a779f31d7905a9c940293b53705,13,2024-03-01 14:00:16,2024-03-01 14:00:16,1,0.0,0.0,0.0,0.0,0.0,0.0,0,0,0,0.0,0.0,False,0.0,0.0,0.0,0,,,
244390a1e8aa42181c7d1688844df968190c4ff13ebce0988082afaf6b624548,1,2024-03-01 00:52:20,2024-03-01 00:52:20,1,1.0,3.0,3.0,0.0,0.0,0.0,0,0,0,0.0,0.0,False,1.0,3.0,3.0,0,,,
244390a1e8aa42181c7d1688844df968190c4ff13ebce0988082afaf6b624548,2,2024-03-01 02:00:53,2024-03-01 02:00:53,1,0.0,0.0,0.0,0.0,0.0,0.0,0,0,0,0.0,0.0,False,1.0,0.0,0.0,0,,,
244390a1e8aa42181c7d1688844df968190c4ff13ebce0988082afaf6b624548,3,2024-03-01 04:18:06,2024-03-01 04:18:06,1,0.0,0.0,0.0,0.0,0.0,0.0,0,0,0,0.0,0.0,False,1.0,0.0,0.0,0,,,
244390a1e8aa42181c7d1688844df968190c4ff13ebce0988082afaf6b624548,4,2024-03-01 06:35:19,2024-03-01 06:35:19,1,1.0,5.0,5.0,0.0,0.0,0.0,0,0,0,0.0,0.0,False,0.0,5.0,5.0,0,,,
244390a1e8aa42181c7d1688844df968190c4ff13ebce0988082afaf6b624548,5,2024-03-01 07:43:57,2024-03-01 07:43:57,1,1.0,1.0,1.0,0.0,0.0,0.0,0,0,0,0.0,0.0,False,0.0,1.0,1.0,0,,,
244390a1e8aa42181c7d1688844df968190c4ff13ebce0988082afaf6b624548,6,2024-03-01 08:50:52,2024-03-01 09:04:07,157,0.821656050955414,21.75796178343949,48.0,0.6574074074074069,1.1444444444444426,4.119999999999993,0,0,0,4.84,13.25,True,0.0,21.75796178343949,26.48062015503876,0,0.0,0.0,0.0
244390a1e8aa42181c7d1688844df968190c4ff13ebce0988082afaf6b624548,7,2024-03-01 10:04:07,2024-03-01 10:04:07,1,0.0,0.0,0.0,0.0,0.0,0.0,0,0,0,0.0,0.0,False,0.0,0.0,0.0,0,,,
244390a1e8aa42181c7d1688844df968190c4ff13ebce0988082afaf6b624548,8,2024-03-01 11:04:55,2024-03-01 11:04:55,1,0.0,0.0,0.0,0.0,0.0,0.0,0,0,0,0.0,0.0,False,0.0,0.0,0.0,0,,,
244390a1e8aa42181c7d1688844df968190c4ff13ebce0988082afaf6b624548,9,2024-03-01 14:29:54,2024-03-01 14:29:54,1,0.0,0.0,0.0,0.0,0.0,0.0,0,0,0,0.0,0.0,False,0.0,0.0,0.0,0,,,
244390a1e8aa42181c7d1688844df968190c4ff13ebce0988082afaf6b624548,10,2024-03-01 15:38:08,2024-03-01 15:38:08,1,0.0,0.0,0.0,0.0,0.0,0.0,0,0,0,0.0,0.0,False,0.0,0.0,0.0,0,,,
244390a1e8aa42181c7d1688844df968190c4ff13ebce0988082afaf6b624548,11,2024-03-01 16:48:42,2024-03-01 16:48:42,1,0.0,0.0,0.0,0.0,0.0,0.0,0,0,0,0.0,0.0,False,0.0,0.0,0.0,0,,,
244390a1e8aa42181c7d1688844df968190c4ff13ebce0988082afaf6b624548,12,2024-03-01 17:28:27,2024-03-01 17:34:35,70,0.5,8.314285714285715,32.099999999999994,0.6069444444444444,0.6722222222222219,2.419999999999999,0,0,0,0.8327777777777777,6.133333333333334,True,0.0,8.314285714285715,16.62857142857143,0,0.0,0.0,0.0
244390a1e8aa42181c7d1688844df968190c4ff13ebce0988082afaf6b624548,13,2024-03-01 17:47:27,2024-03-01 17:47:30,2,0.0,0.0,0.0,0.0,0.0,0.0,0,0,0,0.0,0.05,False,0.0,0.0,0.0,0,,,
2498fda3cbd4708563ee7094529d0237a706bb6841299ab1c51e8376db80d919,1,2024-03-01 00:50:42,2024-03-01 00:50:42,1,1.0,1.0,1.0,0.0,0.0,0.0,0,0,0,0.0,0.0,False,1.0,1.0,1.0,0,,,
2498fda3cbd4708563ee7094529d0237a706bb6841299ab1c51e8376db80d919,2,2024-03-01 01:59:40,2024-03-01 01:59:40,1,0.0,0.0,0.0,0.0,0.0,0.0,0,0,0,0.0,0.0,False,1.0,0.0,0.0,0,,,
2498fda3cbd4708563ee7094529d0237a706bb6841299ab1c51e8376db80d919,3,2024-03-01 03:08:51,2024-03-01 03:08:51,1,0.0,0.0,0.0,0.0,0.0,0.0,0,0,0,0.0,0.0,False,1.0,0.0,0.0,0,,,
2498fda3cbd4708563ee7094529d0237a706bb6841299ab1c51e8376db80d919,4,2024-03-01 07:47:45,2024-03-01 07:47:45,1,0.0,0.0,0.0,0.0,0.0,0.0,0,0,0,0.0,0.0,False,0.0,0.0,0.0,0,,,
2498fda3cbd4708563ee7094529d0237a706bb6841299ab1c51e8376db80d919,5,2024-03-01 08:38:35,2024-03-01 09:28:11,564,0.4148936170212766,13.347517730496454,61.0,0.5092592592592592,0.5,1.8,0,0,0,11.088888888888889,49.6,True,0.0,13.347517730496454,32.17094017094017,0,0.0,0.0,0.0
2498fda3cbd4708563ee7094529d0237a706bb6841299ab1c51e8376db80d919,6,2024-03-01 09:49:46,2024-03-01 09:55:00,60,0.0,0.0,0.0,0.0,0.0,0.0,0,0,0,0.0,5.233333333333333,False,0.0,0.0,0.0,0,,,
2498fda3cbd4708563ee7094529d0237a706bb6841299ab1c51e8376db80d919,7,2024-03-01 10:55:08,2024-03-01 10:55:08,1,0.0,0.0,0.0,0.0,0.0,0.0,0,0,0,0.0,0.0,False,0.0,0.0,0.0,0,,,
2498fda3cbd4708563ee7094529d0237a706bb6841299ab1c51e8376db80d919,8,2024-03-01 11:53:01,2024-03-01 11:55:44,3,0.3333333333333333,4.666666666666667,12.599999999999998,0.0282258064516129,0.0,0.0,0,0,0,0.4822222222222222,2.716666666666667,True,0.0,4.666666666666667,14.0,0,0.0,0.0,0.0
2498fda3cbd4708563ee7094529d0237a706bb6841299ab1c51e8376db80d919,9,2024-03-01 13:04:14,2024-03-01 13:40:58,405,0.4148148148148148,12.139506172839507,51.0,0.7222222222222221,0.7111111111111085,2.559999999999991,0,0,0,7.102638888888888,36.733333333333334,True,0.0,12.139506172839507,29.264880952380953,0,0.0,0.0,0.0
2498fda3cbd4708563ee7094529d0237a706bb6841299ab1c51e8376db80d919,10,2024-03-01 14:41:07,2024-03-01 14:41:07,1,0.0,0.0,0.0,0.0,0.0,0.0,0,0,0,0.0,0.0,False,0.0,0.0,0.0,0,,,
2498fda3cbd4708563ee7094529d0237a706bb6841299ab1c51e8376db80d919,11,2024-03-01 15:26:32,2024-03-01 15:39:55,156,0.6538461538461539,11.60897435897436,29.0,0.5671296296296298,0.861111111111111,3.1,0,0,0,2.6191666666666666,13.383333333333333,True,0.0,11.60897435897436,17.754901960784313,0,0.0,0.0,0.0
2498fda3cbd4708563ee7094529d0237a706bb6841299ab1c51e8376db80d919,12,2024-03-01 16:40:04,2024-03-01 16:40:04,1,0.0,0.0,0.0,0.0,0.0,0.0,0,0,0,0.0,0.0,False,0.0,0.0,0.0,0,,,
2498fda3cbd4708563ee7094529d0237a706bb6841299ab1c51e8376db80d919,13,2024-03-01 17:40:39,2024-03-01 17:40:39,1,1.0,1.0,1.0,0.0,0.0,0.0,0,0,0,0.0,0.0,False,0.0,1.0,1.0,0,,,
24b224dcab103eef3a1d9d4e2de9b92d2a4144e73ec34fddc02c8e16a8a83f97,1,2024-03-01 05:06:54,2024-03-01 05:30:04,264,0.6628787878787878,26.83712121212121,75.0,1.2458333333333331,1.3680555555555545,4.924999999999997,0,1,0,9.528611111111111,23.166666666666668,True,1.0,26.83712121212121,40.48571428571429,0,0.10494708917587384,0.0,0.0
24bd5089bd4204a3608dd9d6c971864d2ef76046d2e471993ca14c58d2406e4e,1,2024-03-01 06:45:54,2024-03-01 06:45:54,1,1.0,1.0,1.0,0.0,0.0,0.0,0,0,0,0.0,0.0,False,0.0,1.0,1.0,0,,,
24bd5089bd4204a3608dd9d6c971864d2ef76046d2e471993ca14c58d2406e4e,2,2024-03-01 07:55:45,2024-03-01 07:56:52,2,0.0,0.0,0.0,0.0,0.0,0.0,0,0,0,0.0,1.1166666666666667,False,0.0,0.0,0.0,0,,,
24bd5089bd4204a3608dd9d6c971864d2ef76046d2e471993ca14c58d2406e4e,3,2024-03-01 08:03:05,2024-03-01 08:10:35,77,0.36363636363636365,7.285714285714286,35.0,0.5111111111111113,0.627777777777778,2.260000000000001,0,0,0,0.9461111111111111,7.5,True,0.0,7.285714285714286,20.035714285714285,0,0.0,0.0,0.0
24bd5089bd4204a3608dd9d6c971864d2ef76046d2e471993ca14c58d2406e4e,4,2024-03-01 09:10:51,2024-03-01 09:10:51,1,0.0,0.0,0.0,0.0,0.0,0.0,0,0,0,0.0,0.0,False,0.0,0.0,0.0,0,,,
24bd5089bd4204a3608dd9d6c971864d2ef76046d2e471993ca14c58d2406e4e,5,2024-03-01 10:10:55,2024-03-01 10:10:55,1,0.0,0.0,0.0,0.0,0.0,0.0,0,0,0,0.0,0.0,False,0.0,0.0,0.0,0,,,
24bd5089bd4204a3608dd9d6c971864d2ef76046d2e471993ca14c58d2406e4e,6,2024-03-01 11:43:29,2024-03-01 11:43:29,1,0.0,0.0,0.0,0.0,0.0,0.0,0,0,0,0.0,0.0,False,0.0,0.0,0.0,0,,,
24bd5089bd4204a3608dd9d6c971864d2ef76046d2e471993ca14c58d2406e4e,7,2024-03-01 12:09:12,2024-03-01 12:14:35,62,0.6612903225806451,13.370967741935484,35.0,0.7208333333333331,0.8249999999999992,2.9699999999999975,0,0,0,1.2274999999999998,5.383333333333334,True,0.0,13.370967741935484,20.21951219512195,0,0.0,0.0,0.0
24bd5089bd4204a3608dd9d6c971864d2ef76046d2e471993ca14c58d2406e4e,8,2024-03-01 13:14:52,2024-03-01 13:14:52,1,0.0,0.0,0.0,0.0,0.0,0.0,0,0,0,0.0,0.0,False,0.0,0.0,0.0,0,,,
24bd5089bd4204a3608dd9d6c971864d2ef76046d2e471993ca14c58d2406e4e,9,2024-03-01 14:15:44,2024-03-01 14:15:44,1,1.0,7.0,7.0,0.0,0.0,0.0,0,0,0,0.0,0.0,False,0.0,7.0,7.0,0,,,
24bd5089bd4204a3608dd9d6c971864d2ef76046d2e471993ca14c58d2406e4e,10,2024-03-01 17:39:34,2024-03-01 17:41:49,2,0.5,0.5,0.95,0.0,0.001954732510288066,0.007037037037037037,0,0,0,0.0,2.25,False,0.0,0.5,1.0,0,,,
24bd5089bd4204a3608dd9d6c971864d2ef76046d2e471993ca14c58d2406e4e,11,2024-03-01 18:18:57,2024-03-01 18:24:00,8,0.5,10.375,23.95,0.0,0.17361111111111113,0.6249999999999999,0,0,0,0.10166666666666666,5.05,True,0.0,10.375,20.75,0,0.0,0.0,0.0
24ef8100cb99913162fb109913aa0e6b1a60b010493a5e12e4a54e6b903bd149,1,2024-03-01 07:45:27,2024-03-01 07:50:14,55,0.9636363636363636,22.345454545454544,37.0,0.5092592592592592,0.5305555555555552,1.909999999999999,0,0,0,1.8105555555555555,4.783333333333333,True,0.0,22.345454545454544,23.18867924528302,0,0.0,0.0,0.0
24ef8100cb99913162fb109913aa0e6b1a60b010493a5e12e4a54e6b903bd149,2,2024-03-01 08:51:02,2024-03-01 08:51:02,1,0.0,0.0,0.0,0.0,0.0,0.0,0,0,0,0.0,0.0,False,0.0,0.0,0.0,0,,,
24ef8100cb99913162fb109913aa0e6b1a60b010493a5e12e4a54e6b903bd149,3,2024-03-01 12:07:15,2024-03-01 12:07:15,1,0.0,0.0,0.0,0.0,0.0,0.0,0,0,0,0.0,0.0,False,0.0,0.0,0.0,0,,,
24ef8100cb99913162fb109913aa0e6b1a60b010493a5e12e4a54e6b903bd149,4,2024-03-01 15:29:49,2024-03-01 15:32:06,2,0.0,0.0,0.0,0.0,0.0,0.0,0,0,0,0.0,2.283333333333333,False,0.0,0.0,0.0,0,,,
24ef8100cb99913162fb109913aa0e6b1a60b010493a5e12e4a54e6b903bd149,5,2024-03-01 16:10:27,2024-03-01 16:12:25,13,0.9230769230769231,23.615384615384617,33.0,0.44444444444444436,0.1694444444444443,0.6099999999999995,0,0,0,0.43277777777777776,1.9666666666666666,True,0.0,23.615384615384617,25.583333333333332,0,0.0,0.0,0.0
250eb64df0a8df4927b310b156e3cd4c8a2fe355b4069a9fd4dde76ea7ad7868,1,2024-03-01 01:06:07,2024-03-01 01:06:07,1,1.0,1.0,1.0,0.0,0.0,0.0,0,0,0,0.0,0.0,False,1.0,1.0,1.0,0,,,
250eb64df0a8df4927b310b156e3cd4c8a2fe355b4069a9fd4dde76ea7ad7868,2,2024-03-01 04:14:23,2024-03-01 04:26:28,118,0.7542372881355932,38.47457627118644,87.0,1.4444444444444442,1.531944444444444,5.514999999999999,0,0,0,5.855277777777777,12.083333333333334,True,1.0,38.47457627118644,51.01123595505618,0,0.0,0.0,0.0
250eb64df0a8df4927b310b156e3cd4c8a2fe355b4069a9fd4dde76ea7ad7868,3,2024-03-01 04:37:35,2024-03-01 05:01:12,253,0.8853754940711462,37.54545454545455,81.0,0.8555555555555543,0.7222222222222221,2.6,0,0,0,14.39861111111111,23.616666666666667,True,1.0,37.54545454545455,42.40625,0,0.0,0.0,0.0
250eb64df0a8df4927b310b156e3cd4c8a2fe355b4069a9fd4dde76ea7ad7868,4,2024-03-01 06:01:00,2024-03-01 06:01:00,1,0.0,0.0,0.0,0.0,0.0,0.0,0,0,0,0.0,0.0,False,0.0,0.0,0.0,0,,,
250eb64df0a8df4927b310b156e3cd4c8a2fe355b4069a9fd4dde76ea7ad7868,5,2024-03-01 07:01:38,2024-03-01 07:01:38,1,0.0,0.0,0.0,0.0,0.0,0.0,0,0,0,0.0,0.0,False,0.0,0.0,0.0,0,,,
250eb64df0a8df4927b310b156e3cd4c8a2fe355b4069a9fd4dde76ea7ad7868,6,2024-03-01 08:12:43,2024-03-01 08:12:43,1,0.0,0.0,0.0,0.0,0.0,0.0,0,0,0,0.0,0.0,False,0.0,0.0,0.0,0,,,
250eb64df0a8df4927b310b156e3cd4c8a2fe355b4069a9fd4dde76ea7ad7868,7,2024-03-01 09:23:59,2024-03-01 09:23:59,1,0.0,0.0,0.0,0.0,0.0,0.0,0,0,0,0.0,0.0,False,0.0,0.0,0.0,0,,,
250eb64df0a8df4927b310b156e3cd4c8a2fe355b4069a9fd4dde76ea7ad7868,8,2024-03-01 10:36:00,2024-03-01 10:36:00,1,0.0,0.0,0.0,0.0,0.0,0.0,0,0,0,0.0,0.0,False,0.0,0.0,0.0,0,,,
250eb64df0a8df4927b310b156e3cd4c8a2fe355b4069a9fd4dde76ea7ad7868,9,2024-03-01 12:56:11,2024-03-01 12:56:11,1,0.0,0.0,0.0,0.0,0.0,0.0,0,0,0,0.0,0.0,False,0.0,0.0,0.0,0,,,
250eb64df0a8df4927b310b156e3cd4c8a2fe355b4069a9fd4dde76ea7ad7868,10,2024-03-01 14:06:14,2024-03-01 14:06:14,1,0.0,0.0,0.0,0.0,0.0,0.0,0,0,0,0.0,0.0,False,0.0,0.0,0.0,0,,,
250eb64df0a8df4927b310b156e3cd4c8a2fe355b4069a9fd4dde76ea7ad7868,11,2024-03-01 15:16:01,2024-03-01 15:16:01,1,0.0,0.0,0.0,0.0,0.0,0.0,0,0,0,0.0,0.0,False,0.0,0.0,0.0,0,,,
250eb64df0a8df4927b310b156e3cd4c8a2fe355b4069a9fd4dde76ea7ad7868,12,2024-03-01 16:25:53,2024-03-01 16:25:53,1,1.0,1.0,1.0,0.0,0.0,0.0,0,0,0,0.0,0.0,False,0.0,1.0,1.0,0,,,
250eb64df0a8df4927b310b156e3cd4c8a2fe355b4069a9fd4dde76ea7ad7868,13,2024-03-01 17:35:49,2024-03-01 17:35:49,1,0.0,0.0,0.0,0.0,0.0,0.0,0,0,0,0.0,0.0,False,0.0,0.0,0.0,0,,,
2560442625ef65e639a0270ca80528f3c825bffb805e0e69b1226f403522e38a,1,2024-03-01 01:06:15,2024-03-01 01:06:15,1,1.0,1.0,1.0,0.0,0.0,0.0,0,0,0,0.0,0.0,False,1.0,1.0,1.0,0,,,
2560442625ef65e639a0270ca80528f3c825bffb805e0e69b1226f403522e38a,2,2024-03-01 07:04:11,2024-03-01 07:04:11,1,1.0,1.0,1.0,0.0,0.0,0.0,0,0,0,0.0,0.0,False,0.0,1.0,1.0,0,,,
2560442625ef65e639a0270ca80528f3c825bffb805e0e69b1226f403522e38a,3,2024-03-01 10:01:54,2024-03-01 10:05:18,10,0.7,14.8,46.249999999999986,0.12731481481481455,0.8944444444444443,3.2199999999999998,0,0,0,0.14194444444444446,3.4,True,0.0,14.8,21.142857142857142,0,0.0,0.0,0.0
2560442625ef65e639a0270ca80528f3c825bffb805e0e69b1226f403522e38a,4,2024-03-01 10:57:02,2024-03-01 11:00:56,45,0.6444444444444445,12.022222222222222,45.19999999999999,0.5074074074074073,0.38518518518518513,1.3866666666666665,0,0,0,0.8077777777777778,3.9,True,0.0,12.022222222222222,18.655172413793103,0,0.0,0.0,0.0
2560442625ef65e639a0270ca80528f3c825bffb805e0e69b1226f403522e38a,5,2024-03-01 12:01:19,2024-03-01 12:01:19,1,0.0,0.0,0.0,0.0,0.0,0.0,0,0,0,0.0,0.0,False,0.0,0.0,0.0,0,,,
25dc52592c448e8544466201b57af946c6cefafc572c1a0c81ba3262337cbf5b,1,2024-03-01 08:51:50,2024-03-01 08:58:04,61,0.7049180327868853,11.327868852459016,37.0,0.3240740740740741,0.33333333333333337,1.2,0,0,0,0.9972222222222221,6.233333333333333,True,0.0,11.327868852459016,16.069767441860463,0,0.0,0.0,0.0
25dc52592c448e8544466201b57af946c6cefafc572c1a0c81ba3262337cbf5b,2,2024-03-01 14:51:29,2024-03-01 15:12:46,222,0.7837837837837838,14.50900900900901,49.89999999999998,0.5555555555555556,0.49722222222222157,1.7899999999999978,0,0,0,4.813611111111111,21.283333333333335,True,0.0,14.50900900900901,18.511494252873565,0,0.0,0.0,0.0
25dc52592c448e8544466201b57af946c6cefafc572c1a0c81ba3262337cbf5b,3,2024-03-01 17:12:44,2024-03-01 17:20:45,82,0.6951219512195121,9.378048780487806,29.0,0.3333333333333333,0.4430555555555555,1.5950000000000004,0,0,0,1.0891666666666666,8.016666666666667,True,0.0,9.378048780487806,13.491228070175438,0,0.0,0.0,0.0
26444bb4fd334903f82697df1f8d3702154233d7898c7171b669b2766326e035,1,2024-03-01 00:24:23,2024-03-01 00:47:02,263,0.9049429657794676,61.334600760456276,113.79999999999995,0.6458333333333329,0.8333333333333334,3.0,0,0,0,23.7975,22.65,True,1.0,61.334600760456276,67.77731092436974,0,0.0,0.0,0.0
26444bb4fd334903f82697df1f8d3702154233d7898c7171b669b2766326e035,2,2024-03-01 00:54:03,2024-03-01 01:33:00,397,0.20906801007556675,5.027707808564232,33.39999999999998,0.5555555555555554,0.4444444444444443,1.6,0,1,0,2.805,38.95,True,1.0,5.027707808564232,24.048192771084338,0,0.35650623885918004,0.0,0.0
26444bb4fd334903f82697df1f8d3702154233d7898c7171b669b2766326e035,3,2024-03-01 01:48:36,2024-03-01 01:49:46,2,0.0,0.0,0.0,0.0,0.0,0.0,0,0,0,0.0,1.1666666666666667,False,1.0,0.0,0.0,0,,,
26444bb4fd334903f82697df1f8d3702154233d7898c7171b669b2766326e035,4,2024-03-01 02:04:16,2024-03-01 02:26:45,254,0.0,0.0,0.0,0.0,0.0,0.0,0,0,0,0.0,22.483333333333334,False,1.0,0.0,0.0,0,,,
26444bb4fd334903f82697df1f8d3702154233d7898c7171b669b2766326e035,5,2024-03-01 02:41:07,2024-03-01 03:27:15,520,0.12115384615384615,2.019230769230769,18.09999999999991,0.09351851851851768,0.05740740740740573,0.20666666666666061,0,0,0,1.3872222222222224,46.13333333333333,False,1.0,2.019230769230769,16.666666666666668,0,0.0,0.0,0.0
26444bb4fd334903f82697df1f8d3702154233d7898c7171b669b2766326e035,6,2024-03-01 04:27:15,2024-03-01 04:27:15,1,0.0,0.0,0.0,0.0,0.0,0.0,0,0,0,0.0,0.0,False,1.0,0.0,0.0,0,,,
26444bb4fd334903f82697df1f8d3702154233d7898c7171b669b2766326e035,7,2024-03-01 05:28:03,2024-03-01 05:28:03,1,1.0,3.0,3.0,0.0,0.0,0.0,0,0,0,0.0,0.0,False,1.0,3.0,3.0,0,,,
26444bb4fd334903f82697df1f8d3702154233d7898c7171b669b2766326e035,8,2024-03-01 06:35:22,2024-03-01 06:35:22,1,1.0,1.0,1.0,0.0,0.0,0.0,0,0,0,0.0,0.0,False,0.0,1.0,1.0,0,,,
26444bb4fd334903f82697df1f8d3702154233d7898c7171b669b2766326e035,9,2024-03-01 08:50:14,2024-03-01 08:52:30,2,0.0,0.0,0.0,0.0,0.0,0.0,0,0,0,0.0,2.2666666666666666,False,0.0,0.0,0.0,0,,,
26444bb4fd334903f82697df1f8d3702154233d7898c7171b669b2766326e035,10,2024-03-01 09:16:20,2024-03-01 09:21:44,39,0.8461538461538461,23.641025641025642,61.1,1.0750000000000002,0.9611111111111112,3.460000000000001,0,0,0,1.2030555555555558,5.4,True,0.0,23.641025641025642,27.939393939393938,0,0.0,0.0,0.0
26444bb4fd334903f82697df1f8d3702154233d7898c7171b669b2766326e035,11,2024-03-01 10:31:44,2024-03-01 10:42:35,115,0.8173913043478261,35.24782608695652,70.0,0.7027777777777776,0.8666666666666663,3.1199999999999988,0,0,0,5.973611111111111,10.85,True,0.0,35.24782608695652,43.12234042553192,0,0.0,0.0,0.0
26444bb4fd334903f82697df1f8d3702154233d7898c7171b669b2766326e035,12,2024-03-01 11:01:28,2024-03-01 11:12:46,135,0.8,17.08888888888889,38.0,0.7416666666666665,1.054166666666666,3.794999999999998,0,0,0,3.2827777777777776,11.3,True,0.0,17.08888888888889,21.36111111111111,0,0.0,0.0,0.0
26444bb4fd334903f82697df1f8d3702154233d7898c7171b669b2766326e035,13,2024-03-01 12:37:41,2024-03-01 12:37:41,1,0.0,0.0,0.0,0.0,0.0,0.0,0,0,0,0.0,0.0,False,0.0,0.0,0.0,0,,,
26444bb4fd334903f82697df1f8d3702154233d7898c7171b669b2766326e035,14,2024-03-01 13:40:22,2024-03-01 13:40:22,1,0.0,0.0,0.0,0.0,0.0,0.0,0,0,0,0.0,0.0,False,0.0,0.0,0.0,0,,,
26444bb4fd334903f82697df1f8d3702154233d7898c7171b669b2766326e035,15,2024-03-01 14:47:25,2024-03-01 14:47:25,1,0.0,0.0,0.0,0.0,0.0,0.0,0,0,0,0.0,0.0,False,0.0,0.0,0.0,0,,,
26444bb4fd334903f82697df1f8d3702154233d7898c7171b669b2766326e035,16,2024-03-01 15:54:35,2024-03-01 15:56:53,2,0.0,0.0,0.0,0.0,0.0,0.0,0,0,0,0.0,2.3,False,0.0,0.0,0.0,0,,,
26444bb4fd334903f82697df1f8d3702154233d7898c7171b669b2766326e035,17,2024-03-01 16:37:23,2024-03-01 16:40:57,43,0.9767441860465116,22.976744186046513,45.8,0.7222222222222221,1.3722222222222218,4.9399999999999995,0,0,0,1.428611111111111,3.566666666666667,True,0.0,22.976744186046513,23.523809523809526,0,0.0,0.0,0.0
26444bb4fd334903f82697df1f8d3702154233d7898c7171b669b2766326e035,18,2024-03-01 17:43:10,2024-03-01 17:51:14,93,0.5698924731182796,9.021505376344086,25.799999999999983,0.5777777777777772,0.5037037037037035,1.813333333333333,0,0,0,1.2158333333333333,8.066666666666666,True,0.0,9.021505376344086,15.830188679245284,0,0.0,0.0,0.0
266b9ebb6a939057e35fd8b117085d72e5fdaec17136271868c0bf1ad416c9d7,1,2024-03-01 00:50:13,2024-03-01 00:50:13,1,0.0,0.0,0.0,0.0,0.0,0.0,0,0,0,0.0,0.0,False,1.0,0.0,0.0,0,,,
266b9ebb6a939057e35fd8b117085d72e5fdaec17136271868c0bf1ad416c9d7,2,2024-03-01 02:03:58,2024-03-01 02:03:58,1,0.0,0.0,0.0,0.0,0.0,0.0,0,0,0,0.0,0.0,False,1.0,0.0,0.0,0,,,
266b9ebb6a939057e35fd8b117085d72e5fdaec17136271868c0bf1ad416c9d7,3,2024-03-01 04:32:30,2024-03-01 04:32:30,1,0.0,0.0,0.0,0.0,0.0,0.0,0,0,0,0.0,0.0,False,1.0,0.0,0.0,0,,,
266b9ebb6a939057e35fd8b117085d72e5fdaec17136271868c0bf1ad416c9d7,4,2024-03-01 07:00:08,2024-03-01 07:00:08,1,0.0,0.0,0.0,0.0,0.0,0.0,0,0,0,0.0,0.0,False,0.0,0.0,0.0,0,,,
266b9ebb6a939057e35fd8b117085d72e5fdaec17136271868c0bf1ad416c9d7,5,2024-03-01 09:30:32,2024-03-01 09:30:32,1,0.0,0.0,0.0,0.0,0.0,0.0,0,0,0,0.0,0.0,False,0.0,0.0,0.0,0,,,
266b9ebb6a939057e35fd8b117085d72e5fdaec17136271868c0bf1ad416c9d7,6,2024-03-01 10:42:45,2024-03-01 10:42:45,1,0.0,0.0,0.0,0.0,0.0,0.0,0,0,0,0.0,0.0,False,0.0,0.0,0.0,0,,,
266b9ebb6a939057e35fd8b117085d72e5fdaec17136271868c0bf1ad416c9d7,7,2024-03-01 14:24:16,2024-03-01 14:24:16,1,0.0,0.0,0.0,0.0,0.0,0.0,0,0,0,0.0,0.0,False,0.0,0.0,0.0,0,,,
266b9ebb6a939057e35fd8b117085d72e5fdaec17136271868c0bf1ad416c9d7,8,2024-03-01 16:51:00,2024-03-01 16:51:00,1,0.0,0.0,0.0,0.0,0.0,0.0,0,0,0,0.0,0.0,False,0.0,0.0,0.0,0,,,
266b9ebb6a939057e35fd8b117085d72e5fdaec17136271868c0bf1ad416c9d7,9,2024-03-01 18:04:21,2024-03-01 18:04:21,1,1.0,1.0,1.0,0.0,0.0,0.0,0,0,0,0.0,0.0,False,0.0,1.0,1.0,0,,,
267ade957927a0c8716521cc762ab5b4fac830311285ba703f02bf30df2ab6b8,1,2024-03-01 01:04:25,2024-03-01 01:04:25,1,1.0,3.0,3.0,0.0,0.0,0.0,0,0,0,0.0,0.0,False,1.0,3.0,3.0,0,,,
267ade957927a0c8716521cc762ab5b4fac830311285ba703f02bf30df2ab6b8,2,2024-03-01 04:32:17,2024-03-01 04:32:17,1,0.0,0.0,0.0,0.0,0.0,0.0,0,0,0,0.0,0.0,False,1.0,0.0,0.0,0,,,
267ade957927a0c8716521cc762ab5b4fac830311285ba703f02bf30df2ab6b8,3,2024-03-01 06:51:01,2024-03-01 06:51:01,1,1.0,1.0,1.0,0.0,0.0,0.0,0,0,0,0.0,0.0,False,0.0,1.0,1.0,0,,,
267ade957927a0c8716521cc762ab5b4fac830311285ba703f02bf30df2ab6b8,4,2024-03-01 10:19:40,2024-03-01 10:19:40,1,0.0,0.0,0.0,0.0,0.0,0.0,0,0,0,0.0,0.0,False,0.0,0.0,0.0,0,,,
267ade957927a0c8716521cc762ab5b4fac830311285ba703f02bf30df2ab6b8,5,2024-03-01 12:40:12,2024-03-01 12:40:12,1,0.0,0.0,0.0,0.0,0.0,0.0,0,0,0,0.0,0.0,False,0.0,0.0,0.0,0,,,
267ade957927a0c8716521cc762ab5b4fac830311285ba703f02bf30df2ab6b8,6,2024-03-01 12:51:31,2024-03-01 13:08:53,156,0.26282051282051283,1.8076923076923077,11.0,0.29166666666666674,0.3263888888888889,1.175,0,0,0,0.4222222222222222,17.366666666666667,True,0.0,1.8076923076923077,6.878048780487805,0,0.0,0.0,0.0
267ade957927a0c8716521cc762ab5b4fac830311285ba703f02bf30df2ab6b8,7,2024-03-01 14:09:06,2024-03-01 14:09:06,1,0.0,0.0,0.0,0.0,0.0,0.0,0,0,0,0.0,0.0,False,0.0,0.0,0.0,0,,,
26c26e4807530334068013b1342a78fc686e5d45ecca69e47536c7cc9cac3a04,1,2024-03-01 13:42:19,2024-03-01 13:42:19,1,1.0,1.0,1.0,0.0,0.0,0.0,0,0,0,0.0,0.0,False,0.0,1.0,1.0,0,,,
26c26e4807530334068013b1342a78fc686e5d45ecca69e47536c7cc9cac3a04,2,2024-03-01 17:09:32,2024-03-01 17:09:32,1,1.0,1.0,1.0,0.0,0.0,0.0,0,0,0,0.0,0.0,False,0.0,1.0,1.0,0,,,
278a491c4b7a3484f2c9010f8a88a9ec65e53508635bcad082112467d087cac6,1,2024-03-01 09:22:32,2024-03-01 09:51:27,317,0.9716088328075709,68.82649842271293,137.0,1.1296296296296284,1.2296296296296285,4.426666666666661,0,1,0,33.99805555555556,28.916666666666668,True,0.0,68.82649842271293,70.83766233766234,0,0.02941344684745042,0.0,0.0
2b78ac24b7af0af6dac6e0c9d21b5434930138d5d1582402bc27475703fa45d1,1,2024-03-01 15:43:14,2024-03-01 15:43:14,1,0.0,0.0,0.0,0.0,0.0,0.0,0,0,0,0.0,0.0,False,0.0,0.0,0.0,0,,,
2b78ac24b7af0af6dac6e0c9d21b5434930138d5d1582402bc27475703fa45d1,2,2024-03-01 17:48:48,2024-03-01 17:48:48,1,0.0,0.0,0.0,0.0,0.0,0.0,0,0,0,0.0,0.0,False,0.0,0.0,0.0,0,,,
2be1145a4bf4a3d0d7cd3fa6cbbf414c8dd64a18a17c4dc95ab37b349a061583,1,2024-03-01 00:21:30,2024-03-01 00:21:30,1,0.0,0.0,0.0,0.0,0.0,0.0,0,0,0,0.0,0.0,False,1.0,0.0,0.0,0,,,
2be1145a4bf4a3d0d7cd3fa6cbbf414c8dd64a18a17c4dc95ab37b349a061583,2,2024-03-01 01:27:24,2024-03-01 01:27:24,1,0.0,0.0,0.0,0.0,0.0,0.0,0,0,0,0.0,0.0,False,1.0,0.0,0.0,0,,,
2be1145a4bf4a3d0d7cd3fa6cbbf414c8dd64a18a17c4dc95ab37b349a061583,3,2024-03-01 02:34:19,2024-03-01 02:34:19,1,1.0,5.0,5.0,0.0,0.0,0.0,0,0,0,0.0,0.0,False,1.0,5.0,5.0,0,,,
2be1145a4bf4a3d0d7cd3fa6cbbf414c8dd64a18a17c4dc95ab37b349a061583,4,2024-03-01 04:48:16,2024-03-01 04:48:16,1,0.0,0.0,0.0,0.0,0.0,0.0,0,0,0,0.0,0.0,False,1.0,0.0,0.0,0,,,
2be1145a4bf4a3d0d7cd3fa6cbbf414c8dd64a18a17c4dc95ab37b349a061583,5,2024-03-01 07:02:19,2024-03-01 07:02:19,1,0.0,0.0,0.0,0.0,0.0,0.0,0,0,0,0.0,0.0,False,0.0,0.0,0.0,0,,,
2be1145a4bf4a3d0d7cd3fa6cbbf414c8dd64a18a17c4dc95ab37b349a061583,6,2024-03-01 09:16:22,2024-03-01 09:16:22,1,1.0,3.0,3.0,0.0,0.0,0.0,0,0,0,0.0,0.0,False,0.0,3.0,3.0,0,,,
2be1145a4bf4a3d0d7cd3fa6cbbf414c8dd64a18a17c4dc95ab37b349a061583,7,2024-03-01 12:52:19,2024-03-01 14:08:58,834,0.8477218225419664,46.91966426858513,101.69999999999982,0.7222222222222221,0.7222222222222221,2.6,1,0,0,59.454722222222216,76.65,True,0.0,46.91966426858513,55.34794908062235,0,0.0,0.016819521858370285,0.0
2be1145a4bf4a3d0d7cd3fa6cbbf414c8dd64a18a17c4dc95ab37b349a061583,8,2024-03-01 14:14:29,2024-03-01 14:15:29,2,0.0,0.0,0.0,0.0,0.0,0.0,0,0,0,0.0,1.0,False,0.0,0.0,0.0,0,,,
2be1145a4bf4a3d0d7cd3fa6cbbf414c8dd64a18a17c4dc95ab37b349a061583,9,2024-03-01 14:55:26,2024-03-01 15:30:30,390,0.9205128205128205,37.97179487179487,79.0,0.5050925925925923,0.5555555555555566,2.0,0,0,0,22.654166666666665,35.06666666666667,True,0.0,37.97179487179487,41.250696378830085,0,0.0,0.0,0.0
2be1145a4bf4a3d0d7cd3fa6cbbf414c8dd64a18a17c4dc95ab37b349a061583,10,2024-03-01 16:30:27,2024-03-01 16:30:27,1,0.0,0.0,0.0,0.0,0.0,0.0,0,0,0,0.0,0.0,False,0.0,0.0,0.0,0,,,
2be1145a4bf4a3d0d7cd3fa6cbbf414c8dd64a18a17c4dc95ab37b349a061583,11,2024-03-01 18:03:02,2024-03-01 18:30:02,284,0.7711267605633803,10.57394366197183,42.0,0.6097222222222218,0.5949074074074057,2.141666666666661,0,0,0,4.790277777777777,27.0,True,0.0,10.57394366197183,13.712328767123287,0,0.0,0.0,0.0
2c08c5f5d302e517964fe65a4660f15010dfb6e99c037d130ee6465e366b0be9,1,2024-03-01 06:24:33,2024-03-01 06:32:38,92,0.717391304347826,49.04347826086956,107.9,0.8833333333333333,0.9587962962962966,3.4516666666666684,0,0,0,6.703888888888889,8.083333333333334,True,0.0,49.04347826086956,68.36363636363636,0,0.0,0.0,0.0
2c08c5f5d302e517964fe65a4660f15010dfb6e99c037d130ee6465e366b0be9,2,2024-03-01 07:32:52,2024-03-01 07:32:52,1,0.0,0.0,0.0,0.0,0.0,0.0,0,0,0,0.0,0.0,False,0.0,0.0,0.0,0,,,
2c08c5f5d302e517964fe65a4660f15010dfb6e99c037d130ee6465e366b0be9,3,2024-03-01 09:34:33,2024-03-01 09:34:33,1,0.0,0.0,0.0,0.0,0.0,0.0,0,0,0,0.0,0.0,False,0.0,0.0,0.0,0,,,
2c08c5f5d302e517964fe65a4660f15010dfb6e99c037d130ee6465e366b0be9,4,2024-03-01 11:42:46,2024-03-01 11:42:46,1,0.0,0.0,0.0,0.0,0.0,0.0,0,0,0,0.0,0.0,False,0.0,0.0,0.0,0,,,
2c08c5f5d302e517964fe65a4660f15010dfb6e99c037d130ee6465e366b0be9,5,2024-03-01 14:54:56,2024-03-01 14:57:14,2,0.0,0.0,0.0,0.0,0.0,0.0,0,0,0,0.0,2.3,False,0.0,0.0,0.0,0,,,
2c08c5f5d302e517964fe65a4660f15010dfb6e99c037d130ee6465e366b0be9,6,2024-03-01 15:07:00,2024-03-01 15:14:39,79,0.8227848101265823,31.531645569620252,90.59999999999997,0.7388888888888878,1.0703703703703693,3.85333333333333,0,0,0,3.403888888888889,7.65,True,0.0,31.531645569620252,38.323076923076925,0,0.0,0.0,0.0
2c08c5f5d302e517964fe65a4660f15010dfb6e99c037d130ee6465e366b0be9,7,2024-03-01 16:30:58,2024-03-01 16:30:58,1,0.0,0.0,0.0,0.0,0.0,0.0,0,0,0,0.0,0.0,False,0.0,0.0,0.0,0,,,
2c08c5f5d302e517964fe65a4660f15010dfb6e99c037d130ee6465e366b0be9,8,2024-03-01 17:17:36,2024-03-01 17:17:36,1,0.0,0.0,0.0,0.0,0.0,0.0,0,0,0,0.0,0.0,False,0.0,0.0,0.0,0,,,
2c08c5f5d302e517964fe65a4660f15010dfb6e99c037d130ee6465e366b0be9,9,2024-03-01 17:29:33,2024-03-01 17:36:25,79,0.7215189873417721,12.278481012658228,38.39999999999998,0.6111111111111105,0.6018518518518517,2.1666666666666665,0,0,0,1.4177777777777776,6.866666666666666,True,0.0,12.278481012658228,17.017543859649123,0,0.0,0.0,0.0
2c824d32c12f5fc75ddf3d42e232aac92a0b0a917253e42cdf7050d2d4b21cac,1,2024-03-01 05:58:35,2024-03-01 05:58:35,1,0.0,0.0,0.0,0.0,0.0,0.0,0,0,0,0.0,0.0,False,1.0,0.0,0.0,0,,,
2c824d32c12f5fc75ddf3d42e232aac92a0b0a917253e42cdf7050d2d4b21cac,2,2024-03-01 07:09:03,2024-03-01 07:09:03,1,0.0,0.0,0.0,0.0,0.0,0.0,0,0,0,0.0,0.0,False,0.0,0.0,0.0,0,,,
2c824d32c12f5fc75ddf3d42e232aac92a0b0a917253e42cdf7050d2d4b21cac,3,2024-03-01 08:20:07,2024-03-01 08:20:07,1,0.0,0.0,0.0,0.0,0.0,0.0,0,0,0,0.0,0.0,False,0.0,0.0,0.0,0,,,
2c824d32c12f5fc75ddf3d42e232aac92a0b0a917253e42cdf7050d2d4b21cac,4,2024-03-01 08:50:57,2024-03-01 09:05:32,160,0.98125,26.9875,53.19999999999993,0.611111111111111,0.9444444444444443,3.4,0,0,0,6.223333333333333,14.583333333333334,True,0.0,26.9875,27.503184713375795,0,0.0,0.0,0.0
2d04f3257b61632c5cfb9fa3a915b7744639ba47eb6c227fe674e1ddb1a0f49e,1,2024-03-01 01:20:32,2024-03-01 01:20:32,1,0.0,0.0,0.0,0.0,0.0,0.0,0,0,0,0.0,0.0,False,1.0,0.0,0.0,0,,,
2d04f3257b61632c5cfb9fa3a915b7744639ba47eb6c227fe674e1ddb1a0f49e,2,2024-03-01 07:32:18,2024-03-01 07:44:59,112,0.6517857142857143,17.535714285714285,55.399999999999864,0.8444444444444428,0.6791666666666661,2.444999999999999,0,0,0,4.533611111111111,12.683333333333334,True,0.0,17.535714285714285,26.904109589041095,0,0.0,0.0,0.0
2d04f3257b61632c5cfb9fa3a915b7744639ba47eb6c227fe674e1ddb1a0f49e,3,2024-03-01 08:12:25,2024-03-01 08:14:07,15,0.8,14.2,31.599999999999998,0.573148148148148,0.48333333333333284,1.739999999999998,0,0,0,0.3519444444444445,1.7,True,0.0,14.2,17.75,0,0.0,0.0,0.0
2d04f3257b61632c5cfb9fa3a915b7744639ba47eb6c227fe674e1ddb1a0f49e,4,2024-03-01 08:27:50,2024-03-01 08:52:52,284,0.7535211267605634,17.22887323943662,40.0,0.8805555555555536,0.8263888888888874,2.9749999999999943,0,0,0,7.119166666666666,25.033333333333335,True,0.0,17.22887323943662,22.864485981308412,0,0.0,0.0,0.0
2d04f3257b61632c5cfb9fa3a915b7744639ba47eb6c227fe674e1ddb1a0f49e,5,2024-03-01 09:05:15,2024-03-01 09:07:25,22,0.4090909090909091,3.3636363636363638,11.0,0.18481481481481477,0.32777777777777767,1.1799999999999997,0,0,0,0.19583333333333333,2.1666666666666665,True,0.0,3.3636363636363638,8.222222222222221,0,0.0,0.0,0.0
2d04f3257b61632c5cfb9fa3a915b7744639ba47eb6c227fe674e1ddb1a0f49e,6,2024-03-01 09:22:20,2024-03-01 09:24:12,17,0.47058823529411764,5.764705882352941,22.599999999999998,0.4111111111111111,0.7555555555555553,2.7199999999999998,0,0,0,0.30972222222222223,1.8666666666666667,True,0.0,5.764705882352941,12.25,0,0.0,0.0,0.0
2d04f3257b61632c5cfb9fa3a915b7744639ba47eb6c227fe674e1ddb1a0f49e,7,2024-03-01 09:33:01,2024-03-01 09:36:19,34,0.5294117647058824,9.529411764705882,33.699999999999996,0.6499999999999997,0.4666666666666662,1.6799999999999984,0,0,0,0.525,3.3,True,0.0,9.529411764705882,18.0,0,0.0,0.0,0.0
2d04f3257b61632c5cfb9fa3a915b7744639ba47eb6c227fe674e1ddb1a0f49e,8,2024-03-01 09:50:11,2024-03-01 09:59:52,70,0.7714285714285715,9.185714285714285,24.549999999999997,0.5555555555555556,0.5652777777777774,2.0349999999999993,0,0,0,0.9305555555555557,9.683333333333334,True,0.0,9.185714285714285,11.907407407407407,0,0.0,0.0,0.0
2d04f3257b61632c5cfb9fa3a915b7744639ba47eb6c227fe674e1ddb1a0f49e,9,2024-03-01 11:00:13,2024-03-01 11:00:13,1,0.0,0.0,0.0,0.0,0.0,0.0,0,0,0,0.0,0.0,False,0.0,0.0,0.0,0,,,
2d04f3257b61632c5cfb9fa3a915b7744639ba47eb6c227fe674e1ddb1a0f49e,10,2024-03-01 15:40:13,2024-03-01 15:40:13,1,0.0,0.0,0.0,0.0,0.0,0.0,0,0,0,0.0,0.0,False,0.0,0.0,0.0,0,,,
2d04f3257b61632c5cfb9fa3a915b7744639ba47eb6c227fe674e1ddb1a0f49e,11,2024-03-01 16:27:51,2024-03-01 16:39:55,126,0.8571428571428571,17.38888888888889,40.0,0.7222222222222221,1.0138888888888888,3.65,0,0,0,3.3661111111111106,12.066666666666666,True,0.0,17.38888888888889,20.287037037037038,0,0.0,0.0,0.0
2d04f3257b61632c5cfb9fa3a915b7744639ba47eb6c227fe674e1ddb1a0f49e,12,2024-03-01 17:02:28,2024-03-01 17:25:04,255,0.6784313725490196,12.803921568627452,37.0,0.6481481481481481,0.6749999999999993,2.4299999999999984,0,0,0,4.730833333333333,22.6,True,0.0,12.803921568627452,18.872832369942195,0,0.0,0.0,0.0
2d04f3257b61632c5cfb9fa3a915b7744639ba47eb6c227fe674e1ddb1a0f49e,13,2024-03-01 18:25:26,2024-03-01 18:25:41,2,0.0,0.0,0.0,0.0,0.0,0.0,0,0,0,0.0,0.25,False,0.0,0.0,0.0,0,,,
2db24fe5faf37f703ae823b5c4b6f95652132882988dd30a765afc7577830ad2,1,2024-03-01 15:02:21,2024-03-01 15:19:39,181,0.7679558011049724,19.519337016574585,46.0,0.7222222222222221,0.7222222222222222,2.6,0,0,0,5.146388888888889,17.3,True,0.0,19.519337016574585,25.41726618705036,0,0.0,0.0,0.0
2db24fe5faf37f703ae823b5c4b6f95652132882988dd30a765afc7577830ad2,2,2024-03-01 16:48:33,2024-03-01 16:50:09,19,1.0,19.263157894736842,29.199999999999996,0.5222222222222217,0.6425925925925918,2.3133333333333312,0,0,0,0.5169444444444443,1.6,True,0.0,19.263157894736842,19.263157894736842,0,0.0,0.0,0.0
2db24fe5faf37f703ae823b5c4b6f95652132882988dd30a765afc7577830ad2,3,2024-03-01 16:59:02,2024-03-01 17:04:18,50,0.96,39.02,72.19999999999999,0.7708333333333328,0.9749999999999998,3.5099999999999993,0,0,0,2.833611111111111,5.266666666666667,True,0.0,39.02,40.645833333333336,0,0.0,0.0,0.0
2db24fe5faf37f703ae823b5c4b6f95652132882988dd30a765afc7577830ad2,4,2024-03-01 18:04:53,2024-03-01 18:30:01,297,0.6464646464646465,15.47138047138047,44.0,0.9777777777777773,0.9444444444444443,3.4,1,1,0,6.2675,25.133333333333333,True,0.0,15.47138047138047,23.932291666666668,0,0.15955325089748704,0.15955325089748704,0.0
2ee6cd75180730d5f6281a32e1f37a449fc629b058d4c7b92ab55aebe8ceb232,1,2024-03-01 01:18:08,2024-03-01 01:18:08,1,0.0,0.0,0.0,0.0,0.0,0.0,0,0,0,0.0,0.0,False,1.0,0.0,0.0,0,,,
2ee6cd75180730d5f6281a32e1f37a449fc629b058d4c7b92ab55aebe8ceb232,2,2024-03-01 04:40:34,2024-03-01 04:40:34,1,1.0,1.0,1.0,0.0,0.0,0.0,0,0,0,0.0,0.0,False,1.0,1.0,1.0,0,,,
2ee6cd75180730d5f6281a32e1f37a449fc629b058d4c7b92ab55aebe8ceb232,3,2024-03-01 06:55:37,2024-03-01 06:55:37,1,0.0,0.0,0.0,0.0,0.0,0.0,0,0,0,0.0,0.0,False,0.0,0.0,0.0,0,,,
2ee6cd75180730d5f6281a32e1f37a449fc629b058d4c7b92ab55aebe8ceb232,4,2024-03-01 08:03:06,2024-03-01 08:05:21,2,0.0,0.0,0.0,0.0,0.0,0.0,0,0,0,0.0,2.25,False,0.0,0.0,0.0,0,,,
2ee6cd75180730d5f6281a32e1f37a449fc629b058d4c7b92ab55aebe8ceb232,5,2024-03-01 08:14:55,2024-03-01 08:24:35,116,0.7068965517241379,19.32758620689655,56.0,0.9722222222222223,1.111111111111111,4.0,0,0,0,3.1338888888888885,9.666666666666666,True,0.0,19.32758620689655,27.341463414634145,0,0.0,0.0,0.0
2ee6cd75180730d5f6281a32e1f37a449fc629b058d4c7b92ab55aebe8ceb232,6,2024-03-01 09:24:40,2024-03-01 09:24:40,1,0.0,0.0,0.0,0.0,0.0,0.0,0,0,0,0.0,0.0,False,0.0,0.0,0.0,0,,,
2ee6cd75180730d5f6281a32e1f37a449fc629b058d4c7b92ab55aebe8ceb232,7,2024-03-01 17:13:30,2024-03-01 17:28:39,130,0.45384615384615384,4.607692307692307,23.099999999999994,0.6222222222222216,0.6187499999999999,2.2275,0,0,0,0.8236111111111111,15.15,True,0.0,4.607692307692307,10.152542372881356,0,0.0,0.0,0.0
2ee6cd75180730d5f6281a32e1f37a449fc629b058d4c7b92ab55aebe8ceb232,8,2024-03-01 18:23:14,2024-03-01 18:24:20,10,1.0,9.4,21.849999999999994,0.586111111111111,1.1398148148148142,4.10333333333333,0,0,0,0.16361111111111112,1.1,True,0.0,9.4,9.4,0,0.0,0.0,0.0
306e88ee61a9b16bf2870bfc77fc912b491e894faf0e809ca36f6e49c06c09a7,1,2024-03-01 01:33:43,2024-03-01 01:33:43,1,0.0,0.0,0.0,0.0,0.0,0.0,0,0,0,0.0,0.0,False,1.0,0.0,0.0,0,,,
306e88ee61a9b16bf2870bfc77fc912b491e894faf0e809ca36f6e49c06c09a7,2,2024-03-01 07:03:56,2024-03-01 07:03:56,1,1.0,1.0,1.0,0.0,0.0,0.0,0,0,0,0.0,0.0,False,0.0,1.0,1.0,0,,,
306e88ee61a9b16bf2870bfc77fc912b491e894faf0e809ca36f6e49c06c09a7,3,2024-03-01 08:10:05,2024-03-01 08:10:05,1,0.0,0.0,0.0,0.0,0.0,0.0,0,0,0,0.0,0.0,False,0.0,0.0,0.0,0,,,
30a521f084c67f5da4acf52a38d89e47aac603ef244b60248192cbc3c62bef59,1,2024-03-01 07:49:23,2024-03-01 08:06:33,195,1.0,80.01538461538462,124.29999999999998,0.523148148148147,0.5509259259259232,1.9833333333333247,0,0,0,23.187777777777775,17.166666666666668,True,0.0,80.01538461538462,80.01538461538462,0,0.0,0.0,0.0
30a521f084c67f5da4acf52a38d89e47aac603ef244b60248192cbc3c62bef59,2,2024-03-01 08:16:02,2024-03-01 08:16:52,47,1.0,15.134751773049647,21.333333333333332,0.6851851851851846,0.5555555555555554,2.0,0,0,0,0.20953703703703705,0.8333333333333334,True,0.0,15.134751773049647,15.134751773049643,0,0.0,0.0,0.0
30a521f084c67f5da4acf52a38d89e47aac603ef244b60248192cbc3c62bef59,3,2024-03-01 08:23:37,2024-03-01 08:40:26,435,0.9540229885057471,14.237547892720306,32.64999999999998,0.8009259259259238,1.0185185185185177,3.666666666666665,0,0,0,6.2175925925925934,16.816666666666666,True,0.0,14.237547892720306,14.923694779116465,0,0.0,0.0,0.0
30a521f084c67f5da4acf52a38d89e47aac603ef244b60248192cbc3c62bef59,4,2024-03-01 17:18:25,2024-03-01 17:23:12,82,0.8292682926829268,8.361788617886178,23.50000000000003,0.5555555555555556,0.5535714285714285,1.9928571428571433,0,0,0,0.42324074074074075,4.783333333333333,True,0.0,8.361788617886178,10.083333333333332,0,0.0,0.0,0.0
30a521f084c67f5da4acf52a38d89e47aac603ef244b60248192cbc3c62bef59,5,2024-03-01 17:30:47,2024-03-01 18:09:46,519,0.9961464354527938,60.86496467565832,96.0,0.7407407407407405,0.7407407407407405,2.6666666666666683,1,1,0,34.52280092592593,38.983333333333334,True,0.0,60.86496467565832,61.10041908446164,0,0.028966363480925447,0.028966363480925447,0.0
310a35ea501352b85cd734296fd50ad55e56772a1c7253dfaba98036f3ca3b43,1,2024-03-01 00:18:56,2024-03-01 00:18:56,1,0.0,0.0,0.0,0.0,0.0,0.0,0,0,0,0.0,0.0,False,1.0,0.0,0.0,0,,,
310a35ea501352b85cd734296fd50ad55e56772a1c7253dfaba98036f3ca3b43,2,2024-03-01 01:12:26,2024-03-01 01:17:58,64,0.9375,34.8125,63.69999999999999,0.7055555555555548,0.9381944444444443,3.377499999999999,0,0,0,3.3638888888888885,5.533333333333333,True,1.0,34.8125,37.13333333333333,0,0.0,0.0,0.0
310a35ea501352b85cd734296fd50ad55e56772a1c7253dfaba98036f3ca3b43,3,2024-03-01 02:18:14,2024-03-01 02:18:14,1,0.0,0.0,0.0,0.0,0.0,0.0,0,0,0,0.0,0.0,False,1.0,0.0,0.0,0,,,
310a35ea501352b85cd734296fd50ad55e56772a1c7253dfaba98036f3ca3b43,4,2024-03-01 07:01:23,2024-03-01 07:01:23,1,1.0,1.0,1.0,0.0,0.0,0.0,0,0,0,0.0,0.0,False,0.0,1.0,1.0,0,,,
310a35ea501352b85cd734296fd50ad55e56772a1c7253dfaba98036f3ca3b43,5,2024-03-01 07:14:57,2024-03-01 07:16:36,20,1.0,18.65,61.0,0.14027777777777775,1.2981481481481483,4.673333333333334,0,0,0,0.4555555555555555,1.65,True,0.0,18.65,18.65,0,0.0,0.0,0.0
310a35ea501352b85cd734296fd50ad55e56772a1c7253dfaba98036f3ca3b43,6,2024-03-01 08:47:38,2024-03-01 08:47:38,1,0.0,0.0,0.0,0.0,0.0,0.0,0,0,0,0.0,0.0,False,0.0,0.0,0.0,0,,,
310a35ea501352b85cd734296fd50ad55e56772a1c7253dfaba98036f3ca3b43,7,2024-03-01 09:27:02,2024-03-01 09:34:37,43,0.7906976744186046,26.697674418604652,60.8,0.6944444444444443,1.0925925925925921,3.9333333333333322,0,0,0,4.430277777777778,7.583333333333333,True,0.0,26.697674418604652,33.76470588235294,0,0.0,0.0,0.0
310a35ea501352b85cd734296fd50ad55e56772a1c7253dfaba98036f3ca3b43,8,2024-03-01 10:28:05,2024-03-01 10:48:53,148,0.4797297297297297,8.506756756756756,47.30000000000001,0.49513888888888896,0.5555555555555556,2.0,0,0,0,4.715555555555555,20.8,True,0.0,8.506756756756756,17.732394366197184,0,0.0,0.0,0.0
310a35ea501352b85cd734296fd50ad55e56772a1c7253dfaba98036f3ca3b43,9,2024-03-01 11:49:13,2024-03-01 11:49:13,1,0.0,0.0,0.0,0.0,0.0,0.0,0,0,0,0.0,0.0,False,0.0,0.0,0.0,0,,,
310a35ea501352b85cd734296fd50ad55e56772a1c7253dfaba98036f3ca3b43,10,2024-03-01 12:04:47,2024-03-01 12:08:27,28,0.9285714285714286,28.321428571428573,61.65,0.5486111111111105,1.299999999999999,4.679999999999995,0,0,0,1.347222222222222,3.6666666666666665,True,0.0,28.321428571428573,30.5,0,0.0,0.0,0.0
310a35ea501352b85cd734296fd50ad55e56772a1c7253dfaba98036f3ca3b43,11,2024-03-01 12:52:22,2024-03-01 12:53:53,8,0.125,0.375,1.9499999999999984,0.10833333333333324,0.09027777777777769,0.32499999999999973,0,0,0,0.004166666666666666,1.5166666666666666,False,0.0,0.375,3.0,0,0.0,0.0,0.0
310a35ea501352b85cd734296fd50ad55e56772a1c7253dfaba98036f3ca3b43,12,2024-03-01 13:48:13,2024-03-01 14:00:43,101,0.8811881188118812,23.08910891089109,64.0,0.7222222222222221,0.6944444444444446,2.5,0,0,0,4.1075,12.5,True,0.0,23.08910891089109,26.202247191011235,0,0.0,0.0,0.0
310a35ea501352b85cd734296fd50ad55e56772a1c7253dfaba98036f3ca3b43,13,2024-03-01 14:11:43,2024-03-01 14:15:01,29,0.5862068965517241,6.724137931034483,18.0,0.7111111111111107,0.4388888888888885,1.5799999999999985,0,0,0,0.2694444444444444,3.3,True,0.0,6.724137931034483,11.470588235294118,0,0.0,0.0,0.0
310a35ea501352b85cd734296fd50ad55e56772a1c7253dfaba98036f3ca3b43,14,2024-03-01 14:38:28,2024-03-01 14:44:45,74,0.7432432432432432,30.006756756756758,77.69999999999999,1.0013888888888884,1.0277777777777746,3.6999999999999886,0,1,0,3.183611111111111,6.283333333333333,True,0.0,30.006756756756758,40.372727272727275,0,0.3141087165168834,0.0,0.0
310a35ea501352b85cd734296fd50ad55e56772a1c7253dfaba98036f3ca3b43,15,2024-03-01 15:45:01,2024-03-01 15:45:01,1,0.0,0.0,0.0,0.0,0.0,0.0,0,0,0,0.0,0.0,False,0.0,0.0,0.0,0,,,
310a35ea501352b85cd734296fd50ad55e56772a1c7253dfaba98036f3ca3b43,16,2024-03-01 16:13:30,2024-03-01 16:20:38,63,0.9365079365079365,37.46031746031746,85.0,0.7222222222222222,0.822222222222222,2.9599999999999995,0,0,0,4.798611111111111,7.133333333333334,True,0.0,37.46031746031746,40.0,0,0.0,0.0,0.0
310a35ea501352b85cd734296fd50ad55e56772a1c7253dfaba98036f3ca3b43,17,2024-03-01 16:33:26,2024-03-01 16:38:30,60,0.6833333333333333,17.516666666666666,46.0,0.8916666666666664,1.2351851851851843,4.4466666666666645,0,0,0,1.5327777777777778,5.066666666666666,True,0.0,17.516666666666666,25.634146341463413,0,0.0,0.0,0.0
310a35ea501352b85cd734296fd50ad55e56772a1c7253dfaba98036f3ca3b43,18,2024-03-01 17:38:45,2024-03-01 17:38:45,1,0.0,0.0,0.0,0.0,0.0,0.0,0,0,0,0.0,0.0,False,0.0,0.0,0.0,0,,,
310a35ea501352b85cd734296fd50ad55e56772a1c7253dfaba98036f3ca3b43,19,2024-03-01 17:44:56,2024-03-01 17:46:25,18,0.7777777777777778,10.222222222222221,25.89999999999999,0.6611111111111105,0.7222222222222222,2.6,0,0,0,0.27277777777777784,1.4833333333333334,True,0.0,10.222222222222221,13.142857142857142,0,0.0,0.0,0.0
310a35ea501352b85cd734296fd50ad55e56772a1c7253dfaba98036f3ca3b43,20,2024-03-01 17:54:04,2024-03-01 17:57:06,26,0.8461538461538461,10.423076923076923,23.0,0.611111111111111,0.4791666666666667,1.725,0,0,0,0.37916666666666665,3.033333333333333,True,0.0,10.423076923076923,12.318181818181818,0,0.0,0.0,0.0
310a35ea501352b85cd734296fd50ad55e56772a1c7253dfaba98036f3ca3b43,21,2024-03-01 18:26:47,2024-03-01 18:29:27,31,0.7741935483870968,12.741935483870968,26.0,0.4212962962962963,0.4953703703703704,1.7833333333333332,0,0,0,0.5838888888888888,2.6666666666666665,True,0.0,12.741935483870968,16.458333333333332,0,0.0,0.0,0.0
310bb625842152a178d47fa0b649f3e0f7c27904e1569e06955145cc878dfc4f,1,2024-03-01 00:17:49,2024-03-01 00:21:58,52,0.9423076923076923,17.03846153846154,33.89999999999999,0.6180555555555548,0.8972222222222206,3.229999999999994,0,0,0,1.2433333333333332,4.15,True,1.0,17.03846153846154,18.081632653061224,0,0.0,0.0,0.0
310bb625842152a178d47fa0b649f3e0f7c27904e1569e06955145cc878dfc4f,2,2024-03-01 08:59:04,2024-03-01 08:59:19,4,1.0,8.0,12.0,0.0,0.32499999999999996,1.17,0,0,0,0.027777777777777776,0.25,True,0.0,8.0,8.0,0,0.0,0.0,0.0
310bb625842152a178d47fa0b649f3e0f7c27904e1569e06955145cc878dfc4f,3,2024-03-01 10:11:02,2024-03-01 10:11:02,1,0.0,0.0,0.0,0.0,0.0,0.0,0,0,0,0.0,0.0,False,0.0,0.0,0.0,0,,,
310bb625842152a178d47fa0b649f3e0f7c27904e1569e06955145cc878dfc4f,4,2024-03-01 14:17:31,2024-03-01 14:17:31,1,0.0,0.0,0.0,0.0,0.0,0.0,0,0,0,0.0,0.0,False,0.0,0.0,0.0,0,,,
310bb625842152a178d47fa0b649f3e0f7c27904e1569e06955145cc878dfc4f,5,2024-03-01 14:44:56,2024-03-01 14:56:57,137,0.927007299270073,35.88321167883212,75.79999999999995,0.7222222222222221,0.8333333333333334,3.0,0,0,0,7.231388888888889,12.016666666666667,True,0.0,35.88321167883212,38.70866141732284,0,0.0,0.0,0.0
310bb625842152a178d47fa0b649f3e0f7c27904e1569e06955145cc878dfc4f,6,2024-03-01 15:57:25,2024-03-01 15:57:25,1,0.0,0.0,0.0,0.0,0.0,0.0,0,0,0,0.0,0.0,False,0.0,0.0,0.0,0,,,
310bb625842152a178d47fa0b649f3e0f7c27904e1569e06955145cc878dfc4f,7,2024-03-01 16:06:05,2024-03-01 16:16:39,119,0.8739495798319328,39.79831932773109,94.19999999999999,0.8444444444444438,1.0203703703703693,3.6733333333333293,0,0,0,6.8277777777777775,10.566666666666666,True,0.0,39.79831932773109,45.53846153846154,0,0.0,0.0,0.0
310bb625842152a178d47fa0b649f3e0f7c27904e1569e06955145cc878dfc4f,8,2024-03-01 16:28:31,2024-03-01 16:31:01,19,0.9473684210526315,38.10526315789474,51.0,0.38333333333333214,0.5805555555555539,2.0899999999999945,0,0,0,0.99,2.5,True,0.0,38.10526315789474,40.22222222222222,0,0.0,0.0,0.0
315a8b3a96aca3e0f265a8ab0dc1a6b918147328cc5fcee774edd1a71380b462,1,2024-03-01 16:00:57,2024-03-01 16:17:35,196,0.7755102040816326,12.831632653061224,35.5,0.7916666666666666,0.8333333333333333,3.0,1,0,0,3.576666666666666,16.633333333333333,True,0.0,12.831632653061224,16.54605263157895,0,0.0,0.2795899347623486,0.0
320a37954bc8e29acfef7dde3aa0f224e4cd91a0c087236d1196040204a744a2,1,2024-03-01 00:58:05,2024-03-01 00:58:05,1,1.0,7.0,7.0,0.0,0.0,0.0,0,0,0,0.0,0.0,False,1.0,7.0,7.0,0,,,
320a37954bc8e29acfef7dde3aa0f224e4cd91a0c087236d1196040204a744a2,2,2024-03-01 03:13:58,2024-03-01 03:13:58,1,0.0,0.0,0.0,0.0,0.0,0.0,0,0,0,0.0,0.0,False,1.0,0.0,0.0,0,,,
320a37954bc8e29acfef7dde3aa0f224e4cd91a0c087236d1196040204a744a2,3,2024-03-01 04:21:41,2024-03-01 04:21:41,1,1.0,1.0,1.0,0.0,0.0,0.0,0,0,0,0.0,0.0,False,1.0,1.0,1.0,0,,,
320a37954bc8e29acfef7dde3aa0f224e4cd91a0c087236d1196040204a744a2,4,2024-03-01 05:29:36,2024-03-01 05:29:36,1,0.0,0.0,0.0,0.0,0.0,0.0,0,0,0,0.0,0.0,False,1.0,0.0,0.0,0,,,
320a37954bc8e29acfef7dde3aa0f224e4cd91a0c087236d1196040204a744a2,5,2024-03-01 07:45:28,2024-03-01 07:45:28,1,0.0,0.0,0.0,0.0,0.0,0.0,0,0,0,0.0,0.0,False,0.0,0.0,0.0,0,,,
320a37954bc8e29acfef7dde3aa0f224e4cd91a0c087236d1196040204a744a2,6,2024-03-01 08:53:24,2024-03-01 08:53:24,1,0.0,0.0,0.0,0.0,0.0,0.0,0,0,0,0.0,0.0,False,0.0,0.0,0.0,0,,,
320a37954bc8e29acfef7dde3aa0f224e4cd91a0c087236d1196040204a744a2,7,2024-03-01 11:09:17,2024-03-01 11:09:17,1,0.0,0.0,0.0,0.0,0.0,0.0,0,0,0,0.0,0.0,False,0.0,0.0,0.0,0,,,
320a37954bc8e29acfef7dde3aa0f224e4cd91a0c087236d1196040204a744a2,8,2024-03-01 15:40:14,2024-03-01 15:40:14,1,1.0,1.0,1.0,0.0,0.0,0.0,0,0,0,0.0,0.0,False,0.0,1.0,1.0,0,,,
320a37954bc8e29acfef7dde3aa0f224e4cd91a0c087236d1196040204a744a2,9,2024-03-01 17:55:34,2024-03-01 17:55:34,1,0.0,0.0,0.0,0.0,0.0,0.0,0,0,0,0.0,0.0,False,0.0,0.0,0.0,0,,,
321991cb6f996bef2964ffa0dab0af4efd3105753ea4b2c77d5f38252c90f85d,1,2024-03-01 00:01:10,2024-03-01 00:01:10,1,1.0,1.0,1.0,0.0,0.0,0.0,0,0,0,0.0,0.0,False,1.0,1.0,1.0,0,,,
321991cb6f996bef2964ffa0dab0af4efd3105753ea4b2c77d5f38252c90f85d,2,2024-03-01 01:08:34,2024-03-01 01:08:34,1,0.0,0.0,0.0,0.0,0.0,0.0,0,0,0,0.0,0.0,False,1.0,0.0,0.0,0,,,
321991cb6f996bef2964ffa0dab0af4efd3105753ea4b2c77d5f38252c90f85d,3,2024-03-01 04:30:50,2024-03-01 04:30:50,1,0.0,0.0,0.0,0.0,0.0,0.0,0,0,0,0.0,0.0,False,1.0,0.0,0.0,0,,,
321991cb6f996bef2964ffa0dab0af4efd3105753ea4b2c77d5f38252c90f85d,4,2024-03-01 05:38:15,2024-03-01 05:38:15,1,0.0,0.0,0.0,0.0,0.0,0.0,0,0,0,0.0,0.0,False,1.0,0.0,0.0,0,,,
321991cb6f996bef2964ffa0dab0af4efd3105753ea4b2c77d5f38252c90f85d,5,2024-03-01 06:45:40,2024-03-01 06:45:40,1,0.0,0.0,0.0,0.0,0.0,0.0,0,0,0,0.0,0.0,False,0.0,0.0,0.0,0,,,
321991cb6f996bef2964ffa0dab0af4efd3105753ea4b2c77d5f38252c90f85d,6,2024-03-01 07:53:04,2024-03-01 07:53:04,1,0.0,0.0,0.0,0.0,0.0,0.0,0,0,0,0.0,0.0,False,0.0,0.0,0.0,0,,,
321991cb6f996bef2964ffa0dab0af4efd3105753ea4b2c77d5f38252c90f85d,7,2024-03-01 10:07:53,2024-03-01 10:10:12,2,0.0,0.0,0.0,0.0,0.0,0.0,0,0,0,0.0,2.316666666666667,False,0.0,0.0,0.0,0,,,
321991cb6f996bef2964ffa0dab0af4efd3105753ea4b2c77d5f38252c90f85d,8,2024-03-01 10:54:21,2024-03-01 11:18:31,281,0.7473309608540926,32.66548042704626,75.0,0.6481481481481483,0.7222222222222225,2.6,0,2,0,13.176666666666664,24.166666666666668,True,0.0,32.66548042704626,43.70952380952381,0,0.15178345560333928,0.0,0.0
321991cb6f996bef2964ffa0dab0af4efd3105753ea4b2c77d5f38252c90f85d,9,2024-03-01 11:29:45,2024-03-01 12:04:24,336,0.8095238095238095,39.904761904761905,81.5,1.0243055555555554,1.347222222222222,4.85,0,2,0,19.673333333333336,34.65,True,0.0,39.904761904761905,49.294117647058826,0,0.10166045408336156,0.0,0.0
321991cb6f996bef2964ffa0dab0af4efd3105753ea4b2c77d5f38252c90f85d,10,2024-03-01 12:42:12,2024-03-01 13:02:13,230,0.4043478260869565,12.256521739130434,61.0,0.6416666666666657,0.6972222222222212,2.5099999999999967,0,0,0,4.069166666666666,20.016666666666666,True,0.0,12.256521739130434,30.311827956989248,0,0.0,0.0,0.0
321991cb6f996bef2964ffa0dab0af4efd3105753ea4b2c77d5f38252c90f85d,11,2024-03-01 13:37:39,2024-03-01 13:37:39,1,0.0,0.0,0.0,0.0,0.0,0.0,0,0,0,0.0,0.0,False,0.0,0.0,0.0,0,,,
321991cb6f996bef2964ffa0dab0af4efd3105753ea4b2c77d5f38252c90f85d,12,2024-03-01 15:18:01,2024-03-01 16:07:40,428,0.8014018691588785,31.02570093457944,75.0,0.9129629629629623,0.7648148148148141,2.7533333333333303,1,1,0,20.24694444444444,49.65,True,0.0,31.02570093457944,38.714285714285715,0,0.04939016861254786,0.04939016861254786,0.0
321991cb6f996bef2964ffa0dab0af4efd3105753ea4b2c77d5f38252c90f85d,13,2024-03-01 16:32:42,2024-03-01 16:50:00,191,0.6649214659685864,18.392670157068064,50.0,0.6296296296296297,0.6805555555555555,2.45,0,0,0,4.993333333333333,17.3,True,0.0,18.392670157068064,27.661417322834644,0,0.0,0.0,0.0
321991cb6f996bef2964ffa0dab0af4efd3105753ea4b2c77d5f38252c90f85d,14,2024-03-01 17:11:33,2024-03-01 17:24:26,146,0.7671232876712328,21.897260273972602,52.5,0.6087962962962963,0.8333333333333333,3.0,0,0,0,4.636111111111111,12.883333333333333,True,0.0,21.897260273972602,28.544642857142858,0,0.0,0.0,0.0
321991cb6f996bef2964ffa0dab0af4efd3105753ea4b2c77d5f38252c90f85d,15,2024-03-01 17:36:26,2024-03-01 17:37:19,12,0.9166666666666666,19.25,33.9,1.1064814814814807,0.9361111111111096,3.369999999999995,0,0,0,0.33138888888888884,0.8833333333333333,True,0.0,19.25,21.0,0,0.0,0.0,0.0
32cb9e70c552790169e64ebae6e5b401fc245230006c3eb2b54c35f823b88857,1,2024-03-01 00:41:31,2024-03-01 00:41:31,1,1.0,5.0,5.0,0.0,0.0,0.0,0,0,0,0.0,0.0,False,1.0,5.0,5.0,0,,,
32cb9e70c552790169e64ebae6e5b401fc245230006c3eb2b54c35f823b88857,2,2024-03-01 01:49:53,2024-03-01 01:49:53,1,0.0,0.0,0.0,0.0,0.0,0.0,0,0,0,0.0,0.0,False,1.0,0.0,0.0,0,,,
32cb9e70c552790169e64ebae6e5b401fc245230006c3eb2b54c35f823b88857,3,2024-03-01 04:06:03,2024-03-01 04:06:03,1,0.0,0.0,0.0,0.0,0.0,0.0,0,0,0,0.0,0.0,False,1.0,0.0,0.0,0,,,
32cb9e70c552790169e64ebae6e5b401fc245230006c3eb2b54c35f823b88857,4,2024-03-01 06:21:59,2024-03-01 06:23:28,2,0.0,0.0,0.0,0.0,0.0,0.0,0,0,0,0.0,1.4833333333333334,False,0.0,0.0,0.0,0,,,
32cb9e70c552790169e64ebae6e5b401fc245230006c3eb2b54c35f823b88857,5,2024-03-01 07:09:01,2024-03-01 07:09:51,4,0.5,7.0,21.699999999999992,0.0,0.36415343915343906,1.3109523809523804,0,0,0,0.012499999999999999,0.8333333333333334,True,0.0,7.0,14.0,0,0.0,0.0,0.0
32cb9e70c552790169e64ebae6e5b401fc245230006c3eb2b54c35f823b88857,6,2024-03-01 07:40:36,2024-03-01 07:46:12,73,0.821917808219178,20.945205479452056,51.0,1.249999999999999,1.3222222222222213,4.759999999999996,0,0,0,1.995277777777778,5.6,True,0.0,20.945205479452056,25.483333333333334,0,0.0,0.0,0.0
32cb9e70c552790169e64ebae6e5b401fc245230006c3eb2b54c35f823b88857,7,2024-03-01 08:46:32,2024-03-01 08:46:32,1,0.0,0.0,0.0,0.0,0.0,0.0,0,0,0,0.0,0.0,False,0.0,0.0,0.0,0,,,
32cb9e70c552790169e64ebae6e5b401fc245230006c3eb2b54c35f823b88857,8,2024-03-01 09:47:20,2024-03-01 09:47:20,1,1.0,1.0,1.0,0.0,0.0,0.0,0,0,0,0.0,0.0,False,0.0,1.0,1.0,0,,,
32cb9e70c552790169e64ebae6e5b401fc245230006c3eb2b54c35f823b88857,9,2024-03-01 12:03:15,2024-03-01 12:03:15,1,0.0,0.0,0.0,0.0,0.0,0.0,0,0,0,0.0,0.0,False,0.0,0.0,0.0,0,,,
32cb9e70c552790169e64ebae6e5b401fc245230006c3eb2b54c35f823b88857,10,2024-03-01 13:11:11,2024-03-01 13:11:11,1,0.0,0.0,0.0,0.0,0.0,0.0,0,0,0,0.0,0.0,False,0.0,0.0,0.0,0,,,
32cb9e70c552790169e64ebae6e5b401fc245230006c3eb2b54c35f823b88857,11,2024-03-01 16:34:04,2024-03-01 16:34:04,1,1.0,1.0,1.0,0.0,0.0,0.0,0,0,0,0.0,0.0,False,0.0,1.0,1.0,0,,,
32cb9e70c552790169e64ebae6e5b401fc245230006c3eb2b54c35f823b88857,12,2024-03-01 17:43:56,2024-03-01 17:43:56,1,0.0,0.0,0.0,0.0,0.0,0.0,0,0,0,0.0,0.0,False,0.0,0.0,0.0,0,,,
32cb9e70c552790169e64ebae6e5b401fc245230006c3eb2b54c35f823b88857,13,2024-03-01 18:17:25,2024-03-01 18:23:59,69,0.8840579710144928,34.57971014492754,69.19999999999999,0.9166666666666659,1.3777777777777767,4.959999999999996,0,0,0,2.977777777777778,6.566666666666666,True,0.0,34.57971014492754,39.114754098360656,0,0.0,0.0,0.0
3310edfac9a98cb7ce0598449d5ae50b2934e4d258258f314beb2fab16ce82c9,1,2024-03-01 03:11:18,2024-03-01 03:11:18,1,1.0,9.0,9.0,0.0,0.0,0.0,0,0,0,0.0,0.0,False,1.0,9.0,9.0,0,,,
3310edfac9a98cb7ce0598449d5ae50b2934e4d258258f314beb2fab16ce82c9,2,2024-03-01 09:16:26,2024-03-01 09:16:26,1,0.0,0.0,0.0,0.0,0.0,0.0,0,0,0,0.0,0.0,False,0.0,0.0,0.0,0,,,
3310edfac9a98cb7ce0598449d5ae50b2934e4d258258f314beb2fab16ce82c9,3,2024-03-01 10:29:36,2024-03-01 10:29:36,1,1.0,3.0,3.0,0.0,0.0,0.0,0,0,0,0.0,0.0,False,0.0,3.0,3.0,0,,,
3310edfac9a98cb7ce0598449d5ae50b2934e4d258258f314beb2fab16ce82c9,4,2024-03-01 12:55:33,2024-03-01 12:55:33,1,1.0,1.0,1.0,0.0,0.0,0.0,0,0,0,0.0,0.0,False,0.0,1.0,1.0,0,,,
3310edfac9a98cb7ce0598449d5ae50b2934e4d258258f314beb2fab16ce82c9,5,2024-03-01 14:08:04,2024-03-01 14:08:04,1,1.0,1.0,1.0,0.0,0.0,0.0,0,0,0,0.0,0.0,False,0.0,1.0,1.0,0,,,
3310edfac9a98cb7ce0598449d5ae50b2934e4d258258f314beb2fab16ce82c9,6,2024-03-01 15:20:25,2024-03-01 15:20:25,1,1.0,5.0,5.0,0.0,0.0,0.0,0,0,0,0.0,0.0,False,0.0,5.0,5.0,0,,,
3310edfac9a98cb7ce0598449d5ae50b2934e4d258258f314beb2fab16ce82c9,7,2024-03-01 17:44:58,2024-03-01 17:44:58,1,0.0,0.0,0.0,0.0,0.0,0.0,0,0,0,0.0,0.0,False,0.0,0.0,0.0,0,,,
341e2e5d92be2f8b6cee335abf5992144565c4846e3b87f1603ebba2795150ef,1,2024-03-01 00:00:16,2024-03-01 00:00:16,1,0.0,0.0,0.0,0.0,0.0,0.0,0,0,0,0.0,0.0,False,1.0,0.0,0.0,0,,,
341e2e5d92be2f8b6cee335abf5992144565c4846e3b87f1603ebba2795150ef,2,2024-03-01 00:32:45,2024-03-01 00:56:10,269,0.9553903345724907,42.67657992565056,84.19999999999999,0.644444444444444,0.6194444444444444,2.23,0,0,0,16.80527777777778,23.416666666666668,True,1.0,42.67657992565056,44.6692607003891,0,0.0,0.0,0.0
341e2e5d92be2f8b6cee335abf5992144565c4846e3b87f1603ebba2795150ef,3,2024-03-01 01:56:20,2024-03-01 01:56:20,1,0.0,0.0,0.0,0.0,0.0,0.0,0,0,0,0.0,0.0,False,1.0,0.0,0.0,0,,,
34f0e2f7d3a9bd760baadd4d3099a95cb34b1047e3df2672664c48d68ff2fef9,1,2024-03-01 07:50:14,2024-03-01 07:50:14,1,0.0,0.0,0.0,0.0,0.0,0.0,0,0,0,0.0,0.0,False,0.0,0.0,0.0,0,,,
34f0e2f7d3a9bd760baadd4d3099a95cb34b1047e3df2672664c48d68ff2fef9,2,2024-03-01 08:01:00,2024-03-01 08:14:40,158,0.8607594936708861,37.37341772151899,77.0,0.5625000000000001,0.7861111111111116,2.830000000000001,0,1,0,8.594722222222222,13.666666666666666,True,0.0,37.37341772151899,43.419117647058826,0,0.11635047348178792,0.0,0.0
34f0e2f7d3a9bd760baadd4d3099a95cb34b1047e3df2672664c48d68ff2fef9,3,2024-03-01 09:01:23,2024-03-01 09:01:28,2,0.0,0.0,0.0,0.0,0.0,0.0,0,0,0,0.0,0.08333333333333333,False,0.0,0.0,0.0,0,,,
34f0e2f7d3a9bd760baadd4d3099a95cb34b1047e3df2672664c48d68ff2fef9,4,2024-03-01 09:09:42,2024-03-01 09:31:26,240,0.8958333333333334,32.7625,68.0,0.611111111111111,0.7222222222222221,2.6,1,1,0,11.566666666666666,21.733333333333334,True,0.0,32.7625,36.57209302325582,0,0.08645533141210375,0.08645533141210375,0.0
34f0e2f7d3a9bd760baadd4d3099a95cb34b1047e3df2672664c48d68ff2fef9,5,2024-03-01 09:56:10,2024-03-01 10:11:53,170,0.8235294117647058,20.50588235294118,45.099999999999966,0.6111111111111112,0.6666666666666666,2.4,0,0,0,5.119722222222222,15.716666666666667,True,0.0,20.50588235294118,24.9,0,0.0,0.0,0.0
34f0e2f7d3a9bd760baadd4d3099a95cb34b1047e3df2672664c48d68ff2fef9,6,2024-03-01 10:45:01,2024-03-01 11:13:50,324,0.7037037037037037,16.429012345679013,42.0,0.6902777777777767,0.6018518518518519,2.1666666666666665,0,0,0,7.591388888888889,28.816666666666666,True,0.0,16.429012345679013,23.346491228070175,0,0.0,0.0,0.0
34f0e2f7d3a9bd760baadd4d3099a95cb34b1047e3df2672664c48d68ff2fef9,7,2024-03-01 11:29:53,2024-03-01 11:31:29,19,0.631578947368421,4.368421052631579,11.299999999999994,0.3287037037037036,0.24166666666666645,0.8699999999999992,0,0,0,0.12305555555555556,1.6,True,0.0,4.368421052631579,6.916666666666667,0,0.0,0.0,0.0
34f0e2f7d3a9bd760baadd4d3099a95cb34b1047e3df2672664c48d68ff2fef9,8,2024-03-01 11:41:18,2024-03-01 11:42:10,4,0.75,3.75,6.699999999999999,0.10493827160493824,0.08433433433433432,0.3036036036036035,0,0,0,0.025833333333333333,0.8666666666666667,True,0.0,3.75,5.0,0,0.0,0.0,0.0
34f0e2f7d3a9bd760baadd4d3099a95cb34b1047e3df2672664c48d68ff2fef9,9,2024-03-01 12:12:45,2024-03-01 12:40:23,247,0.9109311740890689,32.54655870445344,77.0,0.9638888888888887,0.8181818181818176,2.9454545454545435,0,0,0,12.867222222222223,27.633333333333333,True,0.0,32.54655870445344,35.72888888888889,0,0.0,0.0,0.0
34f0e2f7d3a9bd760baadd4d3099a95cb34b1047e3df2672664c48d68ff2fef9,10,2024-03-01 17:57:32,2024-03-01 18:17:41,205,0.751219512195122,10.573170731707316,25.0,0.5555555555555556,0.5555555555555555,2.0,0,0,0,3.4629166666666666,20.15,True,0.0,10.573170731707316,14.074675324675324,0,0.0,0.0,0.0
34f0e2f7d3a9bd760baadd4d3099a95cb34b1047e3df2672664c48d68ff2fef9,11,2024-03-01 18:26:39,2024-03-01 18:26:39,1,0.0,0.0,0.0,0.0,0.0,0.0,0,0,0,0.0,0.0,False,0.0,0.0,0.0,0,,,
3506800a30ccfda67c0b4920df98f8aa1c0a123f44c35026c7663c433861d890,1,2024-03-01 00:00:00,2024-03-01 00:14:28,116,0.9224137931034483,30.788793103448278,79.0,0.5208333333333333,0.6944444444444444,2.5,0,0,0,8.52625,14.466666666666667,True,1.0,30.788793103448278,33.37850467289719,0,0.0,0.0,0.0
3506800a30ccfda67c0b4920df98f8aa1c0a123f44c35026c7663c433861d890,2,2024-03-01 01:14:43,2024-03-01 01:14:43,1,0.0,0.0,0.0,0.0,0.0,0.0,0,0,0,0.0,0.0,False,1.0,0.0,0.0,0,,,
3506800a30ccfda67c0b4920df98f8aa1c0a123f44c35026c7663c433861d890,3,2024-03-01 02:15:43,2024-03-01 02:15:43,1,0.0,0.0,0.0,0.0,0.0,0.0,0,0,0,0.0,0.0,False,1.0,0.0,0.0,0,,,
3506800a30ccfda67c0b4920df98f8aa1c0a123f44c35026c7663c433861d890,4,2024-03-01 03:24:55,2024-03-01 03:24:55,1,0.0,0.0,0.0,0.0,0.0,0.0,0,0,0,0.0,0.0,False,1.0,0.0,0.0,0,,,
3506800a30ccfda67c0b4920df98f8aa1c0a123f44c35026c7663c433861d890,5,2024-03-01 04:34:15,2024-03-01 04:34:15,1,0.0,0.0,0.0,0.0,0.0,0.0,0,0,0,0.0,0.0,False,1.0,0.0,0.0,0,,,
3506800a30ccfda67c0b4920df98f8aa1c0a123f44c35026c7663c433861d890,6,2024-03-01 05:43:39,2024-03-01 05:43:39,1,0.0,0.0,0.0,0.0,0.0,0.0,0,0,0,0.0,0.0,False,1.0,0.0,0.0,0,,,
3506800a30ccfda67c0b4920df98f8aa1c0a123f44c35026c7663c433861d890,7,2024-03-01 06:53:07,2024-03-01 06:53:07,1,0.0,0.0,0.0,0.0,0.0,0.0,0,0,0,0.0,0.0,False,0.0,0.0,0.0,0,,,
3506800a30ccfda67c0b4920df98f8aa1c0a123f44c35026c7663c433861d890,8,2024-03-01 09:12:10,2024-03-01 09:12:10,1,0.0,0.0,0.0,0.0,0.0,0.0,0,0,0,0.0,0.0,False,0.0,0.0,0.0,0,,,
3506800a30ccfda67c0b4920df98f8aa1c0a123f44c35026c7663c433861d890,9,2024-03-01 10:21:42,2024-03-01 10:21:42,1,0.0,0.0,0.0,0.0,0.0,0.0,0,0,0,0.0,0.0,False,0.0,0.0,0.0,0,,,
3506800a30ccfda67c0b4920df98f8aa1c0a123f44c35026c7663c433861d890,10,2024-03-01 11:31:10,2024-03-01 11:31:10,1,0.0,0.0,0.0,0.0,0.0,0.0,0,0,0,0.0,0.0,False,0.0,0.0,0.0,0,,,
3506800a30ccfda67c0b4920df98f8aa1c0a123f44c35026c7663c433861d890,11,2024-03-01 14:58:41,2024-03-01 14:58:41,1,0.0,0.0,0.0,0.0,0.0,0.0,0,0,0,0.0,0.0,False,0.0,0.0,0.0,0,,,
3506800a30ccfda67c0b4920df98f8aa1c0a123f44c35026c7663c433861d890,12,2024-03-01 16:07:41,2024-03-01 16:07:41,1,0.0,0.0,0.0,0.0,0.0,0.0,0,0,0,0.0,0.0,False,0.0,0.0,0.0,0,,,
3506800a30ccfda67c0b4920df98f8aa1c0a123f44c35026c7663c433861d890,13,2024-03-01 17:16:41,2024-03-01 17:16:41,1,0.0,0.0,0.0,0.0,0.0,0.0,0,0,0,0.0,0.0,False,0.0,0.0,0.0,0,,,
3506800a30ccfda67c0b4920df98f8aa1c0a123f44c35026c7663c433861d890,14,2024-03-01 18:25:41,2024-03-01 18:25:41,1,0.0,0.0,0.0,0.0,0.0,0.0,0,0,0,0.0,0.0,False,0.0,0.0,0.0,0,,,
358ac7673a3c7a227f3b1f8291c9c65ebd18d38f02a0c273b912be0ffeac6210,1,2024-03-01 01:00:47,2024-03-01 01:00:47,1,0.0,0.0,0.0,0.0,0.0,0.0,0,0,0,0.0,0.0,False,1.0,0.0,0.0,0,,,
358ac7673a3c7a227f3b1f8291c9c65ebd18d38f02a0c273b912be0ffeac6210,2,2024-03-01 02:16:03,2024-03-01 02:16:03,1,1.0,7.0,7.0,0.0,0.0,0.0,0,0,0,0.0,0.0,False,1.0,7.0,7.0,0,,,
358ac7673a3c7a227f3b1f8291c9c65ebd18d38f02a0c273b912be0ffeac6210,3,2024-03-01 03:29:42,2024-03-01 03:29:42,1,1.0,1.0,1.0,0.0,0.0,0.0,0,0,0,0.0,0.0,False,1.0,1.0,1.0,0,,,
358ac7673a3c7a227f3b1f8291c9c65ebd18d38f02a0c273b912be0ffeac6210,4,2024-03-01 05:58:36,2024-03-01 05:58:36,1,1.0,1.0,1.0,0.0,0.0,0.0,0,0,0,0.0,0.0,False,1.0,1.0,1.0,0,,,
358ac7673a3c7a227f3b1f8291c9c65ebd18d38f02a0c273b912be0ffeac6210,5,2024-03-01 07:13:18,2024-03-01 07:13:18,1,0.0,0.0,0.0,0.0,0.0,0.0,0,0,0,0.0,0.0,False,0.0,0.0,0.0,0,,,
358ac7673a3c7a227f3b1f8291c9c65ebd18d38f02a0c273b912be0ffeac6210,6,2024-03-01 08:28:01,2024-03-01 08:28:01,1,0.0,0.0,0.0,0.0,0.0,0.0,0,0,0,0.0,0.0,False,0.0,0.0,0.0,0,,,
358ac7673a3c7a227f3b1f8291c9c65ebd18d38f02a0c273b912be0ffeac6210,7,2024-03-01 09:42:41,2024-03-01 09:42:41,1,1.0,1.0,1.0,0.0,0.0,0.0,0,0,0,0.0,0.0,False,0.0,1.0,1.0,0,,,
358ac7673a3c7a227f3b1f8291c9c65ebd18d38f02a0c273b912be0ffeac6210,8,2024-03-01 10:57:00,2024-03-01 10:57:00,1,1.0,1.0,1.0,0.0,0.0,0.0,0,0,0,0.0,0.0,False,0.0,1.0,1.0,0,,,
358ac7673a3c7a227f3b1f8291c9c65ebd18d38f02a0c273b912be0ffeac6210,9,2024-03-01 12:10:49,2024-03-01 12:10:49,1,0.0,0.0,0.0,0.0,0.0,0.0,0,0,0,0.0,0.0,False,0.0,0.0,0.0,0,,,
358ac7673a3c7a227f3b1f8291c9c65ebd18d38f02a0c273b912be0ffeac6210,10,2024-03-01 13:24:27,2024-03-01 13:24:27,1,0.0,0.0,0.0,0.0,0.0,0.0,0,0,0,0.0,0.0,False,0.0,0.0,0.0,0,,,
358ac7673a3c7a227f3b1f8291c9c65ebd18d38f02a0c273b912be0ffeac6210,11,2024-03-01 17:05:12,2024-03-01 17:05:12,1,0.0,0.0,0.0,0.0,0.0,0.0,0,0,0,0.0,0.0,False,0.0,0.0,0.0,0,,,
37a197a4a78796f6fd7a78dcfca95caa77b8ee3c45a17ed8a7f1a1adbc928d14,1,2024-03-01 01:04:37,2024-03-01 01:04:37,1,0.0,0.0,0.0,0.0,0.0,0.0,0,0,0,0.0,0.0,False,1.0,0.0,0.0,0,,,
37a197a4a78796f6fd7a78dcfca95caa77b8ee3c45a17ed8a7f1a1adbc928d14,2,2024-03-01 02:15:54,2024-03-01 02:15:54,1,0.0,0.0,0.0,0.0,0.0,0.0,0,0,0,0.0,0.0,False,1.0,0.0,0.0,0,,,
37a197a4a78796f6fd7a78dcfca95caa77b8ee3c45a17ed8a7f1a1adbc928d14,3,2024-03-01 07:01:39,2024-03-01 07:03:55,2,0.0,0.0,0.0,0.0,0.0,0.0,0,0,0,0.0,2.2666666666666666,False,0.0,0.0,0.0,0,,,
37a197a4a78796f6fd7a78dcfca95caa77b8ee3c45a17ed8a7f1a1adbc928d14,4,2024-03-01 07:56:31,2024-03-01 08:18:39,249,0.8674698795180723,38.285140562249,93.19999999999999,0.611111111111111,0.6666666666666666,2.4,0,0,0,14.165555555555557,22.133333333333333,True,0.0,38.285140562249,44.13425925925926,0,0.0,0.0,0.0
37a197a4a78796f6fd7a78dcfca95caa77b8ee3c45a17ed8a7f1a1adbc928d14,5,2024-03-01 09:19:04,2024-03-01 09:19:04,1,0.0,0.0,0.0,0.0,0.0,0.0,0,0,0,0.0,0.0,False,0.0,0.0,0.0,0,,,
37a197a4a78796f6fd7a78dcfca95caa77b8ee3c45a17ed8a7f1a1adbc928d14,6,2024-03-01 10:19:53,2024-03-01 10:19:53,1,0.0,0.0,0.0,0.0,0.0,0.0,0,0,0,0.0,0.0,False,0.0,0.0,0.0,0,,,
37a197a4a78796f6fd7a78dcfca95caa77b8ee3c45a17ed8a7f1a1adbc928d14,7,2024-03-01 11:30:54,2024-03-01 11:30:54,1,0.0,0.0,0.0,0.0,0.0,0.0,0,0,0,0.0,0.0,False,0.0,0.0,0.0,0,,,
37a197a4a78796f6fd7a78dcfca95caa77b8ee3c45a17ed8a7f1a1adbc928d14,8,2024-03-01 12:41:43,2024-03-01 12:41:43,1,0.0,0.0,0.0,0.0,0.0,0.0,0,0,0,0.0,0.0,False,0.0,0.0,0.0,0,,,
37a197a4a78796f6fd7a78dcfca95caa77b8ee3c45a17ed8a7f1a1adbc928d14,9,2024-03-01 13:52:09,2024-03-01 13:52:09,1,0.0,0.0,0.0,0.0,0.0,0.0,0,0,0,0.0,0.0,False,0.0,0.0,0.0,0,,,
37a197a4a78796f6fd7a78dcfca95caa77b8ee3c45a17ed8a7f1a1adbc928d14,10,2024-03-01 15:04:38,2024-03-01 15:04:38,1,0.0,0.0,0.0,0.0,0.0,0.0,0,0,0,0.0,0.0,False,0.0,0.0,0.0,0,,,
37a197a4a78796f6fd7a78dcfca95caa77b8ee3c45a17ed8a7f1a1adbc928d14,11,2024-03-01 15:24:30,2024-03-01 15:37:32,105,0.8,30.914285714285715,61.0,0.5814814814814812,0.5740740740740736,2.066666666666665,0,0,0,8.818333333333332,13.033333333333333,True,0.0,30.914285714285715,38.642857142857146,0,0.0,0.0,0.0
37a197a4a78796f6fd7a78dcfca95caa77b8ee3c45a17ed8a7f1a1adbc928d14,12,2024-03-01 16:15:35,2024-03-01 16:15:35,1,0.0,0.0,0.0,0.0,0.0,0.0,0,0,0,0.0,0.0,False,0.0,0.0,0.0,0,,,
37a197a4a78796f6fd7a78dcfca95caa77b8ee3c45a17ed8a7f1a1adbc928d14,13,2024-03-01 17:07:11,2024-03-01 17:21:24,101,0.900990099009901,42.039603960396036,79.0,0.611111111111111,0.7222222222222222,2.6,0,0,0,6.747777777777777,14.216666666666667,True,0.0,42.039603960396036,46.65934065934066,0,0.0,0.0,0.0
37a197a4a78796f6fd7a78dcfca95caa77b8ee3c45a17ed8a7f1a1adbc928d14,14,2024-03-01 17:36:28,2024-03-01 17:40:01,41,0.36585365853658536,4.804878048780488,18.0,0.18518518518518526,0.2777777777777778,1.0,0,0,0,0.2919444444444444,3.55,True,0.0,4.804878048780488,13.133333333333333,0,0.0,0.0,0.0
397edfa1e0294470c07223144d5a848a0e2c65b7a15997f74385e62c131343ce,1,2024-03-01 02:02:20,2024-03-01 02:02:20,1,0.0,0.0,0.0,0.0,0.0,0.0,0,0,0,0.0,0.0,False,1.0,0.0,0.0,0,,,
397edfa1e0294470c07223144d5a848a0e2c65b7a15997f74385e62c131343ce,2,2024-03-01 03:17:30,2024-03-01 03:17:30,1,0.0,0.0,0.0,0.0,0.0,0.0,0,0,0,0.0,0.0,False,1.0,0.0,0.0,0,,,
397edfa1e0294470c07223144d5a848a0e2c65b7a15997f74385e62c131343ce,3,2024-03-01 04:28:41,2024-03-01 04:28:41,1,1.0,1.0,1.0,0.0,0.0,0.0,0,0,0,0.0,0.0,False,1.0,1.0,1.0,0,,,
397edfa1e0294470c07223144d5a848a0e2c65b7a15997f74385e62c131343ce,4,2024-03-01 06:51:55,2024-03-01 06:51:55,1,0.0,0.0,0.0,0.0,0.0,0.0,0,0,0,0.0,0.0,False,0.0,0.0,0.0,0,,,
397edfa1e0294470c07223144d5a848a0e2c65b7a15997f74385e62c131343ce,5,2024-03-01 08:03:02,2024-03-01 08:03:02,1,0.0,0.0,0.0,0.0,0.0,0.0,0,0,0,0.0,0.0,False,0.0,0.0,0.0,0,,,
397edfa1e0294470c07223144d5a848a0e2c65b7a15997f74385e62c131343ce,6,2024-03-01 09:14:30,2024-03-01 09:14:30,1,1.0,3.0,3.0,0.0,0.0,0.0,0,0,0,0.0,0.0,False,0.0,3.0,3.0,0,,,
397edfa1e0294470c07223144d5a848a0e2c65b7a15997f74385e62c131343ce,7,2024-03-01 10:28:07,2024-03-01 10:35:21,38,0.9210526315789473,16.026315789473685,38.3,0.7069444444444443,0.6791666666666659,2.4449999999999976,0,0,0,0.9638888888888888,7.233333333333333,True,0.0,16.026315789473685,17.4,0,0.0,0.0,0.0
397edfa1e0294470c07223144d5a848a0e2c65b7a15997f74385e62c131343ce,8,2024-03-01 10:40:26,2024-03-01 10:41:32,16,0.3125,2.75,10.25,0.24305555555555555,0.5486111111111112,1.975,0,0,0,0.02722222222222222,1.1,True,0.0,2.75,8.8,0,0.0,0.0,0.0
397edfa1e0294470c07223144d5a848a0e2c65b7a15997f74385e62c131343ce,9,2024-03-01 11:28:01,2024-03-01 11:28:01,1,0.0,0.0,0.0,0.0,0.0,0.0,0,0,0,0.0,0.0,False,0.0,0.0,0.0,0,,,
397edfa1e0294470c07223144d5a848a0e2c65b7a15997f74385e62c131343ce,10,2024-03-01 12:27:46,2024-03-01 12:27:46,1,0.0,0.0,0.0,0.0,0.0,0.0,0,0,0,0.0,0.0,False,0.0,0.0,0.0,0,,,
397edfa1e0294470c07223144d5a848a0e2c65b7a15997f74385e62c131343ce,11,2024-03-01 15:00:48,2024-03-01 15:00:48,1,1.0,1.0,1.0,0.0,0.0,0.0,0,0,0,0.0,0.0,False,0.0,1.0,1.0,0,,,
3a6189f58a9447b5221f61d0e2f7b098b4ca0e1d05c2333382f00040cbd76ee2,1,2024-03-01 07:00:27,2024-03-01 07:00:27,1,1.0,5.0,5.0,0.0,0.0,0.0,0,0,0,0.0,0.0,False,0.0,5.0,5.0,0,,,
3a6189f58a9447b5221f61d0e2f7b098b4ca0e1d05c2333382f00040cbd76ee2,2,2024-03-01 08:12:12,2024-03-01 08:12:12,1,0.0,0.0,0.0,0.0,0.0,0.0,0,0,0,0.0,0.0,False,0.0,0.0,0.0,0,,,
3a6189f58a9447b5221f61d0e2f7b098b4ca0e1d05c2333382f00040cbd76ee2,3,2024-03-01 10:35:51,2024-03-01 10:35:51,1,0.0,0.0,0.0,0.0,0.0,0.0,0,0,0,0.0,0.0,False,0.0,0.0,0.0,0,,,
3a6189f58a9447b5221f61d0e2f7b098b4ca0e1d05c2333382f00040cbd76ee2,4,2024-03-01 12:59:30,2024-03-01 12:59:30,1,0.0,0.0,0.0,0.0,0.0,0.0,0,0,0,0.0,0.0,False,0.0,0.0,0.0,0,,,
3a6189f58a9447b5221f61d0e2f7b098b4ca0e1d05c2333382f00040cbd76ee2,5,2024-03-01 16:32:50,2024-03-01 16:32:50,1,0.0,0.0,0.0,0.0,0.0,0.0,0,0,0,0.0,0.0,False,0.0,0.0,0.0,0,,,
3a6221015855a35edcd1cb8d797cf70a1c8929c2a6dd6e17725366cdfac8e464,1,2024-03-01 07:57:10,2024-03-01 07:58:10,2,0.0,0.0,0.0,0.0,0.0,0.0,0,0,0,0.0,1.0,False,0.0,0.0,0.0,0,,,
3a6221015855a35edcd1cb8d797cf70a1c8929c2a6dd6e17725366cdfac8e464,2,2024-03-01 08:35:00,2024-03-01 08:50:50,190,0.7842105263157895,22.426315789473684,52.099999999999966,0.7324074074074071,1.0305555555555546,3.7099999999999964,0,0,0,6.08361111111111,15.833333333333334,True,0.0,22.426315789473684,28.59731543624161,0,0.0,0.0,0.0
3a6221015855a35edcd1cb8d797cf70a1c8929c2a6dd6e17725366cdfac8e464,3,2024-03-01 09:51:17,2024-03-01 09:51:17,1,0.0,0.0,0.0,0.0,0.0,0.0,0,0,0,0.0,0.0,False,0.0,0.0,0.0,0,,,
3a6221015855a35edcd1cb8d797cf70a1c8929c2a6dd6e17725366cdfac8e464,4,2024-03-01 14:30:57,2024-03-01 14:30:57,1,0.0,0.0,0.0,0.0,0.0,0.0,0,0,0,0.0,0.0,False,0.0,0.0,0.0,0,,,
3a6221015855a35edcd1cb8d797cf70a1c8929c2a6dd6e17725366cdfac8e464,5,2024-03-01 15:00:06,2024-03-01 15:21:12,260,0.5923076923076923,10.434615384615384,40.099999999999966,0.6152777777777766,0.8333333333333333,3.0,2,0,0,3.378888888888888,21.1,True,0.0,10.434615384615384,17.616883116883116,0,0.0,0.5919105557382441,0.0
3a6221015855a35edcd1cb8d797cf70a1c8929c2a6dd6e17725366cdfac8e464,6,2024-03-01 15:28:09,2024-03-01 15:31:33,42,0.47619047619047616,14.380952380952381,65.44999999999996,0.8222222222222212,1.1768518518518498,4.236666666666658,0,1,0,0.8091666666666667,3.4,True,0.0,14.380952380952381,30.2,0,1.2358393408856847,0.0,0.0
3a6221015855a35edcd1cb8d797cf70a1c8929c2a6dd6e17725366cdfac8e464,7,2024-03-01 15:54:27,2024-03-01 15:54:27,1,0.0,0.0,0.0,0.0,0.0,0.0,0,0,0,0.0,0.0,False,0.0,0.0,0.0,0,,,
3a6221015855a35edcd1cb8d797cf70a1c8929c2a6dd6e17725366cdfac8e464,8,2024-03-01 17:25:39,2024-03-01 17:25:39,1,0.0,0.0,0.0,0.0,0.0,0.0,0,0,0,0.0,0.0,False,0.0,0.0,0.0,0,,,
3a64f855f585e9c2cd497605dd1172c761cd349b0c43a5495686929849c97933,1,2024-03-01 04:37:31,2024-03-01 04:37:31,1,0.0,0.0,0.0,0.0,0.0,0.0,0,0,0,0.0,0.0,False,1.0,0.0,0.0,0,,,
3a64f855f585e9c2cd497605dd1172c761cd349b0c43a5495686929849c97933,2,2024-03-01 06:53:19,2024-03-01 06:53:19,1,0.0,0.0,0.0,0.0,0.0,0.0,0,0,0,0.0,0.0,False,0.0,0.0,0.0,0,,,
3a64f855f585e9c2cd497605dd1172c761cd349b0c43a5495686929849c97933,3,2024-03-01 08:01:14,2024-03-01 08:01:14,1,1.0,3.0,3.0,0.0,0.0,0.0,0,0,0,0.0,0.0,False,0.0,3.0,3.0,0,,,
3a64f855f585e9c2cd497605dd1172c761cd349b0c43a5495686929849c97933,4,2024-03-01 11:25:08,2024-03-01 11:25:08,1,1.0,1.0,1.0,0.0,0.0,0.0,0,0,0,0.0,0.0,False,0.0,1.0,1.0,0,,,
3aeaf6e4baf0dc3c7bd36d4fe698498bb034a099d2853dbfced5be1f7d3515f3,1,2024-03-01 06:47:55,2024-03-01 06:48:55,2,0.0,0.0,0.0,0.0,0.0,0.0,0,0,0,0.0,1.0,False,0.0,0.0,0.0,0,,,
3aeaf6e4baf0dc3c7bd36d4fe698498bb034a099d2853dbfced5be1f7d3515f3,2,2024-03-01 07:34:56,2024-03-01 08:20:16,515,0.829126213592233,16.304854368932038,48.0,0.6018518518518519,0.7222222222222221,2.6,1,0,0,12.448333333333332,45.333333333333336,True,0.0,16.304854368932038,19.66510538641686,0,0.0,0.0803320390949257,0.0
3aeaf6e4baf0dc3c7bd36d4fe698498bb034a099d2853dbfced5be1f7d3515f3,3,2024-03-01 08:56:07,2024-03-01 08:56:07,1,1.0,1.0,1.0,0.0,0.0,0.0,0,0,0,0.0,0.0,False,0.0,1.0,1.0,0,,,
3aeaf6e4baf0dc3c7bd36d4fe698498bb034a099d2853dbfced5be1f7d3515f3,4,2024-03-01 09:56:19,2024-03-01 09:56:19,1,0.0,0.0,0.0,0.0,0.0,0.0,0,0,0,0.0,0.0,False,0.0,0.0,0.0,0,,,
3aeaf6e4baf0dc3c7bd36d4fe698498bb034a099d2853dbfced5be1f7d3515f3,5,2024-03-01 11:06:05,2024-03-01 11:16:28,107,0.7289719626168224,17.934579439252335,38.0,0.5092592592592592,0.6888888888888876,2.4799999999999955,0,0,0,3.3802777777777777,10.383333333333333,True,0.0,17.934579439252335,24.602564102564102,0,0.0,0.0,0.0
3aeaf6e4baf0dc3c7bd36d4fe698498bb034a099d2853dbfced5be1f7d3515f3,6,2024-03-01 11:23:41,2024-03-01 11:27:35,46,0.9782608695652174,13.717391304347826,24.0,0.6111111111111112,0.6944444444444443,2.5,0,0,0,0.9091666666666667,3.9,True,0.0,13.717391304347826,14.022222222222222,0,0.0,0.0,0.0
3aeaf6e4baf0dc3c7bd36d4fe698498bb034a099d2853dbfced5be1f7d3515f3,7,2024-03-01 12:45:08,2024-03-01 13:02:45,154,0.6558441558441559,15.46103896103896,42.69999999999999,0.5254629629629627,0.5254629629629627,1.8916666666666657,0,0,0,5.295,17.616666666666667,True,0.0,15.46103896103896,23.574257425742573,0,0.0,0.0,0.0
3aeaf6e4baf0dc3c7bd36d4fe698498bb034a099d2853dbfced5be1f7d3515f3,8,2024-03-01 14:03:16,2024-03-01 14:03:16,1,0.0,0.0,0.0,0.0,0.0,0.0,0,0,0,0.0,0.0,False,0.0,0.0,0.0,0,,,
3aeaf6e4baf0dc3c7bd36d4fe698498bb034a099d2853dbfced5be1f7d3515f3,9,2024-03-01 16:15:30,2024-03-01 16:15:30,1,0.0,0.0,0.0,0.0,0.0,0.0,0,0,0,0.0,0.0,False,0.0,0.0,0.0,0,,,
3b0e9fa586008a2bc46bd5a5d4160b7e86c1017214c5b6a34b7e2b2d5d194982,1,2024-03-01 14:41:09,2024-03-01 14:41:09,1,1.0,5.0,5.0,0.0,0.0,0.0,0,0,0,0.0,0.0,False,0.0,5.0,5.0,0,,,
3b6d0ef837db0fae9424344b125b0d480882e1955570623b102fc1ac204ba333,1,2024-03-01 01:04:29,2024-03-01 01:04:29,1,0.0,0.0,0.0,0.0,0.0,0.0,0,0,0,0.0,0.0,False,1.0,0.0,0.0,0,,,
3b6d0ef837db0fae9424344b125b0d480882e1955570623b102fc1ac204ba333,2,2024-03-01 02:17:12,2024-03-01 02:17:12,1,1.0,1.0,1.0,0.0,0.0,0.0,0,0,0,0.0,0.0,False,1.0,1.0,1.0,0,,,
3b6d0ef837db0fae9424344b125b0d480882e1955570623b102fc1ac204ba333,3,2024-03-01 03:30:04,2024-03-01 03:30:04,1,0.0,0.0,0.0,0.0,0.0,0.0,0,0,0,0.0,0.0,False,1.0,0.0,0.0,0,,,
3b6d0ef837db0fae9424344b125b0d480882e1955570623b102fc1ac204ba333,4,2024-03-01 04:42:40,2024-03-01 04:42:40,1,1.0,1.0,1.0,0.0,0.0,0.0,0,0,0,0.0,0.0,False,1.0,1.0,1.0,0,,,
3b6d0ef837db0fae9424344b125b0d480882e1955570623b102fc1ac204ba333,5,2024-03-01 05:55:25,2024-03-01 05:55:25,1,1.0,1.0,1.0,0.0,0.0,0.0,0,0,0,0.0,0.0,False,1.0,1.0,1.0,0,,,
3b6d0ef837db0fae9424344b125b0d480882e1955570623b102fc1ac204ba333,6,2024-03-01 07:08:11,2024-03-01 07:08:11,1,0.0,0.0,0.0,0.0,0.0,0.0,0,0,0,0.0,0.0,False,0.0,0.0,0.0,0,,,
3b6d0ef837db0fae9424344b125b0d480882e1955570623b102fc1ac204ba333,7,2024-03-01 08:20:59,2024-03-01 08:20:59,1,0.0,0.0,0.0,0.0,0.0,0.0,0,0,0,0.0,0.0,False,0.0,0.0,0.0,0,,,
3b6d0ef837db0fae9424344b125b0d480882e1955570623b102fc1ac204ba333,8,2024-03-01 09:33:44,2024-03-01 09:33:44,1,0.0,0.0,0.0,0.0,0.0,0.0,0,0,0,0.0,0.0,False,0.0,0.0,0.0,0,,,
3b6d0ef837db0fae9424344b125b0d480882e1955570623b102fc1ac204ba333,9,2024-03-01 10:46:28,2024-03-01 10:46:28,1,0.0,0.0,0.0,0.0,0.0,0.0,0,0,0,0.0,0.0,False,0.0,0.0,0.0,0,,,
3b6d0ef837db0fae9424344b125b0d480882e1955570623b102fc1ac204ba333,10,2024-03-01 12:01:16,2024-03-01 12:01:16,1,0.0,0.0,0.0,0.0,0.0,0.0,0,0,0,0.0,0.0,False,0.0,0.0,0.0,0,,,
3b6d0ef837db0fae9424344b125b0d480882e1955570623b102fc1ac204ba333,11,2024-03-01 13:00:53,2024-03-01 13:02:12,16,0.9375,22.6875,39.25,1.222222222222222,1.5277777777777775,5.5,0,0,0,0.5383333333333332,1.3166666666666667,True,0.0,22.6875,24.2,0,0.0,0.0,0.0
3b6d0ef837db0fae9424344b125b0d480882e1955570623b102fc1ac204ba333,12,2024-03-01 13:34:27,2024-03-01 13:39:41,61,0.8524590163934426,25.19672131147541,46.0,0.9444444444444443,1.111111111111111,4.0,0,0,0,2.1875,5.233333333333333,True,0.0,25.19672131147541,29.557692307692307,0,0.0,0.0,0.0
3b6d0ef837db0fae9424344b125b0d480882e1955570623b102fc1ac204ba333,13,2024-03-01 14:39:52,2024-03-01 14:39:52,1,0.0,0.0,0.0,0.0,0.0,0.0,0,0,0,0.0,0.0,False,0.0,0.0,0.0,0,,,
3b6d0ef837db0fae9424344b125b0d480882e1955570623b102fc1ac204ba333,14,2024-03-01 15:40:30,2024-03-01 15:40:30,1,0.0,0.0,0.0,0.0,0.0,0.0,0,0,0,0.0,0.0,False,0.0,0.0,0.0,0,,,
3b6d0ef837db0fae9424344b125b0d480882e1955570623b102fc1ac204ba333,15,2024-03-01 16:52:32,2024-03-01 16:52:32,1,0.0,0.0,0.0,0.0,0.0,0.0,0,0,0,0.0,0.0,False,0.0,0.0,0.0,0,,,
3b6d0ef837db0fae9424344b125b0d480882e1955570623b102fc1ac204ba333,16,2024-03-01 18:04:45,2024-03-01 18:04:45,1,0.0,0.0,0.0,0.0,0.0,0.0,0,0,0,0.0,0.0,False,0.0,0.0,0.0,0,,,
3c6ed31f1b7b8f50dfbd802de18d7ee730564cfab1ea0a47fbd5486cecb57515,1,2024-03-01 01:02:42,2024-03-01 01:12:41,51,0.47058823529411764,5.0,23.5,0.6944444444444444,0.6111111111111112,2.2,0,0,0,0.3225,9.983333333333333,True,1.0,5.0,10.625,0,0.0,0.0,0.0
3c6ed31f1b7b8f50dfbd802de18d7ee730564cfab1ea0a47fbd5486cecb57515,2,2024-03-01 01:20:11,2024-03-01 01:27:18,83,0.7831325301204819,15.072289156626505,38.0,0.8277777777777773,0.6101851851851852,2.1966666666666663,0,0,0,1.82,7.116666666666666,True,1.0,15.072289156626505,19.246153846153845,0,0.0,0.0,0.0
3c6ed31f1b7b8f50dfbd802de18d7ee730564cfab1ea0a47fbd5486cecb57515,3,2024-03-01 01:32:23,2024-03-01 01:51:09,209,0.28708133971291866,3.8086124401913874,27.0,0.3611111111111104,0.36666666666666636,1.3199999999999987,0,0,0,1.1355555555555557,18.766666666666666,True,1.0,3.8086124401913874,13.266666666666667,0,0.0,0.0,0.0
3c6ed31f1b7b8f50dfbd802de18d7ee730564cfab1ea0a47fbd5486cecb57515,4,2024-03-01 02:02:13,2024-03-01 02:04:53,31,0.7096774193548387,3.5483870967741935,9.0,0.20370370370370372,0.20370370370370372,0.7333333333333334,0,0,0,0.16194444444444445,2.6666666666666665,True,1.0,3.5483870967741935,5.0,0,0.0,0.0,0.0
3c6ed31f1b7b8f50dfbd802de18d7ee730564cfab1ea0a47fbd5486cecb57515,5,2024-03-01 02:12:41,2024-03-01 02:22:03,102,0.19607843137254902,1.5490196078431373,11.949999999999989,0.10902777777777731,0.11111111111111112,0.4,0,0,0,0.2711111111111111,9.366666666666667,False,1.0,1.5490196078431373,7.9,0,0.0,0.0,0.0
3c6ed31f1b7b8f50dfbd802de18d7ee730564cfab1ea0a47fbd5486cecb57515,6,2024-03-01 02:27:20,2024-03-01 02:28:02,9,0.6666666666666666,8.333333333333334,19.999999999999996,0.9444444444444442,0.5999999999999999,2.1599999999999997,0,0,0,0.10805555555555554,0.7,True,1.0,8.333333333333334,12.5,0,0.0,0.0,0.0
3c6ed31f1b7b8f50dfbd802de18d7ee730564cfab1ea0a47fbd5486cecb57515,7,2024-03-01 02:40:53,2024-03-01 02:48:33,77,0.4935064935064935,13.545454545454545,42.400000000000006,1.0,0.8333333333333334,3.0,0,0,0,1.4927777777777778,7.666666666666667,True,1.0,13.545454545454545,27.44736842105263,0,0.0,0.0,0.0
3c6ed31f1b7b8f50dfbd802de18d7ee730564cfab1ea0a47fbd5486cecb57515,8,2024-03-01 12:52:01,2024-03-01 12:53:49,22,0.9090909090909091,26.136363636363637,49.9,0.49444444444444435,1.085648148148148,3.908333333333332,0,0,0,0.7877777777777776,1.8,True,0.0,26.136363636363637,28.75,0,0.0,0.0,0.0
3c6ed31f1b7b8f50dfbd802de18d7ee730564cfab1ea0a47fbd5486cecb57515,9,2024-03-01 13:54:25,2024-03-01 13:54:25,1,0.0,0.0,0.0,0.0,0.0,0.0,0,0,0,0.0,0.0,False,0.0,0.0,0.0,0,,,
3c6ed31f1b7b8f50dfbd802de18d7ee730564cfab1ea0a47fbd5486cecb57515,10,2024-03-01 15:33:25,2024-03-01 15:43:23,104,0.8653846153846154,18.557692307692307,39.69999999999999,0.7138888888888885,0.6111111111111112,2.2,0,0,0,2.8416666666666663,9.966666666666667,True,0.0,18.557692307692307,21.444444444444443,0,0.0,0.0,0.0
3c6ed31f1b7b8f50dfbd802de18d7ee730564cfab1ea0a47fbd5486cecb57515,11,2024-03-01 16:03:17,2024-03-01 16:14:54,125,0.744,37.312,81.0,0.8111111111111107,0.8055555555555551,2.8999999999999986,0,0,0,6.771388888888889,11.616666666666667,True,0.0,37.312,50.1505376344086,0,0.0,0.0,0.0
3c6ed31f1b7b8f50dfbd802de18d7ee730564cfab1ea0a47fbd5486cecb57515,12,2024-03-01 16:29:42,2024-03-01 16:39:37,108,0.8240740740740741,40.74074074074074,111.64999999999999,1.111111111111111,1.0361111111111105,3.729999999999998,0,0,0,6.188333333333334,9.916666666666666,True,0.0,40.74074074074074,49.438202247191015,0,0.0,0.0,0.0
3c6ed31f1b7b8f50dfbd802de18d7ee730564cfab1ea0a47fbd5486cecb57515,13,2024-03-01 17:15:02,2024-03-01 17:20:41,25,0.68,14.52,38.0,1.1111111111111103,0.9222222222222218,3.319999999999999,0,0,0,1.5686111111111114,5.65,True,0.0,14.52,21.352941176470587,0,0.0,0.0,0.0
3c6ed31f1b7b8f50dfbd802de18d7ee730564cfab1ea0a47fbd5486cecb57515,14,2024-03-01 18:21:19,2024-03-01 18:21:42,2,0.0,0.0,0.0,0.0,0.0,0.0,0,0,0,0.0,0.38333333333333336,False,0.0,0.0,0.0,0,,,
3c7df6c8ec2e23d3f085f4f20d492eb44e144136a7ae0767a4450411f6397e57,1,2024-03-01 09:13:23,2024-03-01 09:19:59,66,0.7878787878787878,21.045454545454547,41.5,0.7916666666666667,0.611111111111111,2.2,0,0,0,2.018333333333333,6.6,True,0.0,21.045454545454547,26.71153846153846,0,0.0,0.0,0.0
3c7df6c8ec2e23d3f085f4f20d492eb44e144136a7ae0767a4450411f6397e57,2,2024-03-01 10:31:29,2024-03-01 10:36:49,58,0.8448275862068966,15.10344827586207,33.3,0.7222222222222221,0.8749999999999996,3.1499999999999986,0,0,0,1.3369444444444443,5.333333333333333,True,0.0,15.10344827586207,17.877551020408163,0,0.0,0.0,0.0
3c7df6c8ec2e23d3f085f4f20d492eb44e144136a7ae0767a4450411f6397e57,3,2024-03-01 10:48:22,2024-03-01 10:50:05,9,0.6666666666666666,5.777777777777778,18.4,0.1363636363636363,0.4499999999999999,1.6199999999999994,0,0,0,0.0911111111111111,1.7166666666666666,True,0.0,5.777777777777778,8.666666666666666,0,0.0,0.0,0.0
3d35ecb52a5ae0221dfcbf65bfe9abb86950e2745e7ed579706fd32791c54b24,1,2024-03-01 16:57:20,2024-03-01 16:57:20,1,1.0,3.0,3.0,0.0,0.0,0.0,0,0,0,0.0,0.0,False,0.0,3.0,3.0,0,,,
3dc787fed711fb285a301b56d91005558e95ba015bb745342cefd0e958b81e26,1,2024-03-01 00:48:12,2024-03-01 00:48:12,1,1.0,5.0,5.0,0.0,0.0,0.0,0,0,0,0.0,0.0,False,1.0,5.0,5.0,0,,,
3dc787fed711fb285a301b56d91005558e95ba015bb745342cefd0e958b81e26,2,2024-03-01 06:55:59,2024-03-01 06:55:59,1,1.0,5.0,5.0,0.0,0.0,0.0,0,0,0,0.0,0.0,False,0.0,5.0,5.0,0,,,
3dc787fed711fb285a301b56d91005558e95ba015bb745342cefd0e958b81e26,3,2024-03-01 13:03:53,2024-03-01 13:10:25,79,0.9113924050632911,53.65822784810127,103.19999999999999,0.8611111111111102,1.1277777777777767,4.059999999999997,0,0,0,5.906666666666666,6.533333333333333,True,0.0,53.65822784810127,58.875,0,0.0,0.0,0.0
3dc787fed711fb285a301b56d91005558e95ba015bb745342cefd0e958b81e26,4,2024-03-01 14:10:23,2024-03-01 14:10:23,1,0.0,0.0,0.0,0.0,0.0,0.0,0,0,0,0.0,0.0,False,0.0,0.0,0.0,0,,,
3dc787fed711fb285a301b56d91005558e95ba015bb745342cefd0e958b81e26,5,2024-03-01 15:10:18,2024-03-01 15:10:18,1,0.0,0.0,0.0,0.0,0.0,0.0,0,0,0,0.0,0.0,False,0.0,0.0,0.0,0,,,
3dc787fed711fb285a301b56d91005558e95ba015bb745342cefd0e958b81e26,6,2024-03-01 16:12:25,2024-03-01 16:14:58,30,0.9666666666666667,64.35,96.0,0.32083333333333336,0.9571759259259235,3.4458333333333244,0,0,0,2.7215277777777773,2.55,True,0.0,64.35,66.56896551724138,0,0.0,0.0,0.0
3eeed9d646ee0c57afa2255e9d813575eb77135a815019488aaeb503687c8a27,1,2024-03-01 08:24:44,2024-03-01 08:24:44,1,1.0,3.0,3.0,0.0,0.0,0.0,0,0,0,0.0,0.0,False,0.0,3.0,3.0,0,,,
3eeed9d646ee0c57afa2255e9d813575eb77135a815019488aaeb503687c8a27,2,2024-03-01 09:32:58,2024-03-01 09:32:58,1,1.0,1.0,1.0,0.0,0.0,0.0,0,0,0,0.0,0.0,False,0.0,1.0,1.0,0,,,
3eeed9d646ee0c57afa2255e9d813575eb77135a815019488aaeb503687c8a27,3,2024-03-01 10:02:22,2024-03-01 10:08:26,63,0.9365079365079365,24.857142857142858,49.8,1.2944444444444438,1.0944444444444439,3.939999999999999,1,0,0,2.1177777777777775,6.066666666666666,True,0.0,24.857142857142858,26.54237288135593,0,0.0,0.47219307450157405,0.0
3ef7957de4dbd5a9e31aa9d6fb2c07d2bc51f7bb10b274387e38ef9e5ffa3ddf,1,2024-03-01 01:42:47,2024-03-01 01:42:47,1,0.0,0.0,0.0,0.0,0.0,0.0,0,0,0,0.0,0.0,False,1.0,0.0,0.0,0,,,
3ef7957de4dbd5a9e31aa9d6fb2c07d2bc51f7bb10b274387e38ef9e5ffa3ddf,2,2024-03-01 03:58:51,2024-03-01 03:58:51,1,1.0,1.0,1.0,0.0,0.0,0.0,0,0,0,0.0,0.0,False,1.0,1.0,1.0,0,,,
3ef7957de4dbd5a9e31aa9d6fb2c07d2bc51f7bb10b274387e38ef9e5ffa3ddf,3,2024-03-01 05:09:13,2024-03-01 05:09:13,1,0.0,0.0,0.0,0.0,0.0,0.0,0,0,0,0.0,0.0,False,1.0,0.0,0.0,0,,,
3ef7957de4dbd5a9e31aa9d6fb2c07d2bc51f7bb10b274387e38ef9e5ffa3ddf,4,2024-03-01 06:04:49,2024-03-01 06:28:17,258,0.9496124031007752,47.70542635658915,101.0,0.6032407407407404,0.7222222222222221,2.6,0,0,0,19.670555555555556,23.466666666666665,True,0.0,47.70542635658915,50.23673469387755,0,0.0,0.0,0.0
3f5a831d794b78ff549b425475c31cad57a6dd246e9134f9e4eac05ff112b491,1,2024-03-01 12:06:56,2024-03-01 12:11:57,59,0.9322033898305084,45.11864406779661,77.0,0.6166666666666663,0.8333333333333328,3.0,0,0,0,3.861666666666667,5.016666666666667,True,0.0,45.11864406779661,48.4,0,0.0,0.0,0.0
3f5a831d794b78ff549b425475c31cad57a6dd246e9134f9e4eac05ff112b491,2,2024-03-01 12:35:07,2024-03-01 12:41:05,70,0.7714285714285715,13.114285714285714,35.19999999999999,0.8638888888888888,0.7097222222222221,2.5549999999999997,0,0,0,1.329722222222222,5.966666666666667,True,0.0,13.114285714285714,17.0,0,0.0,0.0,0.0
3f5a831d794b78ff549b425475c31cad57a6dd246e9134f9e4eac05ff112b491,3,2024-03-01 13:49:51,2024-03-01 13:49:51,1,0.0,0.0,0.0,0.0,0.0,0.0,0,0,0,0.0,0.0,False,0.0,0.0,0.0,0,,,
40d8d8a67ce1a44a3c8a2924f26348b8548b3cfddb8e474fcb3a8c63a80d3a5a,1,2024-03-01 00:25:17,2024-03-01 00:25:17,1,1.0,3.0,3.0,0.0,0.0,0.0,0,0,0,0.0,0.0,False,1.0,3.0,3.0,0,,,
40d8d8a67ce1a44a3c8a2924f26348b8548b3cfddb8e474fcb3a8c63a80d3a5a,2,2024-03-01 01:30:53,2024-03-01 01:30:53,1,0.0,0.0,0.0,0.0,0.0,0.0,0,0,0,0.0,0.0,False,1.0,0.0,0.0,0,,,
40d8d8a67ce1a44a3c8a2924f26348b8548b3cfddb8e474fcb3a8c63a80d3a5a,3,2024-03-01 04:50:06,2024-03-01 04:50:06,1,0.0,0.0,0.0,0.0,0.0,0.0,0,0,0,0.0,0.0,False,1.0,0.0,0.0,0,,,
40d8d8a67ce1a44a3c8a2924f26348b8548b3cfddb8e474fcb3a8c63a80d3a5a,4,2024-03-01 05:08:32,2024-03-01 05:47:21,446,0.9887892376681614,77.51121076233184,111.0,0.5439814814814815,0.5,1.8,0,0,0,50.579166666666666,38.81666666666667,True,1.0,77.51121076233184,78.39002267573696,0,0.0,0.0,0.0
410180fbeaff1e0214007812c59ca2a855602e0c3ed52e4e7127d6276165c560,1,2024-03-01 00:12:08,2024-03-01 00:12:08,1,0.0,0.0,0.0,0.0,0.0,0.0,0,0,0,0.0,0.0,False,1.0,0.0,0.0,0,,,
410180fbeaff1e0214007812c59ca2a855602e0c3ed52e4e7127d6276165c560,2,2024-03-01 05:59:20,2024-03-01 05:59:20,1,0.0,0.0,0.0,0.0,0.0,0.0,0,0,0,0.0,0.0,False,1.0,0.0,0.0,0,,,
410180fbeaff1e0214007812c59ca2a855602e0c3ed52e4e7127d6276165c560,3,2024-03-01 07:08:52,2024-03-01 07:11:10,2,0.5,4.5,8.549999999999999,0.0,0.017210144927536232,0.06195652173913043,0,0,0,0.0,2.3,False,0.0,4.5,9.0,0,,,
410180fbeaff1e0214007812c59ca2a855602e0c3ed52e4e7127d6276165c560,4,2024-03-01 07:34:02,2024-03-01 08:05:52,343,0.8950437317784257,42.265306122448976,79.0,0.6111111111111114,0.7111111111111085,2.559999999999991,0,0,0,22.751388888888886,31.833333333333332,True,0.0,42.265306122448976,47.22149837133551,0,0.0,0.0,0.0
410180fbeaff1e0214007812c59ca2a855602e0c3ed52e4e7127d6276165c560,5,2024-03-01 09:05:51,2024-03-01 09:05:51,1,0.0,0.0,0.0,0.0,0.0,0.0,0,0,0,0.0,0.0,False,0.0,0.0,0.0,0,,,
410180fbeaff1e0214007812c59ca2a855602e0c3ed52e4e7127d6276165c560,6,2024-03-01 09:57:01,2024-03-01 09:57:39,2,0.0,0.0,0.0,0.0,0.0,0.0,0,0,0,0.0,0.6333333333333333,False,0.0,0.0,0.0,0,,,
410180fbeaff1e0214007812c59ca2a855602e0c3ed52e4e7127d6276165c560,7,2024-03-01 13:57:33,2024-03-01 14:11:17,113,0.9734513274336283,60.65486725663717,88.0,0.5777777777777773,0.7666666666666656,2.7599999999999967,0,0,0,15.890833333333331,13.733333333333333,True,0.0,60.65486725663717,62.30909090909091,0,0.0,0.0,0.0
410180fbeaff1e0214007812c59ca2a855602e0c3ed52e4e7127d6276165c560,8,2024-03-01 14:26:11,2024-03-01 14:31:52,42,0.3333333333333333,4.880952380952381,30.64999999999997,0.49444444444444396,0.49444444444444396,1.7799999999999983,0,0,0,0.2811111111111111,5.683333333333334,True,0.0,4.880952380952381,14.642857142857142,0,0.0,0.0,0.0
410180fbeaff1e0214007812c59ca2a855602e0c3ed52e4e7127d6276165c560,9,2024-03-01 15:08:33,2024-03-01 15:22:13,144,0.9305555555555556,63.25694444444444,103.0,0.5486111111111104,0.611111111111111,2.2,0,0,0,13.506666666666666,13.666666666666666,True,0.0,63.25694444444444,67.9776119402985,0,0.0,0.0,0.0
410180fbeaff1e0214007812c59ca2a855602e0c3ed52e4e7127d6276165c560,10,2024-03-01 15:51:44,2024-03-01 16:12:10,239,0.8158995815899581,28.347280334728033,74.1,0.8333333333333333,0.7916666666666663,2.849999999999999,0,0,0,9.865,20.433333333333334,True,0.0,28.347280334728033,34.743589743589745,0,0.0,0.0,0.0
410180fbeaff1e0214007812c59ca2a855602e0c3ed52e4e7127d6276165c560,11,2024-03-01 16:34:07,2024-03-01 16:39:27,54,0.7962962962962963,24.01851851851852,53.0,0.9907407407407395,0.8657407407407403,3.116666666666665,0,0,0,1.8008333333333333,5.333333333333333,True,0.0,24.01851851851852,30.162790697674417,0,0.0,0.0,0.0
410180fbeaff1e0214007812c59ca2a855602e0c3ed52e4e7127d6276165c560,12,2024-03-01 16:59:20,2024-03-01 17:06:42,96,0.8645833333333334,34.989583333333336,82.5,1.4027777777777777,1.625,5.85,0,0,0,4.35,7.366666666666666,True,0.0,34.989583333333336,40.46987951807229,0,0.0,0.0,0.0
416b422d41705c68932702a9b701691cb884e4944c02ae59e8cecfc47fdd9690,1,2024-03-01 05:49:23,2024-03-01 05:49:23,1,0.0,0.0,0.0,0.0,0.0,0.0,0,0,0,0.0,0.0,False,1.0,0.0,0.0,0,,,
416b422d41705c68932702a9b701691cb884e4944c02ae59e8cecfc47fdd9690,2,2024-03-01 05:58:05,2024-03-01 06:07:54,113,0.9380530973451328,35.21238938053097,59.0,0.7222222222222221,0.8333333333333333,3.0,0,0,0,5.785,9.816666666666666,True,0.19469026548672566,35.21238938053097,37.5377358490566,0,0.0,0.0,0.0
416b422d41705c68932702a9b701691cb884e4944c02ae59e8cecfc47fdd9690,3,2024-03-01 07:08:06,2024-03-01 07:08:06,1,0.0,0.0,0.0,0.0,0.0,0.0,0,0,0,0.0,0.0,False,0.0,0.0,0.0,0,,,
416b422d41705c68932702a9b701691cb884e4944c02ae59e8cecfc47fdd9690,4,2024-03-01 08:08:17,2024-03-01 08:08:17,1,0.0,0.0,0.0,0.0,0.0,0.0,0,0,0,0.0,0.0,False,0.0,0.0,0.0,0,,,
416b422d41705c68932702a9b701691cb884e4944c02ae59e8cecfc47fdd9690,5,2024-03-01 08:29:00,2024-03-01 08:29:00,1,0.0,0.0,0.0,0.0,0.0,0.0,0,0,0,0.0,0.0,False,0.0,0.0,0.0,0,,,
416b422d41705c68932702a9b701691cb884e4944c02ae59e8cecfc47fdd9690,6,2024-03-01 08:37:00,2024-03-01 08:39:06,2,0.0,0.0,0.0,0.0,0.0,0.0,0,0,0,0.0,2.1,False,0.0,0.0,0.0,0,,,
416b422d41705c68932702a9b701691cb884e4944c02ae59e8cecfc47fdd9690,7,2024-03-01 09:39:16,2024-03-01 09:39:16,1,0.0,0.0,0.0,0.0,0.0,0.0,0,0,0,0.0,0.0,False,0.0,0.0,0.0,0,,,
416b422d41705c68932702a9b701691cb884e4944c02ae59e8cecfc47fdd9690,8,2024-03-01 11:34:28,2024-03-01 11:34:28,1,0.0,0.0,0.0,0.0,0.0,0.0,0,0,0,0.0,0.0,False,0.0,0.0,0.0,0,,,
416b422d41705c68932702a9b701691cb884e4944c02ae59e8cecfc47fdd9690,9,2024-03-01 12:44:21,2024-03-01 12:44:21,1,0.0,0.0,0.0,0.0,0.0,0.0,0,0,0,0.0,0.0,False,0.0,0.0,0.0,0,,,
416b422d41705c68932702a9b701691cb884e4944c02ae59e8cecfc47fdd9690,10,2024-03-01 13:55:42,2024-03-01 13:55:42,1,0.0,0.0,0.0,0.0,0.0,0.0,0,0,0,0.0,0.0,False,0.0,0.0,0.0,0,,,
416b422d41705c68932702a9b701691cb884e4944c02ae59e8cecfc47fdd9690,11,2024-03-01 15:05:25,2024-03-01 15:05:25,1,0.0,0.0,0.0,0.0,0.0,0.0,0,0,0,0.0,0.0,False,0.0,0.0,0.0,0,,,
416b422d41705c68932702a9b701691cb884e4944c02ae59e8cecfc47fdd9690,12,2024-03-01 17:24:47,2024-03-01 17:27:05,2,0.0,0.0,0.0,0.0,0.0,0.0,0,0,0,0.0,2.3,False,0.0,0.0,0.0,0,,,
416b422d41705c68932702a9b701691cb884e4944c02ae59e8cecfc47fdd9690,13,2024-03-01 17:34:06,2024-03-01 17:46:28,144,0.8194444444444444,27.083333333333332,58.69999999999999,0.7379629629629629,0.6425925925925925,2.3133333333333326,0,0,0,5.641944444444444,12.366666666666667,True,0.0,27.083333333333332,33.05084745762712,0,0.0,0.0,0.0
4191e445af74cba112cf9b990ea4cec6bb2bb56ccb0f55fb7f99f299949c3218,1,2024-03-01 05:03:39,2024-03-01 05:03:39,1,0.0,0.0,0.0,0.0,0.0,0.0,0,0,0,0.0,0.0,False,1.0,0.0,0.0,0,,,
4191e445af74cba112cf9b990ea4cec6bb2bb56ccb0f55fb7f99f299949c3218,2,2024-03-01 06:17:11,2024-03-01 06:17:11,1,1.0,5.0,5.0,0.0,0.0,0.0,0,0,0,0.0,0.0,False,0.0,5.0,5.0,0,,,
4191e445af74cba112cf9b990ea4cec6bb2bb56ccb0f55fb7f99f299949c3218,3,2024-03-01 07:31:06,2024-03-01 07:31:06,1,0.0,0.0,0.0,0.0,0.0,0.0,0,0,0,0.0,0.0,False,0.0,0.0,0.0,0,,,
4191e445af74cba112cf9b990ea4cec6bb2bb56ccb0f55fb7f99f299949c3218,4,2024-03-01 08:45:04,2024-03-01 08:45:04,1,0.0,0.0,0.0,0.0,0.0,0.0,0,0,0,0.0,0.0,False,0.0,0.0,0.0,0,,,
4191e445af74cba112cf9b990ea4cec6bb2bb56ccb0f55fb7f99f299949c3218,5,2024-03-01 12:28:56,2024-03-01 12:28:56,1,0.0,0.0,0.0,0.0,0.0,0.0,0,0,0,0.0,0.0,False,0.0,0.0,0.0,0,,,
4191e445af74cba112cf9b990ea4cec6bb2bb56ccb0f55fb7f99f299949c3218,6,2024-03-01 12:52:47,2024-03-01 13:04:30,118,0.8050847457627118,29.966101694915253,59.29999999999998,0.8831018518518514,0.9527777777777772,3.4299999999999984,0,0,0,6.3566666666666665,11.716666666666667,True,0.0,29.966101694915253,37.22105263157895,0,0.0,0.0,0.0
4191e445af74cba112cf9b990ea4cec6bb2bb56ccb0f55fb7f99f299949c3218,7,2024-03-01 13:48:02,2024-03-01 13:48:02,1,0.0,0.0,0.0,0.0,0.0,0.0,0,0,0,0.0,0.0,False,0.0,0.0,0.0,0,,,
4191e445af74cba112cf9b990ea4cec6bb2bb56ccb0f55fb7f99f299949c3218,8,2024-03-01 14:48:00,2024-03-01 14:48:00,1,0.0,0.0,0.0,0.0,0.0,0.0,0,0,0,0.0,0.0,False,0.0,0.0,0.0,0,,,
4191e445af74cba112cf9b990ea4cec6bb2bb56ccb0f55fb7f99f299949c3218,9,2024-03-01 15:27:01,2024-03-01 15:27:01,1,0.0,0.0,0.0,0.0,0.0,0.0,0,0,0,0.0,0.0,False,0.0,0.0,0.0,0,,,
4191e445af74cba112cf9b990ea4cec6bb2bb56ccb0f55fb7f99f299949c3218,10,2024-03-01 16:36:20,2024-03-01 16:40:49,43,0.4883720930232558,6.023255813953488,23.599999999999994,0.5925925925925923,0.4166666666666667,1.5,0,0,0,0.38166666666666665,4.483333333333333,True,0.0,6.023255813953488,12.333333333333334,0,0.0,0.0,0.0
4191e445af74cba112cf9b990ea4cec6bb2bb56ccb0f55fb7f99f299949c3218,11,2024-03-01 16:52:06,2024-03-01 17:05:53,101,0.6534653465346535,8.841584158415841,29.0,0.611111111111111,0.5555555555555555,2.0,0,0,0,1.3013888888888887,13.783333333333333,True,0.0,8.841584158415841,13.530303030303031,0,0.0,0.0,0.0
4191e445af74cba112cf9b990ea4cec6bb2bb56ccb0f55fb7f99f299949c3218,12,2024-03-01 17:32:49,2024-03-01 17:46:39,148,0.9932432432432432,59.722972972972975,90.0,0.5856481481481484,0.4870370370370371,1.753333333333334,0,0,0,13.613055555555556,13.833333333333334,True,0.0,59.722972972972975,60.12925170068027,0,0.0,0.0,0.0
4191e445af74cba112cf9b990ea4cec6bb2bb56ccb0f55fb7f99f299949c3218,13,2024-03-01 17:59:19,2024-03-01 18:30:02,329,0.9878419452887538,102.2887537993921,131.0,0.5,0.333333333333334,1.2,0,0,0,52.451666666666654,30.716666666666665,True,0.0,102.2887537993921,103.5476923076923,0,0.0,0.0,0.0
41c1f495cb46015d5e94c5a5d45eea949a3b488c92fe6784030013cdb9346546,1,2024-03-01 00:22:26,2024-03-01 00:22:31,2,0.5,3.5,6.6499999999999995,0.0,0.3694444444444444,1.3299999999999998,0,0,0,0.0,0.08333333333333333,False,1.0,3.5,7.0,0,,,
41c1f495cb46015d5e94c5a5d45eea949a3b488c92fe6784030013cdb9346546,2,2024-03-01 01:31:31,2024-03-01 01:31:31,1,1.0,1.0,1.0,0.0,0.0,0.0,0,0,0,0.0,0.0,False,1.0,1.0,1.0,0,,,
41c1f495cb46015d5e94c5a5d45eea949a3b488c92fe6784030013cdb9346546,3,2024-03-01 03:49:55,2024-03-01 03:49:55,1,0.0,0.0,0.0,0.0,0.0,0.0,0,0,0,0.0,0.0,False,1.0,0.0,0.0,0,,,
41c1f495cb46015d5e94c5a5d45eea949a3b488c92fe6784030013cdb9346546,4,2024-03-01 04:59:11,2024-03-01 04:59:11,1,0.0,0.0,0.0,0.0,0.0,0.0,0,0,0,0.0,0.0,False,1.0,0.0,0.0,0,,,
41c1f495cb46015d5e94c5a5d45eea949a3b488c92fe6784030013cdb9346546,5,2024-03-01 06:08:29,2024-03-01 06:08:29,1,1.0,1.0,1.0,0.0,0.0,0.0,0,0,0,0.0,0.0,False,0.0,1.0,1.0,0,,,
41c1f495cb46015d5e94c5a5d45eea949a3b488c92fe6784030013cdb9346546,6,2024-03-01 07:17:49,2024-03-01 07:17:49,1,0.0,0.0,0.0,0.0,0.0,0.0,0,0,0,0.0,0.0,False,0.0,0.0,0.0,0,,,
41c1f495cb46015d5e94c5a5d45eea949a3b488c92fe6784030013cdb9346546,7,2024-03-01 08:27:09,2024-03-01 08:27:09,1,1.0,1.0,1.0,0.0,0.0,0.0,0,0,0,0.0,0.0,False,0.0,1.0,1.0,0,,,
41c1f495cb46015d5e94c5a5d45eea949a3b488c92fe6784030013cdb9346546,8,2024-03-01 13:04:10,2024-03-01 13:04:10,1,1.0,1.0,1.0,0.0,0.0,0.0,0,0,0,0.0,0.0,False,0.0,1.0,1.0,0,,,
41c1f495cb46015d5e94c5a5d45eea949a3b488c92fe6784030013cdb9346546,9,2024-03-01 14:13:32,2024-03-01 14:13:32,1,0.0,0.0,0.0,0.0,0.0,0.0,0,0,0,0.0,0.0,False,0.0,0.0,0.0,0,,,
41c1f495cb46015d5e94c5a5d45eea949a3b488c92fe6784030013cdb9346546,10,2024-03-01 16:31:18,2024-03-01 16:31:18,1,0.0,0.0,0.0,0.0,0.0,0.0,0,0,0,0.0,0.0,False,0.0,0.0,0.0,0,,,
43a41d49c4ae5e2cd4b22f7afc22d7e3b1ef72a808c9361d337e4c6072dc70e7,1,2024-03-01 03:22:53,2024-03-01 03:22:53,1,1.0,22.0,22.0,0.0,0.0,0.0,0,0,0,0.0,0.0,False,1.0,22.0,22.0,0,,,
43a41d49c4ae5e2cd4b22f7afc22d7e3b1ef72a808c9361d337e4c6072dc70e7,2,2024-03-01 04:33:20,2024-03-01 04:33:20,1,0.0,0.0,0.0,0.0,0.0,0.0,0,0,0,0.0,0.0,False,1.0,0.0,0.0,0,,,
43a41d49c4ae5e2cd4b22f7afc22d7e3b1ef72a808c9361d337e4c6072dc70e7,3,2024-03-01 09:13:20,2024-03-01 09:13:20,1,1.0,3.0,3.0,0.0,0.0,0.0,0,0,0,0.0,0.0,False,0.0,3.0,3.0,0,,,
43a41d49c4ae5e2cd4b22f7afc22d7e3b1ef72a808c9361d337e4c6072dc70e7,4,2024-03-01 12:42:41,2024-03-01 12:42:41,1,0.0,0.0,0.0,0.0,0.0,0.0,0,0,0,0.0,0.0,False,0.0,0.0,0.0,0,,,
43a41d49c4ae5e2cd4b22f7afc22d7e3b1ef72a808c9361d337e4c6072dc70e7,5,2024-03-01 15:02:01,2024-03-01 15:02:01,1,1.0,7.0,7.0,0.0,0.0,0.0,0,0,0,0.0,0.0,False,0.0,7.0,7.0,0,,,
43a41d49c4ae5e2cd4b22f7afc22d7e3b1ef72a808c9361d337e4c6072dc70e7,6,2024-03-01 16:38:17,2024-03-01 16:45:33,84,0.5714285714285714,7.9523809523809526,25.0,0.7694444444444442,0.6111111111111112,2.2,0,0,0,0.9888888888888888,7.266666666666667,True,0.0,7.9523809523809526,13.916666666666666,0,0.0,0.0,0.0
43a41d49c4ae5e2cd4b22f7afc22d7e3b1ef72a808c9361d337e4c6072dc70e7,7,2024-03-01 17:45:40,2024-03-01 17:45:40,1,0.0,0.0,0.0,0.0,0.0,0.0,0,0,0,0.0,0.0,False,0.0,0.0,0.0,0,,,
43db939f61e58e642073f69819fdc866d70748a256135b6e229dd1aa84ec8df8,1,2024-03-01 10:38:00,2024-03-01 10:38:00,1,0.0,0.0,0.0,0.0,0.0,0.0,0,0,0,0.0,0.0,False,0.0,0.0,0.0,0,,,
43db939f61e58e642073f69819fdc866d70748a256135b6e229dd1aa84ec8df8,2,2024-03-01 11:02:21,2024-03-01 11:33:47,282,0.8439716312056738,27.93617021276596,66.0,0.5092592592592592,0.6018518518518521,2.1666666666666665,0,0,0,14.428333333333333,31.433333333333334,True,0.0,27.93617021276596,33.10084033613445,0,0.0,0.0,0.0
43db939f61e58e642073f69819fdc866d70748a256135b6e229dd1aa84ec8df8,3,2024-03-01 13:22:58,2024-03-01 13:36:24,149,0.9395973154362416,49.04697986577181,77.0,0.5,0.5,1.8,0,0,0,10.755555555555555,13.433333333333334,True,0.0,49.04697986577181,52.2,0,0.0,0.0,0.0
43db939f61e58e642073f69819fdc866d70748a256135b6e229dd1aa84ec8df8,4,2024-03-01 13:42:02,2024-03-01 13:58:19,158,0.5949367088607594,13.677215189873417,44.0,0.5162037037037039,0.6032407407407409,2.171666666666667,0,1,0,3.6038888888888887,16.283333333333335,True,0.0,13.677215189873417,22.98936170212766,0,0.27747803298905505,0.0,0.0
43db939f61e58e642073f69819fdc866d70748a256135b6e229dd1aa84ec8df8,5,2024-03-01 14:07:23,2024-03-01 14:07:44,5,0.0,0.0,0.0,0.0,-0.0,-0.0,0,0,0,0.0,0.35,False,0.0,0.0,0.0,0,,,
43db939f61e58e642073f69819fdc866d70748a256135b6e229dd1aa84ec8df8,6,2024-03-01 15:07:50,2024-03-01 15:07:50,1,0.0,0.0,0.0,0.0,0.0,0.0,0,0,0,0.0,0.0,False,0.0,0.0,0.0,0,,,
43db939f61e58e642073f69819fdc866d70748a256135b6e229dd1aa84ec8df8,7,2024-03-01 17:21:15,2024-03-01 17:21:15,1,0.0,0.0,0.0,0.0,0.0,0.0,0,0,0,0.0,0.0,False,0.0,0.0,0.0,0,,,
43db939f61e58e642073f69819fdc866d70748a256135b6e229dd1aa84ec8df8,8,2024-03-01 18:13:02,2024-03-01 18:30:02,196,0.576530612244898,8.775510204081632,27.0,0.5208333333333333,0.5208333333333333,1.875,0,0,0,2.487777777777777,17.0,True,0.0,8.775510204081632,15.221238938053098,0,0.0,0.0,0.0
4406bb194d59ee3a3810e929735a5e7940f69c208eabc0603f4c9a91c3e2b75f,1,2024-03-01 00:08:35,2024-03-01 00:08:35,1,0.0,0.0,0.0,0.0,0.0,0.0,0,0,0,0.0,0.0,False,1.0,0.0,0.0,0,,,
4406bb194d59ee3a3810e929735a5e7940f69c208eabc0603f4c9a91c3e2b75f,2,2024-03-01 08:06:33,2024-03-01 08:51:15,510,0.5764705882352941,10.39607843137255,37.0,0.611111111111111,0.5555555555555556,2.0,0,0,0,7.669722222222222,44.7,True,0.0,10.39607843137255,18.034013605442176,0,0.0,0.0,0.0
4406bb194d59ee3a3810e929735a5e7940f69c208eabc0603f4c9a91c3e2b75f,3,2024-03-01 09:36:48,2024-03-01 09:52:37,170,0.7823529411764706,25.935294117647057,56.099999999999966,1.0185185185185184,1.049305555555555,3.777499999999999,0,0,0,6.509722222222222,15.816666666666666,True,0.0,25.935294117647057,33.150375939849624,0,0.0,0.0,0.0
4406bb194d59ee3a3810e929735a5e7940f69c208eabc0603f4c9a91c3e2b75f,4,2024-03-01 10:30:54,2024-03-01 10:39:48,77,0.5974025974025974,9.7012987012987,27.80000000000001,0.6703703703703713,0.7259259259259259,2.6133333333333337,0,0,0,2.04,8.9,True,0.0,9.7012987012987,16.23913043478261,0,0.0,0.0,0.0
4406bb194d59ee3a3810e929735a5e7940f69c208eabc0603f4c9a91c3e2b75f,5,2024-03-01 11:40:15,2024-03-01 11:40:15,1,0.0,0.0,0.0,0.0,0.0,0.0,0,0,0,0.0,0.0,False,0.0,0.0,0.0,0,,,
4406bb194d59ee3a3810e929735a5e7940f69c208eabc0603f4c9a91c3e2b75f,6,2024-03-01 13:50:39,2024-03-01 13:50:39,1,1.0,3.0,3.0,0.0,0.0,0.0,0,0,0,0.0,0.0,False,0.0,3.0,3.0,0,,,
4553d9584737d14780594b0755e0472243fca839eebbef7933dd27088137f2b2,1,2024-03-01 08:31:21,2024-03-01 08:31:21,1,0.0,0.0,0.0,0.0,0.0,0.0,0,0,0,0.0,0.0,False,0.0,0.0,0.0,0,,,
4553d9584737d14780594b0755e0472243fca839eebbef7933dd27088137f2b2,2,2024-03-01 09:55:51,2024-03-01 09:56:23,7,0.14285714285714285,0.14285714285714285,0.6999999999999993,0.03888888888888885,0.03240740740740738,0.11666666666666654,0,0,0,0.001388888888888889,0.5333333333333333,False,0.0,0.14285714285714285,1.0,0,0.0,0.0,0.0
4553d9584737d14780594b0755e0472243fca839eebbef7933dd27088137f2b2,3,2024-03-01 10:41:43,2024-03-01 10:56:43,176,0.8125,35.47159090909091,83.0,1.0277777777777777,0.7222222222222222,2.6,0,0,0,9.098888888888888,15.0,True,0.0,35.47159090909091,43.65734265734266,0,0.0,0.0,0.0
4553d9584737d14780594b0755e0472243fca839eebbef7933dd27088137f2b2,4,2024-03-01 11:04:50,2024-03-01 11:20:23,153,0.6078431372549019,18.73856209150327,57.80000000000001,1.0333333333333334,0.7481481481481485,2.6933333333333347,0,0,0,4.087777777777778,15.55,True,0.0,18.73856209150327,30.827956989247312,0,0.0,0.0,0.0
4553d9584737d14780594b0755e0472243fca839eebbef7933dd27088137f2b2,5,2024-03-01 12:10:01,2024-03-01 12:20:19,123,0.7154471544715447,21.650406504065042,64.0,0.8333333333333335,0.9166666666666659,3.299999999999997,0,0,0,3.7655555555555558,10.3,True,0.0,21.650406504065042,30.261363636363637,0,0.0,0.0,0.0
4553d9584737d14780594b0755e0472243fca839eebbef7933dd27088137f2b2,6,2024-03-01 13:20:53,2024-03-01 13:20:53,1,0.0,0.0,0.0,0.0,0.0,0.0,0,0,0,0.0,0.0,False,0.0,0.0,0.0,0,,,
4553d9584737d14780594b0755e0472243fca839eebbef7933dd27088137f2b2,7,2024-03-01 16:49:54,2024-03-01 16:51:18,2,0.0,0.0,0.0,0.0,0.0,0.0,0,0,0,0.0,1.4,False,0.0,0.0,0.0,0,,,
4553d9584737d14780594b0755e0472243fca839eebbef7933dd27088137f2b2,8,2024-03-01 16:58:51,2024-03-01 17:20:37,228,0.7236842105263158,17.45614035087719,53.0,0.8472222222222201,0.6833333333333307,2.459999999999991,0,0,0,6.410833333333333,21.766666666666666,True,0.0,17.45614035087719,24.12121212121212,0,0.0,0.0,0.0
4553d9584737d14780594b0755e0472243fca839eebbef7933dd27088137f2b2,9,2024-03-01 18:21:08,2024-03-01 18:21:08,1,0.0,0.0,0.0,0.0,0.0,0.0,0,0,0,0.0,0.0,False,0.0,0.0,0.0,0,,,
45e1e72691880354bac2f63a9277b1d647c7fff65bfd75c7e4ea8f782168d731,1,2024-03-01 00:53:49,2024-03-01 00:53:49,1,1.0,3.0,3.0,0.0,0.0,0.0,0,0,0,0.0,0.0,False,1.0,3.0,3.0,0,,,
45e1e72691880354bac2f63a9277b1d647c7fff65bfd75c7e4ea8f782168d731,2,2024-03-01 04:18:34,2024-03-01 04:18:34,1,0.0,0.0,0.0,0.0,0.0,0.0,0,0,0,0.0,0.0,False,1.0,0.0,0.0,0,,,
45e1e72691880354bac2f63a9277b1d647c7fff65bfd75c7e4ea8f782168d731,3,2024-03-01 05:26:55,2024-03-01 05:26:55,1,1.0,11.0,11.0,0.0,0.0,0.0,0,0,0,0.0,0.0,False,1.0,11.0,11.0,0,,,
45e1e72691880354bac2f63a9277b1d647c7fff65bfd75c7e4ea8f782168d731,4,2024-03-01 07:43:36,2024-03-01 07:43:36,1,0.0,0.0,0.0,0.0,0.0,0.0,0,0,0,0.0,0.0,False,0.0,0.0,0.0,0,,,
45e1e72691880354bac2f63a9277b1d647c7fff65bfd75c7e4ea8f782168d731,5,2024-03-01 08:51:57,2024-03-01 08:51:57,1,0.0,0.0,0.0,0.0,0.0,0.0,0,0,0,0.0,0.0,False,0.0,0.0,0.0,0,,,
45e1e72691880354bac2f63a9277b1d647c7fff65bfd75c7e4ea8f782168d731,6,2024-03-01 10:00:19,2024-03-01 10:00:19,1,1.0,1.0,1.0,0.0,0.0,0.0,0,0,0,0.0,0.0,False,0.0,1.0,1.0,0,,,
45e1e72691880354bac2f63a9277b1d647c7fff65bfd75c7e4ea8f782168d731,7,2024-03-01 10:52:29,2024-03-01 11:00:38,89,0.6067415730337079,21.44943820224719,61.0,1.0111111111111104,0.9944444444444435,3.579999999999997,0,0,0,2.6691666666666665,8.15,True,0.0,21.44943820224719,35.351851851851855,0,0.0,0.0,0.0
45e1e72691880354bac2f63a9277b1d647c7fff65bfd75c7e4ea8f782168d731,8,2024-03-01 11:45:57,2024-03-01 11:48:20,29,0.20689655172413793,3.5172413793103448,20.39999999999999,0.0,0.5055555555555545,1.8199999999999963,0,0,0,0.0575,2.3833333333333333,True,0.0,3.5172413793103448,17.0,0,0.0,0.0,0.0
45e1e72691880354bac2f63a9277b1d647c7fff65bfd75c7e4ea8f782168d731,9,2024-03-01 12:48:15,2024-03-01 12:48:15,1,0.0,0.0,0.0,0.0,0.0,0.0,0,0,0,0.0,0.0,False,0.0,0.0,0.0,0,,,
45e1e72691880354bac2f63a9277b1d647c7fff65bfd75c7e4ea8f782168d731,10,2024-03-01 16:04:32,2024-03-01 16:04:32,1,0.0,0.0,0.0,0.0,0.0,0.0,0,0,0,0.0,0.0,False,0.0,0.0,0.0,0,,,
4601344c6628df46d61fbbfeb563bb68fa7a9bd781dc847f62f1932b41bbd03a,1,2024-03-01 00:21:48,2024-03-01 00:21:48,1,1.0,11.0,11.0,0.0,0.0,0.0,0,0,0,0.0,0.0,False,1.0,11.0,11.0,0,,,
4601344c6628df46d61fbbfeb563bb68fa7a9bd781dc847f62f1932b41bbd03a,2,2024-03-01 01:38:17,2024-03-01 01:38:17,1,0.0,0.0,0.0,0.0,0.0,0.0,0,0,0,0.0,0.0,False,1.0,0.0,0.0,0,,,
4601344c6628df46d61fbbfeb563bb68fa7a9bd781dc847f62f1932b41bbd03a,3,2024-03-01 02:57:10,2024-03-01 02:57:10,1,0.0,0.0,0.0,0.0,0.0,0.0,0,0,0,0.0,0.0,False,1.0,0.0,0.0,0,,,
4601344c6628df46d61fbbfeb563bb68fa7a9bd781dc847f62f1932b41bbd03a,4,2024-03-01 04:12:55,2024-03-01 04:12:55,1,0.0,0.0,0.0,0.0,0.0,0.0,0,0,0,0.0,0.0,False,1.0,0.0,0.0,0,,,
4601344c6628df46d61fbbfeb563bb68fa7a9bd781dc847f62f1932b41bbd03a,5,2024-03-01 06:44:56,2024-03-01 06:44:56,1,1.0,1.0,1.0,0.0,0.0,0.0,0,0,0,0.0,0.0,False,0.0,1.0,1.0,0,,,
4601344c6628df46d61fbbfeb563bb68fa7a9bd781dc847f62f1932b41bbd03a,6,2024-03-01 08:01:01,2024-03-01 08:01:01,1,1.0,1.0,1.0,0.0,0.0,0.0,0,0,0,0.0,0.0,False,0.0,1.0,1.0,0,,,
4601344c6628df46d61fbbfeb563bb68fa7a9bd781dc847f62f1932b41bbd03a,7,2024-03-01 09:17:08,2024-03-01 09:19:25,2,0.0,0.0,0.0,0.0,0.0,0.0,0,0,0,0.0,2.283333333333333,False,0.0,0.0,0.0,0,,,
4601344c6628df46d61fbbfeb563bb68fa7a9bd781dc847f62f1932b41bbd03a,8,2024-03-01 09:50:22,2024-03-01 10:42:01,504,0.9265873015873016,59.120039682539684,137.0,0.9347222222222198,1.0312499999999971,3.7124999999999915,1,3,0,48.92847222222222,51.65,True,0.0,59.120039682539684,63.80406852248394,0,0.06131399293185915,0.02043799764395305,0.0
462cb427e996d58e51ff94c8b8b0a6036abbda7d4394aa9ecc283e3ac5eb183b,1,2024-03-01 13:53:04,2024-03-01 13:57:52,55,0.7090909090909091,10.6,25.0,0.2916666666666666,0.3840277777777778,1.3824999999999998,0,0,0,0.8697222222222222,4.8,True,0.0,10.6,14.948717948717949,0,0.0,0.0,0.0
462cb427e996d58e51ff94c8b8b0a6036abbda7d4394aa9ecc283e3ac5eb183b,2,2024-03-01 14:19:46,2024-03-01 14:19:46,1,0.0,0.0,0.0,0.0,0.0,0.0,0,0,0,0.0,0.0,False,0.0,0.0,0.0,0,,,
462cb427e996d58e51ff94c8b8b0a6036abbda7d4394aa9ecc283e3ac5eb183b,3,2024-03-01 14:32:32,2024-03-01 14:39:24,79,0.6708860759493671,12.012658227848101,35.0,0.697222222222222,0.7222222222222222,2.6,0,0,0,1.376111111111111,6.866666666666666,True,0.0,12.012658227848101,17.90566037735849,0,0.0,0.0,0.0
462cb427e996d58e51ff94c8b8b0a6036abbda7d4394aa9ecc283e3ac5eb183b,4,2024-03-01 15:39:39,2024-03-01 15:39:39,1,0.0,0.0,0.0,0.0,0.0,0.0,0,0,0,0.0,0.0,False,0.0,0.0,0.0,0,,,
467c5bbcef787e54060ec32c4b280d02ec97d0ba4dfadc1c4bf6f8f597f2d1a2,1,2024-03-01 08:19:24,2024-03-01 08:19:24,1,0.0,0.0,0.0,0.0,0.0,0.0,0,0,0,0.0,0.0,False,0.0,0.0,0.0,0,,,
467c5bbcef787e54060ec32c4b280d02ec97d0ba4dfadc1c4bf6f8f597f2d1a2,2,2024-03-01 08:37:57,2024-03-01 09:03:24,240,0.9416666666666667,20.766666666666666,59.54999999999981,0.6680555555555551,0.7407407407407405,2.6666666666666665,0,0,0,7.196666666666668,25.45,True,0.0,20.766666666666666,22.053097345132745,0,0.0,0.0,0.0
467c5bbcef787e54060ec32c4b280d02ec97d0ba4dfadc1c4bf6f8f597f2d1a2,3,2024-03-01 09:11:26,2024-03-01 10:26:51,870,0.8735632183908046,48.18218390804598,114.0,0.7222222222222225,0.7766203703703692,2.79583333333333,2,1,0,61.76333333333333,75.41666666666667,True,0.0,48.18218390804598,55.15592105263158,0,0.016190835986831454,0.03238167197366291,0.0
467c5bbcef787e54060ec32c4b280d02ec97d0ba4dfadc1c4bf6f8f597f2d1a2,4,2024-03-01 11:30:58,2024-03-01 11:30:58,1,0.0,0.0,0.0,0.0,0.0,0.0,0,0,0,0.0,0.0,False,0.0,0.0,0.0,0,,,
467c5bbcef787e54060ec32c4b280d02ec97d0ba4dfadc1c4bf6f8f597f2d1a2,5,2024-03-01 12:31:59,2024-03-01 12:31:59,1,0.0,0.0,0.0,0.0,0.0,0.0,0,0,0,0.0,0.0,False,0.0,0.0,0.0,0,,,
467c5bbcef787e54060ec32c4b280d02ec97d0ba4dfadc1c4bf6f8f597f2d1a2,6,2024-03-01 14:48:18,2024-03-01 14:48:18,1,0.0,0.0,0.0,0.0,0.0,0.0,0,0,0,0.0,0.0,False,0.0,0.0,0.0,0,,,
467c5bbcef787e54060ec32c4b280d02ec97d0ba4dfadc1c4bf6f8f597f2d1a2,7,2024-03-01 15:56:26,2024-03-01 15:56:26,1,0.0,0.0,0.0,0.0,0.0,0.0,0,0,0,0.0,0.0,False,0.0,0.0,0.0,0,,,
467c5bbcef787e54060ec32c4b280d02ec97d0ba4dfadc1c4bf6f8f597f2d1a2,8,2024-03-01 17:04:41,2024-03-01 17:04:41,1,0.0,0.0,0.0,0.0,0.0,0.0,0,0,0,0.0,0.0,False,0.0,0.0,0.0,0,,,
47401e75c7653f45e250759c977bd2d0a924b11e654467c7a32a77937a7c6f3e,1,2024-03-01 12:33:57,2024-03-01 12:44:17,109,0.7614678899082569,22.027522935779817,65.19999999999999,0.8888888888888883,0.8999999999999992,3.2399999999999975,0,0,0,3.4950000000000006,10.333333333333334,True,0.0,22.027522935779817,28.927710843373493,0,0.0,0.0,0.0
47401e75c7653f45e250759c977bd2d0a924b11e654467c7a32a77937a7c6f3e,2,2024-03-01 13:28:35,2024-03-01 13:34:36,59,0.8305084745762712,35.932203389830505,88.19999999999999,1.465277777777777,1.6666666666666665,6.0,1,1,0,3.106666666666666,6.016666666666667,True,0.0,35.932203389830505,43.265306122448976,0,0.32188841201716745,0.32188841201716745,0.0
47401e75c7653f45e250759c977bd2d0a924b11e654467c7a32a77937a7c6f3e,3,2024-03-01 14:01:36,2024-03-01 14:01:52,4,1.0,5.0,8.399999999999999,0.09444444444444441,0.29722222222222217,1.0699999999999996,0,0,0,0.01611111111111111,0.26666666666666666,True,0.0,5.0,5.0,0,0.0,0.0,0.0
47401e75c7653f45e250759c977bd2d0a924b11e654467c7a32a77937a7c6f3e,4,2024-03-01 14:14:11,2024-03-01 14:28:25,123,0.6260162601626016,18.666666666666668,49.599999999999966,0.8333333333333334,1.0999999999999988,3.9599999999999964,0,0,0,3.3816666666666664,14.233333333333333,True,0.0,18.666666666666668,29.818181818181817,0,0.0,0.0,0.0
47401e75c7653f45e250759c977bd2d0a924b11e654467c7a32a77937a7c6f3e,5,2024-03-01 14:40:46,2024-03-01 14:58:02,82,0.6463414634146342,12.054878048780488,38.0,0.9388888888888892,1.518518518518519,5.466666666666669,0,1,0,3.175138888888889,17.266666666666666,True,0.0,12.054878048780488,18.650943396226417,0,0.31494685271860373,0.0,0.0
47401e75c7653f45e250759c977bd2d0a924b11e654467c7a32a77937a7c6f3e,6,2024-03-01 15:04:58,2024-03-01 15:09:04,50,0.54,10.25,39.099999999999994,0.9597222222222217,1.4652777777777775,5.274999999999999,0,0,0,0.6125000000000002,4.1,True,0.0,10.25,18.98148148148148,0,0.0,0.0,0.0
47401e75c7653f45e250759c977bd2d0a924b11e654467c7a32a77937a7c6f3e,7,2024-03-01 15:16:55,2024-03-01 15:19:13,27,0.4444444444444444,6.777777777777778,29.799999999999997,0.6361111111111108,0.533333333333333,1.9199999999999988,0,0,0,0.26972222222222225,2.3,True,0.0,6.777777777777778,15.25,0,0.0,0.0,0.0
47401e75c7653f45e250759c977bd2d0a924b11e654467c7a32a77937a7c6f3e,8,2024-03-01 16:03:27,2024-03-01 16:10:45,76,0.8421052631578947,15.552631578947368,37.25,0.5694444444444443,0.6018518518518517,2.1666666666666665,0,0,0,1.8719444444444444,7.3,True,0.0,15.552631578947368,18.46875,0,0.0,0.0,0.0
47401e75c7653f45e250759c977bd2d0a924b11e654467c7a32a77937a7c6f3e,9,2024-03-01 16:16:05,2024-03-01 16:20:09,38,0.5526315789473685,14.289473684210526,61.39999999999998,0.694444444444443,0.8847222222222205,3.1849999999999943,1,0,0,0.7333333333333333,4.066666666666666,True,0.0,14.289473684210526,25.857142857142858,0,0.0,1.3636363636363638,0.0
47401e75c7653f45e250759c977bd2d0a924b11e654467c7a32a77937a7c6f3e,10,2024-03-01 16:44:01,2024-03-01 16:47:26,26,0.5,9.192307692307692,34.0,1.4004629629629628,1.2083333333333333,4.35,1,0,0,0.2475,3.4166666666666665,True,0.0,9.192307692307692,18.384615384615383,0,0.0,4.040404040404041,0.0
47401e75c7653f45e250759c977bd2d0a924b11e654467c7a32a77937a7c6f3e,11,2024-03-01 17:19:15,2024-03-01 17:32:16,120,0.125,0.925,9.0,0.09351851851851843,0.04953703703703686,0.17833333333333265,0,0,0,0.1658333333333333,13.016666666666667,False,0.0,0.925,7.4,0,0.0,0.0,0.0
47401e75c7653f45e250759c977bd2d0a924b11e654467c7a32a77937a7c6f3e,12,2024-03-01 17:56:34,2024-03-01 18:06:13,111,0.21621621621621623,1.7747747747747749,11.5,0.3287037037037036,0.2606837606837607,0.9384615384615385,0,0,0,0.24833333333333335,9.65,True,0.0,1.7747747747747749,8.208333333333334,0,0.0,0.0,0.0
47401e75c7653f45e250759c977bd2d0a924b11e654467c7a32a77937a7c6f3e,13,2024-03-01 18:11:55,2024-03-01 18:11:55,1,0.0,0.0,0.0,0.0,0.0,0.0,0,0,0,0.0,0.0,False,0.0,0.0,0.0,0,,,
47401e75c7653f45e250759c977bd2d0a924b11e654467c7a32a77937a7c6f3e,14,2024-03-01 18:20:56,2024-03-01 18:22:55,13,0.0,0.0,0.0,0.0,0.0,0.0,0,0,0,0.0,1.9833333333333334,False,0.0,0.0,0.0,0,,,
47f1e0be468e0dda921456ce42b00d960a87eba168d05d6082465b4d5baf0e68,1,2024-03-01 08:53:34,2024-03-01 08:59:37,61,0.9016393442622951,35.622950819672134,66.0,1.0,0.8333333333333333,3.0,0,0,0,2.982222222222222,6.05,True,0.0,35.622950819672134,39.50909090909091,0,0.0,0.0,0.0
47f1e0be468e0dda921456ce42b00d960a87eba168d05d6082465b4d5baf0e68,2,2024-03-01 09:18:14,2024-03-01 10:07:02,445,0.9730337078651685,65.87415730337078,96.0,0.6092592592592585,0.7222222222222221,2.6,0,0,0,55.89861111111111,48.8,True,0.0,65.87415730337078,67.69976905311778,0,0.0,0.0,0.0
47f1e0be468e0dda921456ce42b00d960a87eba168d05d6082465b4d5baf0e68,3,2024-03-01 10:47:37,2024-03-01 11:26:01,393,0.9491094147582697,72.2824427480916,107.0,0.4277777777777771,0.5555555555555552,2.0,0,0,0,47.68805555555556,38.4,True,0.0,72.2824427480916,76.15817694369973,0,0.0,0.0,0.0
47f1e0be468e0dda921456ce42b00d960a87eba168d05d6082465b4d5baf0e68,4,2024-03-01 12:26:01,2024-03-01 12:26:01,1,0.0,0.0,0.0,0.0,0.0,0.0,0,0,0,0.0,0.0,False,0.0,0.0,0.0,0,,,
47f1e0be468e0dda921456ce42b00d960a87eba168d05d6082465b4d5baf0e68,5,2024-03-01 13:26:01,2024-03-01 13:26:01,1,0.0,0.0,0.0,0.0,0.0,0.0,0,0,0,0.0,0.0,False,0.0,0.0,0.0,0,,,
47f1e0be468e0dda921456ce42b00d960a87eba168d05d6082465b4d5baf0e68,6,2024-03-01 14:39:51,2024-03-01 15:01:54,196,0.9132653061224489,78.17857142857143,105.0,0.6180555555555555,0.7222222222222223,2.6,0,0,0,28.26388888888889,22.05,True,0.0,78.17857142857143,85.60335195530726,0,0.0,0.0,0.0
47f1e0be468e0dda921456ce42b00d960a87eba168d05d6082465b4d5baf0e68,7,2024-03-01 16:01:57,2024-03-01 16:01:57,1,0.0,0.0,0.0,0.0,0.0,0.0,0,0,0,0.0,0.0,False,0.0,0.0,0.0,0,,,
47f1e0be468e0dda921456ce42b00d960a87eba168d05d6082465b4d5baf0e68,8,2024-03-01 16:59:00,2024-03-01 16:59:00,1,0.0,0.0,0.0,0.0,0.0,0.0,0,0,0,0.0,0.0,False,0.0,0.0,0.0,0,,,
48879ff7146aa5b2bae8e6a3736d46e9e9715232c2426bd91902ebd88c823c5f,1,2024-03-01 01:41:24,2024-03-01 01:41:24,1,0.0,0.0,0.0,0.0,0.0,0.0,0,0,0,0.0,0.0,False,1.0,0.0,0.0,0,,,
48879ff7146aa5b2bae8e6a3736d46e9e9715232c2426bd91902ebd88c823c5f,2,2024-03-01 04:44:34,2024-03-01 05:05:21,238,0.6008403361344538,35.357142857142854,100.74999999999989,0.8333333333333333,0.7388888888888869,2.659999999999991,0,0,0,12.198333333333334,20.783333333333335,True,1.0,35.357142857142854,58.84615384615385,0,0.0,0.0,0.0
48879ff7146aa5b2bae8e6a3736d46e9e9715232c2426bd91902ebd88c823c5f,3,2024-03-01 06:05:40,2024-03-01 06:05:40,1,0.0,0.0,0.0,0.0,0.0,0.0,0,0,0,0.0,0.0,False,0.0,0.0,0.0,0,,,
48879ff7146aa5b2bae8e6a3736d46e9e9715232c2426bd91902ebd88c823c5f,4,2024-03-01 08:12:40,2024-03-01 08:12:40,1,0.0,0.0,0.0,0.0,0.0,0.0,0,0,0,0.0,0.0,False,0.0,0.0,0.0,0,,,
48879ff7146aa5b2bae8e6a3736d46e9e9715232c2426bd91902ebd88c823c5f,5,2024-03-01 09:21:48,2024-03-01 09:21:48,1,0.0,0.0,0.0,0.0,0.0,0.0,0,0,0,0.0,0.0,False,0.0,0.0,0.0,0,,,
48879ff7146aa5b2bae8e6a3736d46e9e9715232c2426bd91902ebd88c823c5f,6,2024-03-01 10:30:54,2024-03-01 10:30:54,1,1.0,3.0,3.0,0.0,0.0,0.0,0,0,0,0.0,0.0,False,0.0,3.0,3.0,0,,,
48879ff7146aa5b2bae8e6a3736d46e9e9715232c2426bd91902ebd88c823c5f,7,2024-03-01 11:40:37,2024-03-01 11:40:37,1,0.0,0.0,0.0,0.0,0.0,0.0,0,0,0,0.0,0.0,False,0.0,0.0,0.0,0,,,
48879ff7146aa5b2bae8e6a3736d46e9e9715232c2426bd91902ebd88c823c5f,8,2024-03-01 13:57:02,2024-03-01 13:57:02,1,0.0,0.0,0.0,0.0,0.0,0.0,0,0,0,0.0,0.0,False,0.0,0.0,0.0,0,,,
48879ff7146aa5b2bae8e6a3736d46e9e9715232c2426bd91902ebd88c823c5f,9,2024-03-01 15:05:22,2024-03-01 15:05:22,1,0.0,0.0,0.0,0.0,0.0,0.0,0,0,0,0.0,0.0,False,0.0,0.0,0.0,0,,,
48879ff7146aa5b2bae8e6a3736d46e9e9715232c2426bd91902ebd88c823c5f,10,2024-03-01 16:13:41,2024-03-01 16:13:41,1,0.0,0.0,0.0,0.0,0.0,0.0,0,0,0,0.0,0.0,False,0.0,0.0,0.0,0,,,
48879ff7146aa5b2bae8e6a3736d46e9e9715232c2426bd91902ebd88c823c5f,11,2024-03-01 17:21:57,2024-03-01 17:21:57,1,0.0,0.0,0.0,0.0,0.0,0.0,0,0,0,0.0,0.0,False,0.0,0.0,0.0,0,,,
48acbf35c433c9d3090f3df885f1eb6c0d380bc613bbe661a71900e2099c78df,1,2024-03-01 01:05:48,2024-03-01 01:05:48,1,0.0,0.0,0.0,0.0,0.0,0.0,0,0,0,0.0,0.0,False,1.0,0.0,0.0,0,,,
48acbf35c433c9d3090f3df885f1eb6c0d380bc613bbe661a71900e2099c78df,2,2024-03-01 04:35:33,2024-03-01 04:35:33,1,0.0,0.0,0.0,0.0,0.0,0.0,0,0,0,0.0,0.0,False,1.0,0.0,0.0,0,,,
48acbf35c433c9d3090f3df885f1eb6c0d380bc613bbe661a71900e2099c78df,3,2024-03-01 06:54:06,2024-03-01 06:54:06,1,1.0,1.0,1.0,0.0,0.0,0.0,0,0,0,0.0,0.0,False,0.0,1.0,1.0,0,,,
48acbf35c433c9d3090f3df885f1eb6c0d380bc613bbe661a71900e2099c78df,4,2024-03-01 10:23:04,2024-03-01 10:23:04,1,0.0,0.0,0.0,0.0,0.0,0.0,0,0,0,0.0,0.0,False,0.0,0.0,0.0,0,,,
4accb28eb5ae1c9e642800e77268c217248916c4027b1b00531a9fdb4214d94e,1,2024-03-01 02:16:59,2024-03-01 02:16:59,1,0.0,0.0,0.0,0.0,0.0,0.0,0,0,0,0.0,0.0,False,1.0,0.0,0.0,0,,,
4accb28eb5ae1c9e642800e77268c217248916c4027b1b00531a9fdb4214d94e,2,2024-03-01 06:48:42,2024-03-01 06:48:42,1,1.0,1.0,1.0,0.0,0.0,0.0,0,0,0,0.0,0.0,False,0.0,1.0,1.0,0,,,
4accb28eb5ae1c9e642800e77268c217248916c4027b1b00531a9fdb4214d94e,3,2024-03-01 07:56:37,2024-03-01 07:56:37,1,1.0,3.0,3.0,0.0,0.0,0.0,0,0,0,0.0,0.0,False,0.0,3.0,3.0,0,,,
4accb28eb5ae1c9e642800e77268c217248916c4027b1b00531a9fdb4214d94e,4,2024-03-01 11:20:25,2024-03-01 11:20:25,1,0.0,0.0,0.0,0.0,0.0,0.0,0,0,0,0.0,0.0,False,0.0,0.0,0.0,0,,,
4accb28eb5ae1c9e642800e77268c217248916c4027b1b00531a9fdb4214d94e,5,2024-03-01 14:44:08,2024-03-01 14:44:08,1,1.0,1.0,1.0,0.0,0.0,0.0,0,0,0,0.0,0.0,False,0.0,1.0,1.0,0,,,
4accb28eb5ae1c9e642800e77268c217248916c4027b1b00531a9fdb4214d94e,6,2024-03-01 15:52:01,2024-03-01 15:52:01,1,1.0,1.0,1.0,0.0,0.0,0.0,0,0,0,0.0,0.0,False,0.0,1.0,1.0,0,,,
4accb28eb5ae1c9e642800e77268c217248916c4027b1b00531a9fdb4214d94e,7,2024-03-01 18:07:43,2024-03-01 18:07:43,1,0.0,0.0,0.0,0.0,0.0,0.0,0,0,0,0.0,0.0,False,0.0,0.0,0.0,0,,,
4b4ee287553d2fc501d8ea735289f6dd802c71cb1ccc5a8bd2de965ad8742dfb,1,2024-03-01 00:56:12,2024-03-01 00:56:12,1,1.0,1.0,1.0,0.0,0.0,0.0,0,0,0,0.0,0.0,False,1.0,1.0,1.0,0,,,
4b4ee287553d2fc501d8ea735289f6dd802c71cb1ccc5a8bd2de965ad8742dfb,2,2024-03-01 03:13:56,2024-03-01 03:13:56,1,0.0,0.0,0.0,0.0,0.0,0.0,0,0,0,0.0,0.0,False,1.0,0.0,0.0,0,,,
4b4ee287553d2fc501d8ea735289f6dd802c71cb1ccc5a8bd2de965ad8742dfb,3,2024-03-01 05:31:32,2024-03-01 05:31:32,1,0.0,0.0,0.0,0.0,0.0,0.0,0,0,0,0.0,0.0,False,1.0,0.0,0.0,0,,,
4b4ee287553d2fc501d8ea735289f6dd802c71cb1ccc5a8bd2de965ad8742dfb,4,2024-03-01 06:40:26,2024-03-01 06:40:26,1,0.0,0.0,0.0,0.0,0.0,0.0,0,0,0,0.0,0.0,False,0.0,0.0,0.0,0,,,
4b4ee287553d2fc501d8ea735289f6dd802c71cb1ccc5a8bd2de965ad8742dfb,5,2024-03-01 07:51:39,2024-03-01 07:51:39,1,0.0,0.0,0.0,0.0,0.0,0.0,0,0,0,0.0,0.0,False,0.0,0.0,0.0,0,,,
4b4ee287553d2fc501d8ea735289f6dd802c71cb1ccc5a8bd2de965ad8742dfb,6,2024-03-01 08:39:13,2024-03-01 08:47:49,98,0.6122448979591837,7.724489795918367,24.0,0.5,0.4685185185185182,1.6866666666666656,0,0,0,1.1211111111111112,8.6,True,0.0,7.724489795918367,12.616666666666667,0,0.0,0.0,0.0
4b4ee287553d2fc501d8ea735289f6dd802c71cb1ccc5a8bd2de965ad8742dfb,7,2024-03-01 08:53:59,2024-03-01 09:02:19,96,0.6354166666666666,7.010416666666667,18.0,0.42361111111111116,0.4444444444444445,1.6,0,0,0,0.9830555555555555,8.333333333333334,True,0.0,7.010416666666667,11.032786885245901,0,0.0,0.0,0.0
4b4ee287553d2fc501d8ea735289f6dd802c71cb1ccc5a8bd2de965ad8742dfb,8,2024-03-01 10:02:19,2024-03-01 10:02:19,1,0.0,0.0,0.0,0.0,0.0,0.0,0,0,0,0.0,0.0,False,0.0,0.0,0.0,0,,,
4bef4370f26ac95c8223cd5d2a49181063d381740480da9d6151ad70f5e83b02,1,2024-03-01 08:05:05,2024-03-01 08:38:28,371,0.9110512129380054,59.74123989218329,107.0,0.7824074074074074,0.9444444444444443,3.4,0,0,0,32.97222222222222,33.38333333333333,True,0.0,59.74123989218329,65.57396449704142,0,0.0,0.0,0.0
4c90239012a69f4d6df57bba9bfa685ce3555eb1a440f0b53094a98a71c1081e,1,2024-03-01 00:27:24,2024-03-01 00:39:20,5,0.0,0.0,0.0,0.0,-0.0,-0.0,0,0,0,0.0,11.933333333333334,False,1.0,0.0,0.0,0,,,
4c90239012a69f4d6df57bba9bfa685ce3555eb1a440f0b53094a98a71c1081e,2,2024-03-01 01:46:29,2024-03-01 01:51:23,3,0.0,0.0,0.0,0.0,-0.0,-0.0,0,0,0,0.0,4.9,False,1.0,0.0,0.0,0,,,
4c90239012a69f4d6df57bba9bfa685ce3555eb1a440f0b53094a98a71c1081e,3,2024-03-01 02:58:49,2024-03-01 03:03:58,3,0.0,0.0,0.0,0.0,-0.0,-0.0,0,0,0,0.0,5.15,False,1.0,0.0,0.0,0,,,
4c90239012a69f4d6df57bba9bfa685ce3555eb1a440f0b53094a98a71c1081e,4,2024-03-01 04:11:05,2024-03-01 04:20:01,4,0.0,0.0,0.0,0.0,-0.0,-0.0,0,0,0,0.0,8.933333333333334,False,1.0,0.0,0.0,0,,,
4c90239012a69f4d6df57bba9bfa685ce3555eb1a440f0b53094a98a71c1081e,5,2024-03-01 05:27:03,2024-03-01 05:36:14,4,0.0,0.0,0.0,0.0,-0.0,-0.0,0,0,0,0.0,9.183333333333334,False,1.0,0.0,0.0,0,,,
4c90239012a69f4d6df57bba9bfa685ce3555eb1a440f0b53094a98a71c1081e,6,2024-03-01 06:43:06,2024-03-01 06:51:14,4,0.0,0.0,0.0,0.0,-0.0,-0.0,0,0,0,0.0,8.133333333333333,False,0.0,0.0,0.0,0,,,
4c90239012a69f4d6df57bba9bfa685ce3555eb1a440f0b53094a98a71c1081e,7,2024-03-01 07:59:19,2024-03-01 09:53:11,554,0.8736462093862816,62.081227436823106,124.0,0.9819444444444454,1.130555555555557,4.070000000000005,0,2,0,115.16944444444445,113.86666666666666,True,0.0,62.081227436823106,71.0599173553719,0,0.017365717180000483,0.0,0.0
4c90239012a69f4d6df57bba9bfa685ce3555eb1a440f0b53094a98a71c1081e,8,2024-03-01 10:00:21,2024-03-01 10:44:05,13,0.0,0.0,0.0,0.0,0.0,0.0,0,0,0,0.0,43.733333333333334,False,0.0,0.0,0.0,0,,,
4c90239012a69f4d6df57bba9bfa685ce3555eb1a440f0b53094a98a71c1081e,9,2024-03-01 11:51:35,2024-03-01 12:03:25,4,0.0,0.0,0.0,0.0,-0.0,-0.0,0,0,0,0.0,11.833333333333334,False,0.0,0.0,0.0,0,,,
4c90239012a69f4d6df57bba9bfa685ce3555eb1a440f0b53094a98a71c1081e,10,2024-03-01 12:20:00,2024-03-01 13:04:14,100,0.79,19.61,61.05,0.5027777777777777,0.6138888888888887,2.2099999999999995,0,0,0,7.478611111111111,44.233333333333334,True,0.0,19.61,24.82278481012658,0,0.0,0.0,0.0
4c90239012a69f4d6df57bba9bfa685ce3555eb1a440f0b53094a98a71c1081e,11,2024-03-01 13:11:16,2024-03-01 13:22:58,5,0.0,0.0,0.0,0.0,-0.0,-0.0,0,0,0,0.0,11.7,False,0.0,0.0,0.0,0,,,
4c90239012a69f4d6df57bba9bfa685ce3555eb1a440f0b53094a98a71c1081e,12,2024-03-01 14:13:06,2024-03-01 14:39:24,109,0.7798165137614679,27.477064220183486,61.599999999999994,0.7222222222222221,0.7499999999999988,2.6999999999999957,0,0,0,6.3966666666666665,26.3,True,0.0,27.477064220183486,35.23529411764706,0,0.0,0.0,0.0
4c90239012a69f4d6df57bba9bfa685ce3555eb1a440f0b53094a98a71c1081e,13,2024-03-01 15:45:30,2024-03-01 16:46:44,274,0.9343065693430657,66.75547445255475,103.0,0.9722222222222227,0.630555555555554,2.2699999999999934,1,0,0,65.67916666666666,61.233333333333334,True,0.0,66.75547445255475,71.44921875,0,0.0,0.015225528135507201,0.0
4c90239012a69f4d6df57bba9bfa685ce3555eb1a440f0b53094a98a71c1081e,14,2024-03-01 16:52:21,2024-03-01 18:02:02,227,0.7533039647577092,44.16299559471366,79.0,0.44444444444444453,0.37222222222222184,1.3399999999999976,0,0,0,38.74111111111111,69.68333333333334,True,0.0,44.16299559471366,58.62573099415204,0,0.0,0.0,0.0
4d8fc6a839bd616d98918ceaaa00ac3f23d896fc3e3b77f5470fec46d3eeaa3e,1,2024-03-01 09:31:43,2024-03-01 09:31:43,1,0.0,0.0,0.0,0.0,0.0,0.0,0,0,0,0.0,0.0,False,0.0,0.0,0.0,0,,,
4d8fc6a839bd616d98918ceaaa00ac3f23d896fc3e3b77f5470fec46d3eeaa3e,2,2024-03-01 09:50:21,2024-03-01 09:52:03,13,0.6923076923076923,9.307692307692308,25.799999999999997,0.6388888888888884,0.8555555555555554,3.0799999999999996,0,0,0,0.1811111111111111,1.7,True,0.0,9.307692307692308,13.444444444444445,0,0.0,0.0,0.0
4d8fc6a839bd616d98918ceaaa00ac3f23d896fc3e3b77f5470fec46d3eeaa3e,3,2024-03-01 10:49:03,2024-03-01 10:50:08,3,0.0,0.0,0.0,0.0,-0.0,-0.0,0,0,0,0.0,1.0833333333333333,False,0.0,0.0,0.0,0,,,
4d8fc6a839bd616d98918ceaaa00ac3f23d896fc3e3b77f5470fec46d3eeaa3e,4,2024-03-01 11:42:26,2024-03-01 11:55:11,135,0.8444444444444444,12.703703703703704,25.599999999999994,0.7388888888888888,0.644444444444444,2.319999999999999,1,0,0,2.5052777777777773,12.75,True,0.0,12.703703703703704,15.043859649122806,0,0.0,0.3991573345160218,0.0
4d8fc6a839bd616d98918ceaaa00ac3f23d896fc3e3b77f5470fec46d3eeaa3e,5,2024-03-01 12:19:11,2024-03-01 12:31:50,149,0.8456375838926175,10.926174496644295,24.0,0.7166666666666656,0.7111111111111109,2.5599999999999996,0,0,0,2.3191666666666664,12.65,True,0.0,10.926174496644295,12.920634920634921,0,0.0,0.0,0.0
4d8fc6a839bd616d98918ceaaa00ac3f23d896fc3e3b77f5470fec46d3eeaa3e,6,2024-03-01 12:38:01,2024-03-01 12:44:15,49,0.7346938775510204,10.959183673469388,25.0,0.3611111111111104,0.45555555555555494,1.6399999999999977,0,0,0,1.1541666666666666,6.233333333333333,True,0.0,10.959183673469388,14.916666666666666,0,0.0,0.0,0.0
4d8fc6a839bd616d98918ceaaa00ac3f23d896fc3e3b77f5470fec46d3eeaa3e,7,2024-03-01 13:08:08,2024-03-01 13:36:43,324,0.8641975308641975,27.60185185185185,72.0,0.7222222222222225,0.8333333333333336,3.0,0,0,0,12.710277777777778,28.583333333333332,True,0.0,27.60185185185185,31.939285714285713,0,0.0,0.0,0.0
4d8fc6a839bd616d98918ceaaa00ac3f23d896fc3e3b77f5470fec46d3eeaa3e,8,2024-03-01 13:59:37,2024-03-01 15:16:52,755,0.8649006622516556,32.149668874172185,90.59999999999991,0.9259259259259259,1.1111111111111107,4.0,1,0,0,35.23,77.25,True,0.0,32.149668874172185,37.17151607963247,0,0.0,0.02838489923360772,0.0
4d8fc6a839bd616d98918ceaaa00ac3f23d896fc3e3b77f5470fec46d3eeaa3e,9,2024-03-01 15:23:12,2024-03-01 15:25:30,27,0.8148148148148148,10.333333333333334,20.799999999999997,0.5805555555555554,0.33333333333333337,1.2,0,0,0,0.40944444444444444,2.3,True,0.0,10.333333333333334,12.681818181818182,0,0.0,0.0,0.0
4d8fc6a839bd616d98918ceaaa00ac3f23d896fc3e3b77f5470fec46d3eeaa3e,10,2024-03-01 15:35:34,2024-03-01 15:39:45,38,0.6578947368421053,6.684210526315789,20.0,0.2944444444444443,0.5013888888888889,1.805,0,0,0,0.37333333333333335,4.183333333333334,True,0.0,6.684210526315789,10.16,0,0.0,0.0,0.0
4d8fc6a839bd616d98918ceaaa00ac3f23d896fc3e3b77f5470fec46d3eeaa3e,11,2024-03-01 16:06:10,2024-03-01 16:08:40,19,0.42105263157894735,3.3157894736842106,11.49999999999999,0.4462962962962963,0.2611111111111103,0.9399999999999971,0,0,0,0.09527777777777777,2.5,True,0.0,3.3157894736842106,7.875,0,0.0,0.0,0.0
4d8fc6a839bd616d98918ceaaa00ac3f23d896fc3e3b77f5470fec46d3eeaa3e,12,2024-03-01 16:31:19,2024-03-01 17:32:22,692,0.8930635838150289,22.634393063583815,59.0,0.5555555555555557,0.611111111111111,2.2,1,0,0,23.251944444444444,61.05,True,0.0,22.634393063583815,25.344660194174757,0,0.0,0.04300715591288662,0.0
4e16cd77517e3535ac4bac166ace361b71bda15e8557333dc8db519b28ee10e1,1,2024-03-01 13:02:58,2024-03-01 13:40:54,361,0.9833795013850416,78.28531855955679,131.0,0.6944444444444446,0.7222222222222221,2.6,0,2,0,47.84861111111111,37.93333333333333,True,0.0,78.28531855955679,79.60845070422535,0,0.041798496415198394,0.0,0.0
4e8aede967407b573d29179a8f158156dc6d44d45f56fbae56d755e1520c376d,1,2024-03-01 00:23:59,2024-03-01 00:23:59,1,0.0,0.0,0.0,0.0,0.0,0.0,0,0,0,0.0,0.0,False,1.0,0.0,0.0,0,,,
4e8aede967407b573d29179a8f158156dc6d44d45f56fbae56d755e1520c376d,2,2024-03-01 01:30:58,2024-03-01 01:30:58,1,1.0,1.0,1.0,0.0,0.0,0.0,0,0,0,0.0,0.0,False,1.0,1.0,1.0,0,,,
4e8aede967407b573d29179a8f158156dc6d44d45f56fbae56d755e1520c376d,3,2024-03-01 02:38:02,2024-03-01 02:38:02,1,0.0,0.0,0.0,0.0,0.0,0.0,0,0,0,0.0,0.0,False,1.0,0.0,0.0,0,,,
4e8aede967407b573d29179a8f158156dc6d44d45f56fbae56d755e1520c376d,4,2024-03-01 03:45:03,2024-03-01 03:45:03,1,0.0,0.0,0.0,0.0,0.0,0.0,0,0,0,0.0,0.0,False,1.0,0.0,0.0,0,,,
4e8aede967407b573d29179a8f158156dc6d44d45f56fbae56d755e1520c376d,5,2024-03-01 04:52:06,2024-03-01 04:52:06,1,0.0,0.0,0.0,0.0,0.0,0.0,0,0,0,0.0,0.0,False,1.0,0.0,0.0,0,,,
4e8aede967407b573d29179a8f158156dc6d44d45f56fbae56d755e1520c376d,6,2024-03-01 05:59:11,2024-03-01 05:59:11,1,0.0,0.0,0.0,0.0,0.0,0.0,0,0,0,0.0,0.0,False,1.0,0.0,0.0,0,,,
4e8aede967407b573d29179a8f158156dc6d44d45f56fbae56d755e1520c376d,7,2024-03-01 07:06:15,2024-03-01 07:06:15,1,0.0,0.0,0.0,0.0,0.0,0.0,0,0,0,0.0,0.0,False,0.0,0.0,0.0,0,,,
4e8aede967407b573d29179a8f158156dc6d44d45f56fbae56d755e1520c376d,8,2024-03-01 08:13:21,2024-03-01 08:15:40,2,0.0,0.0,0.0,0.0,0.0,0.0,0,0,0,0.0,2.316666666666667,False,0.0,0.0,0.0,0,,,
4e8aede967407b573d29179a8f158156dc6d44d45f56fbae56d755e1520c376d,9,2024-03-01 08:27:32,2024-03-01 08:42:09,199,0.9246231155778895,35.21859296482412,74.0,1.4527777777777773,1.8055555555555554,6.5,0,1,0,9.00013888888889,14.616666666666667,True,0.0,35.21859296482412,38.08967391304348,0,0.11110939645993116,0.0,0.0
4e8aede967407b573d29179a8f158156dc6d44d45f56fbae56d755e1520c376d,10,2024-03-01 09:42:44,2024-03-01 09:42:44,1,0.0,0.0,0.0,0.0,0.0,0.0,0,0,0,0.0,0.0,False,0.0,0.0,0.0,0,,,
4e8aede967407b573d29179a8f158156dc6d44d45f56fbae56d755e1520c376d,11,2024-03-01 11:49:50,2024-03-01 11:49:50,1,0.0,0.0,0.0,0.0,0.0,0.0,0,0,0,0.0,0.0,False,0.0,0.0,0.0,0,,,
4e8aede967407b573d29179a8f158156dc6d44d45f56fbae56d755e1520c376d,12,2024-03-01 12:01:19,2024-03-01 12:03:54,27,0.3333333333333333,6.222222222222222,34.4,0.6333333333333333,0.3013468013468013,1.0848484848484847,0,0,0,0.17888888888888888,2.5833333333333335,True,0.0,6.222222222222222,18.666666666666668,0,0.0,0.0,0.0
4e8aede967407b573d29179a8f158156dc6d44d45f56fbae56d755e1520c376d,13,2024-03-01 13:04:25,2024-03-01 13:04:25,1,0.0,0.0,0.0,0.0,0.0,0.0,0,0,0,0.0,0.0,False,0.0,0.0,0.0,0,,,
4e8aede967407b573d29179a8f158156dc6d44d45f56fbae56d755e1520c376d,14,2024-03-01 15:09:03,2024-03-01 15:11:20,2,0.0,0.0,0.0,0.0,0.0,0.0,0,0,0,0.0,2.283333333333333,False,0.0,0.0,0.0,0,,,
4e8aede967407b573d29179a8f158156dc6d44d45f56fbae56d755e1520c376d,15,2024-03-01 15:29:04,2024-03-01 15:37:21,85,0.8470588235294118,34.37647058823529,71.19999999999999,1.1111111111111116,1.4740740740740736,5.306666666666666,0,0,0,3.955833333333333,8.283333333333333,True,0.0,34.37647058823529,40.583333333333336,0,0.0,0.0,0.0
4e8aede967407b573d29179a8f158156dc6d44d45f56fbae56d755e1520c376d,16,2024-03-01 15:59:44,2024-03-01 16:09:59,87,0.9425287356321839,36.67816091954023,65.4,1.3722222222222227,1.453703703703704,5.233333333333334,0,0,0,4.300833333333334,10.25,True,0.0,36.67816091954023,38.91463414634146,0,0.0,0.0,0.0
4e8aede967407b573d29179a8f158156dc6d44d45f56fbae56d755e1520c376d,17,2024-03-01 17:10:32,2024-03-01 17:10:32,1,0.0,0.0,0.0,0.0,0.0,0.0,0,0,0,0.0,0.0,False,0.0,0.0,0.0,0,,,
4e8aede967407b573d29179a8f158156dc6d44d45f56fbae56d755e1520c376d,18,2024-03-01 18:04:48,2024-03-01 18:09:35,60,0.8166666666666667,34.166666666666664,74.05,1.3888888888888886,1.3388888888888886,4.8199999999999985,0,0,0,2.8311111111111114,4.783333333333333,True,0.0,34.166666666666664,41.83673469387755,0,0.0,0.0,0.0
4e8aede967407b573d29179a8f158156dc6d44d45f56fbae56d755e1520c376d,19,2024-03-01 18:16:57,2024-03-01 18:20:11,44,1.0,47.77272727272727,78.7,1.5305555555555554,1.5611111111111111,5.620000000000002,0,0,0,2.7094444444444443,3.2333333333333334,True,0.0,47.77272727272727,47.77272727272727,0,0.0,0.0,0.0
4f80c999834c72beb1f9c1fd82e9f7d73911432bdea9795166b5d0dc25180625,1,2024-03-01 00:20:31,2024-03-01 00:20:31,1,0.0,0.0,0.0,0.0,0.0,0.0,0,0,0,0.0,0.0,False,1.0,0.0,0.0,0,,,
4f80c999834c72beb1f9c1fd82e9f7d73911432bdea9795166b5d0dc25180625,2,2024-03-01 03:58:29,2024-03-01 03:58:29,1,0.0,0.0,0.0,0.0,0.0,0.0,0,0,0,0.0,0.0,False,1.0,0.0,0.0,0,,,
4f80c999834c72beb1f9c1fd82e9f7d73911432bdea9795166b5d0dc25180625,3,2024-03-01 08:51:41,2024-03-01 08:51:41,1,0.0,0.0,0.0,0.0,0.0,0.0,0,0,0,0.0,0.0,False,0.0,0.0,0.0,0,,,
4f80c999834c72beb1f9c1fd82e9f7d73911432bdea9795166b5d0dc25180625,4,2024-03-01 09:11:03,2024-03-01 09:35:42,246,0.8495934959349594,31.447154471544714,60.5,0.5,0.4583333333333332,1.6500000000000001,0,0,0,12.414722222222222,24.65,True,0.0,31.447154471544714,37.014354066985646,0,0.0,0.0,0.0
4f80c999834c72beb1f9c1fd82e9f7d73911432bdea9795166b5d0dc25180625,5,2024-03-01 09:41:54,2024-03-01 09:42:28,2,0.0,0.0,0.0,0.0,0.0,0.0,0,0,0,0.0,0.5666666666666667,False,0.0,0.0,0.0,0,,,
4f80c999834c72beb1f9c1fd82e9f7d73911432bdea9795166b5d0dc25180625,6,2024-03-01 10:00:19,2024-03-01 10:00:19,1,0.0,0.0,0.0,0.0,0.0,0.0,0,0,0,0.0,0.0,False,0.0,0.0,0.0,0,,,
4f80c999834c72beb1f9c1fd82e9f7d73911432bdea9795166b5d0dc25180625,7,2024-03-01 11:00:27,2024-03-01 11:00:27,1,0.0,0.0,0.0,0.0,0.0,0.0,0,0,0,0.0,0.0,False,0.0,0.0,0.0,0,,,
4f80c999834c72beb1f9c1fd82e9f7d73911432bdea9795166b5d0dc25180625,8,2024-03-01 11:41:44,2024-03-01 11:47:40,69,0.5217391304347826,9.289855072463768,29.0,0.36666666666666636,0.34444444444444383,1.2399999999999975,0,0,0,0.9419444444444446,5.933333333333334,True,0.0,9.289855072463768,17.805555555555557,0,0.0,0.0,0.0
4f80c999834c72beb1f9c1fd82e9f7d73911432bdea9795166b5d0dc25180625,9,2024-03-01 11:57:29,2024-03-01 11:58:44,5,0.2,0.2,0.7999999999999998,0.04444444444444444,0.0037037037037037034,0.01333333333333333,0,0,0,0.001388888888888889,1.25,True,0.0,0.2,1.0,0,0.0,0.0,0.0
4f80c999834c72beb1f9c1fd82e9f7d73911432bdea9795166b5d0dc25180625,10,2024-03-01 12:24:09,2024-03-01 12:26:54,32,0.6875,8.6875,25.0,0.5509259259259258,0.5254629629629628,1.8916666666666662,0,0,0,0.4086111111111111,2.75,True,0.0,8.6875,12.636363636363637,0,0.0,0.0,0.0
4f80c999834c72beb1f9c1fd82e9f7d73911432bdea9795166b5d0dc25180625,11,2024-03-01 12:32:14,2024-03-01 12:33:38,17,0.7647058823529411,12.823529411764707,29.4,0.811111111111111,0.374074074074074,1.3466666666666665,0,0,0,0.31777777777777777,1.4,True,0.0,12.823529411764707,16.76923076923077,0,0.0,0.0,0.0
4f80c999834c72beb1f9c1fd82e9f7d73911432bdea9795166b5d0dc25180625,12,2024-03-01 12:40:21,2024-03-01 12:50:29,105,0.6,8.952380952380953,24.0,0.38888888888888895,0.31481481481481466,1.1333333333333329,0,0,0,1.3899999999999997,10.133333333333333,True,0.0,8.952380952380953,14.920634920634921,0,0.0,0.0,0.0
4f80c999834c72beb1f9c1fd82e9f7d73911432bdea9795166b5d0dc25180625,13,2024-03-01 13:44:49,2024-03-01 13:48:18,30,0.6,4.333333333333333,11.0,0.3032407407407406,0.3083333333333332,1.1099999999999994,0,0,0,0.1938888888888889,3.4833333333333334,True,0.0,4.333333333333333,7.222222222222222,0,0.0,0.0,0.0
4f80c999834c72beb1f9c1fd82e9f7d73911432bdea9795166b5d0dc25180625,14,2024-03-01 14:43:13,2024-03-01 15:05:12,240,0.9666666666666667,41.9125,59.0,0.4444444444444443,0.3902777777777774,1.4049999999999983,0,0,0,14.80611111111111,21.983333333333334,True,0.0,41.9125,43.35775862068966,0,0.0,0.0,0.0
4f80c999834c72beb1f9c1fd82e9f7d73911432bdea9795166b5d0dc25180625,15,2024-03-01 15:48:12,2024-03-01 15:56:16,92,0.9130434782608695,16.83695652173913,29.0,0.4166666666666667,0.4291666666666667,1.5450000000000004,0,0,0,2.2961111111111108,8.066666666666666,True,0.0,16.83695652173913,18.44047619047619,0,0.0,0.0,0.0
4f80c999834c72beb1f9c1fd82e9f7d73911432bdea9795166b5d0dc25180625,16,2024-03-01 16:05:38,2024-03-01 16:07:46,25,0.0,0.0,0.0,0.0,-0.0,-0.0,0,0,0,0.0,2.1333333333333333,False,0.0,0.0,0.0,0,,,
4f80c999834c72beb1f9c1fd82e9f7d73911432bdea9795166b5d0dc25180625,17,2024-03-01 17:08:10,2024-03-01 17:08:10,1,0.0,0.0,0.0,0.0,0.0,0.0,0,0,0,0.0,0.0,False,0.0,0.0,0.0,0,,,
4f83e78c6712b769080619596afa421e45a195900be142aabee324dfad6d0662,1,2024-03-01 09:15:35,2024-03-01 09:16:55,16,0.9375,21.875,46.5,0.7083333333333334,0.5833333333333334,2.1,0,0,0,0.5058333333333332,1.3333333333333333,True,0.0,21.875,23.333333333333332,0,0.0,0.0,0.0
4f83e78c6712b769080619596afa421e45a195900be142aabee324dfad6d0662,2,2024-03-01 13:06:27,2024-03-01 13:06:27,1,0.0,0.0,0.0,0.0,0.0,0.0,0,0,0,0.0,0.0,False,0.0,0.0,0.0,0,,,
4f83e78c6712b769080619596afa421e45a195900be142aabee324dfad6d0662,3,2024-03-01 13:52:26,2024-03-01 14:10:49,209,0.15789473684210525,3.172248803827751,23.19999999999999,0.3111111111111108,0.3240740740740741,1.1666666666666667,0,0,0,0.9597222222222223,18.383333333333333,False,0.0,3.172248803827751,20.09090909090909,0,0.0,0.0,0.0
4f83e78c6712b769080619596afa421e45a195900be142aabee324dfad6d0662,4,2024-03-01 14:28:58,2024-03-01 14:42:14,135,0.8148148148148148,16.02962962962963,42.599999999999994,0.7027777777777777,0.7555555555555551,2.719999999999999,0,0,0,3.3513888888888888,13.266666666666667,True,0.0,16.02962962962963,19.672727272727272,0,0.0,0.0,0.0
4f83e78c6712b769080619596afa421e45a195900be142aabee324dfad6d0662,5,2024-03-01 15:09:51,2024-03-01 15:22:53,146,0.6027397260273972,9.856164383561644,40.0,0.6111111111111112,0.6828703703703702,2.4583333333333335,0,0,0,2.028611111111111,13.033333333333333,True,0.0,9.856164383561644,16.352272727272727,0,0.0,0.0,0.0
5006acb81f125c18c748ed79ec18fd45bd202ec98fd49d453389401baca594f1,1,2024-03-01 11:10:36,2024-03-01 11:16:24,224,1.0,38.56420212971552,61.0,0.6944444444444446,0.7180555555555556,2.584999999999999,0,1,0,4.2808988997114,5.8,True,0.0,38.56420212971552,38.564202129715525,0,0.2335957992531465,0.0,0.0
5006acb81f125c18c748ed79ec18fd45bd202ec98fd49d453389401baca594f1,2,2024-03-01 11:21:34,2024-03-01 11:54:16,770,0.9597402597402598,19.510281385281385,66.0,0.7407407407407408,0.6944444444444446,2.5,0,0,0,9.360902777777778,32.7,True,0.0,19.510281385281385,20.3287099684258,0,0.0,0.0,0.0
510817cc74b7da51ac7f7ec7f6c969f803745273850c4061fb08a438e031373d,1,2024-03-01 00:11:07,2024-03-01 00:11:07,1,0.0,0.0,0.0,0.0,0.0,0.0,0,0,0,0.0,0.0,False,1.0,0.0,0.0,0,,,
510817cc74b7da51ac7f7ec7f6c969f803745273850c4061fb08a438e031373d,2,2024-03-01 01:19:55,2024-03-01 01:19:55,1,0.0,0.0,0.0,0.0,0.0,0.0,0,0,0,0.0,0.0,False,1.0,0.0,0.0,0,,,
510817cc74b7da51ac7f7ec7f6c969f803745273850c4061fb08a438e031373d,3,2024-03-01 04:47:04,2024-03-01 04:47:04,1,0.0,0.0,0.0,0.0,0.0,0.0,0,0,0,0.0,0.0,False,1.0,0.0,0.0,0,,,
510817cc74b7da51ac7f7ec7f6c969f803745273850c4061fb08a438e031373d,4,2024-03-01 05:55:59,2024-03-01 05:55:59,1,0.0,0.0,0.0,0.0,0.0,0.0,0,0,0,0.0,0.0,False,1.0,0.0,0.0,0,,,
510817cc74b7da51ac7f7ec7f6c969f803745273850c4061fb08a438e031373d,5,2024-03-01 08:13:53,2024-03-01 08:13:53,1,0.0,0.0,0.0,0.0,0.0,0.0,0,0,0,0.0,0.0,False,0.0,0.0,0.0,0,,,
510817cc74b7da51ac7f7ec7f6c969f803745273850c4061fb08a438e031373d,6,2024-03-01 09:22:48,2024-03-01 09:22:48,1,0.0,0.0,0.0,0.0,0.0,0.0,0,0,0,0.0,0.0,False,0.0,0.0,0.0,0,,,
510817cc74b7da51ac7f7ec7f6c969f803745273850c4061fb08a438e031373d,7,2024-03-01 11:40:42,2024-03-01 11:43:00,2,0.0,0.0,0.0,0.0,0.0,0.0,0,0,0,0.0,2.3,False,0.0,0.0,0.0,0,,,
510817cc74b7da51ac7f7ec7f6c969f803745273850c4061fb08a438e031373d,8,2024-03-01 12:43:02,2024-03-01 12:49:23,69,0.7681159420289855,15.710144927536232,31.0,0.5,0.6641025641025632,2.390769230769228,0,0,0,1.6727777777777777,6.35,True,0.0,15.710144927536232,20.452830188679247,0,0.0,0.0,0.0
510817cc74b7da51ac7f7ec7f6c969f803745273850c4061fb08a438e031373d,9,2024-03-01 13:49:44,2024-03-01 13:49:44,1,0.0,0.0,0.0,0.0,0.0,0.0,0,0,0,0.0,0.0,False,0.0,0.0,0.0,0,,,
510817cc74b7da51ac7f7ec7f6c969f803745273850c4061fb08a438e031373d,10,2024-03-01 14:50:02,2024-03-01 14:50:02,1,0.0,0.0,0.0,0.0,0.0,0.0,0,0,0,0.0,0.0,False,0.0,0.0,0.0,0,,,
510817cc74b7da51ac7f7ec7f6c969f803745273850c4061fb08a438e031373d,11,2024-03-01 15:43:51,2024-03-01 15:48:40,55,0.9818181818181818,31.763636363636362,44.0,0.6046296296296295,0.6361111111111107,2.289999999999999,0,0,0,2.539722222222222,4.816666666666666,True,0.0,31.763636363636362,32.351851851851855,0,0.0,0.0,0.0
51c6d67277a36c742eba598fdbffe1af8d3512d045d9591449f94ef41843371e,1,2024-03-01 08:52:57,2024-03-01 08:54:40,2,0.0,0.0,0.0,0.0,0.0,0.0,0,0,0,0.0,1.7166666666666666,False,0.0,0.0,0.0,0,,,
51c6d67277a36c742eba598fdbffe1af8d3512d045d9591449f94ef41843371e,2,2024-03-01 09:00:58,2024-03-01 09:21:09,239,0.602510460251046,12.99163179916318,38.19999999999999,0.9444444444444443,0.6722222222222218,2.4199999999999986,0,0,0,4.2125,20.183333333333334,True,0.0,12.99163179916318,21.5625,0,0.0,0.0,0.0
51c6d67277a36c742eba598fdbffe1af8d3512d045d9591449f94ef41843371e,3,2024-03-01 09:33:55,2024-03-01 09:55:06,243,0.5967078189300411,16.868312757201647,49.799999999999955,0.9444444444444443,0.874999999999999,3.149999999999996,0,0,0,5.648888888888889,21.183333333333334,True,0.0,16.868312757201647,28.26896551724138,0,0.0,0.0,0.0
51c6d67277a36c742eba598fdbffe1af8d3512d045d9591449f94ef41843371e,4,2024-03-01 10:17:32,2024-03-01 11:10:38,532,0.7838345864661654,36.67293233082707,88.0,0.9027777777777777,0.8078703703703697,2.9083333333333314,0,1,0,28.248055555555556,53.1,True,0.0,36.67293233082707,46.78657074340528,0,0.03540066671255642,0.0,0.0
51c6d67277a36c742eba598fdbffe1af8d3512d045d9591449f94ef41843371e,5,2024-03-01 12:54:52,2024-03-01 13:06:24,130,0.676923076923077,42.184615384615384,107.0,1.3055555555555558,1.2333333333333325,4.439999999999998,0,0,0,7.224722222222222,11.533333333333333,True,0.0,42.184615384615384,62.31818181818182,0,0.0,0.0,0.0
51c6d67277a36c742eba598fdbffe1af8d3512d045d9591449f94ef41843371e,6,2024-03-01 13:40:19,2024-03-01 13:42:16,11,0.8181818181818182,8.545454545454545,14.0,0.2529761904761905,0.36111111111111105,1.3,0,0,0,0.17027777777777778,1.95,True,0.0,8.545454545454545,10.444444444444445,0,0.0,0.0,0.0
51c6d67277a36c742eba598fdbffe1af8d3512d045d9591449f94ef41843371e,7,2024-03-01 14:23:26,2024-03-01 14:28:54,53,0.9245283018867925,31.09433962264151,51.8,0.5777777777777775,0.6777777777777773,2.4399999999999977,0,0,0,2.3775,5.466666666666667,True,0.0,31.09433962264151,33.63265306122449,0,0.0,0.0,0.0
51c6d67277a36c742eba598fdbffe1af8d3512d045d9591449f94ef41843371e,8,2024-03-01 14:50:42,2024-03-01 14:57:36,73,0.9452054794520548,43.75342465753425,68.0,0.8518518518518515,1.0472222222222218,3.7699999999999996,0,0,0,4.493333333333333,6.9,True,0.0,43.75342465753425,46.289855072463766,0,0.0,0.0,0.0
51c6d67277a36c742eba598fdbffe1af8d3512d045d9591449f94ef41843371e,9,2024-03-01 15:13:54,2024-03-01 15:57:18,463,0.9524838012958964,72.96976241900649,133.0,0.9444444444444446,1.0166666666666664,3.6599999999999984,1,1,0,54.41277777777777,43.4,True,0.0,72.96976241900649,76.60997732426304,0,0.018378036204731326,0.018378036204731326,0.0
51c6d67277a36c742eba598fdbffe1af8d3512d045d9591449f94ef41843371e,10,2024-03-01 17:15:41,2024-03-01 17:15:41,1,0.0,0.0,0.0,0.0,0.0,0.0,0,0,0,0.0,0.0,False,0.0,0.0,0.0,0,,,
51c6d67277a36c742eba598fdbffe1af8d3512d045d9591449f94ef41843371e,11,2024-03-01 17:30:39,2024-03-01 18:25:23,626,0.9648562300319489,86.06070287539936,127.0,0.6111111111111113,0.5,1.8,1,1,0,79.63805555555557,54.733333333333334,True,0.0,86.06070287539936,89.19536423841059,0,0.012556810849084572,0.012556810849084572,0.0
521f3edcd953facf161b6f39af9fe91e1c2975cde75d347c22783a590dfd2bb2,1,2024-03-01 00:14:01,2024-03-01 00:14:01,1,0.0,0.0,0.0,0.0,0.0,0.0,0,0,0,0.0,0.0,False,1.0,0.0,0.0,0,,,
521f3edcd953facf161b6f39af9fe91e1c2975cde75d347c22783a590dfd2bb2,2,2024-03-01 01:17:27,2024-03-01 01:17:27,1,1.0,1.0,1.0,0.0,0.0,0.0,0,0,0,0.0,0.0,False,1.0,1.0,1.0,0,,,
521f3edcd953facf161b6f39af9fe91e1c2975cde75d347c22783a590dfd2bb2,3,2024-03-01 03:24:29,2024-03-01 03:24:29,1,0.0,0.0,0.0,0.0,0.0,0.0,0,0,0,0.0,0.0,False,1.0,0.0,0.0,0,,,
521f3edcd953facf161b6f39af9fe91e1c2975cde75d347c22783a590dfd2bb2,4,2024-03-01 04:28:02,2024-03-01 04:28:02,1,1.0,1.0,1.0,0.0,0.0,0.0,0,0,0,0.0,0.0,False,1.0,1.0,1.0,0,,,
521f3edcd953facf161b6f39af9fe91e1c2975cde75d347c22783a590dfd2bb2,5,2024-03-01 05:31:38,2024-03-01 05:31:38,1,0.0,0.0,0.0,0.0,0.0,0.0,0,0,0,0.0,0.0,False,1.0,0.0,0.0,0,,,
521f3edcd953facf161b6f39af9fe91e1c2975cde75d347c22783a590dfd2bb2,6,2024-03-01 06:35:14,2024-03-01 06:35:14,1,0.0,0.0,0.0,0.0,0.0,0.0,0,0,0,0.0,0.0,False,0.0,0.0,0.0,0,,,
521f3edcd953facf161b6f39af9fe91e1c2975cde75d347c22783a590dfd2bb2,7,2024-03-01 07:38:53,2024-03-01 07:38:53,1,0.0,0.0,0.0,0.0,0.0,0.0,0,0,0,0.0,0.0,False,0.0,0.0,0.0,0,,,
521f3edcd953facf161b6f39af9fe91e1c2975cde75d347c22783a590dfd2bb2,8,2024-03-01 09:46:06,2024-03-01 09:46:06,1,0.0,0.0,0.0,0.0,0.0,0.0,0,0,0,0.0,0.0,False,0.0,0.0,0.0,0,,,
521f3edcd953facf161b6f39af9fe91e1c2975cde75d347c22783a590dfd2bb2,9,2024-03-01 10:49:36,2024-03-01 10:49:36,1,0.0,0.0,0.0,0.0,0.0,0.0,0,0,0,0.0,0.0,False,0.0,0.0,0.0,0,,,
521f3edcd953facf161b6f39af9fe91e1c2975cde75d347c22783a590dfd2bb2,10,2024-03-01 12:56:15,2024-03-01 12:56:15,1,1.0,1.0,1.0,0.0,0.0,0.0,0,0,0,0.0,0.0,False,0.0,1.0,1.0,0,,,
521f3edcd953facf161b6f39af9fe91e1c2975cde75d347c22783a590dfd2bb2,11,2024-03-01 13:59:32,2024-03-01 13:59:32,1,0.0,0.0,0.0,0.0,0.0,0.0,0,0,0,0.0,0.0,False,0.0,0.0,0.0,0,,,
521f3edcd953facf161b6f39af9fe91e1c2975cde75d347c22783a590dfd2bb2,12,2024-03-01 15:02:46,2024-03-01 15:02:46,1,0.0,0.0,0.0,0.0,0.0,0.0,0,0,0,0.0,0.0,False,0.0,0.0,0.0,0,,,
521f3edcd953facf161b6f39af9fe91e1c2975cde75d347c22783a590dfd2bb2,13,2024-03-01 17:09:17,2024-03-01 17:09:17,1,0.0,0.0,0.0,0.0,0.0,0.0,0,0,0,0.0,0.0,False,0.0,0.0,0.0,0,,,
52c9ca45701e9f233b388589cf4d5851c428a356f92ef006550b12c9dd7d4222,1,2024-03-01 00:28:05,2024-03-01 00:28:05,1,0.0,0.0,0.0,0.0,0.0,0.0,0,0,0,0.0,0.0,False,1.0,0.0,0.0,0,,,
52c9ca45701e9f233b388589cf4d5851c428a356f92ef006550b12c9dd7d4222,2,2024-03-01 05:14:03,2024-03-01 05:14:03,1,1.0,1.0,1.0,0.0,0.0,0.0,0,0,0,0.0,0.0,False,1.0,1.0,1.0,0,,,
52c9ca45701e9f233b388589cf4d5851c428a356f92ef006550b12c9dd7d4222,3,2024-03-01 07:37:26,2024-03-01 07:39:44,2,0.0,0.0,0.0,0.0,0.0,0.0,0,0,0,0.0,2.3,False,0.0,0.0,0.0,0,,,
52c9ca45701e9f233b388589cf4d5851c428a356f92ef006550b12c9dd7d4222,4,2024-03-01 08:10:02,2024-03-01 08:14:36,53,0.7924528301886793,25.18867924528302,57.0,0.5555555555555555,0.611111111111111,2.2,0,0,0,1.9369444444444444,4.566666666666666,True,0.0,25.18867924528302,31.785714285714285,0,0.0,0.0,0.0
52c9ca45701e9f233b388589cf4d5851c428a356f92ef006550b12c9dd7d4222,5,2024-03-01 08:58:25,2024-03-01 09:05:21,79,0.8481012658227848,13.291139240506329,25.19999999999999,0.4194444444444443,0.38888888888888895,1.4,0,0,0,1.5594444444444444,6.933333333333334,True,0.0,13.291139240506329,15.671641791044776,0,0.0,0.0,0.0
52c9ca45701e9f233b388589cf4d5851c428a356f92ef006550b12c9dd7d4222,6,2024-03-01 10:05:41,2024-03-01 10:05:41,1,0.0,0.0,0.0,0.0,0.0,0.0,0,0,0,0.0,0.0,False,0.0,0.0,0.0,0,,,
52c9ca45701e9f233b388589cf4d5851c428a356f92ef006550b12c9dd7d4222,7,2024-03-01 10:56:10,2024-03-01 10:58:44,30,0.9,18.066666666666666,34.099999999999994,0.7222222222222222,0.5652777777777774,2.0349999999999993,0,0,0,0.7972222222222222,2.566666666666667,True,0.0,18.066666666666666,20.074074074074073,0,0.0,0.0,0.0
52c9ca45701e9f233b388589cf4d5851c428a356f92ef006550b12c9dd7d4222,8,2024-03-01 11:12:28,2024-03-01 11:21:15,43,0.7209302325581395,14.44186046511628,36.8,0.8333333333333334,0.5,1.8,0,0,0,1.6813888888888886,8.783333333333333,True,0.0,14.44186046511628,20.032258064516128,0,0.0,0.0,0.0
52c9ca45701e9f233b388589cf4d5851c428a356f92ef006550b12c9dd7d4222,9,2024-03-01 12:21:31,2024-03-01 12:21:31,1,0.0,0.0,0.0,0.0,0.0,0.0,0,0,0,0.0,0.0,False,0.0,0.0,0.0,0,,,
52c9ca45701e9f233b388589cf4d5851c428a356f92ef006550b12c9dd7d4222,10,2024-03-01 14:33:14,2024-03-01 14:33:14,1,1.0,1.0,1.0,0.0,0.0,0.0,0,0,0,0.0,0.0,False,0.0,1.0,1.0,0,,,
52c9ca45701e9f233b388589cf4d5851c428a356f92ef006550b12c9dd7d4222,11,2024-03-01 15:19:03,2024-03-01 15:28:53,77,0.8831168831168831,16.792207792207794,35.0,0.7888888888888891,0.6944444444444443,2.5,0,0,0,1.8783333333333332,9.833333333333334,True,0.0,16.792207792207794,19.014705882352942,0,0.0,0.0,0.0
52c9ca45701e9f233b388589cf4d5851c428a356f92ef006550b12c9dd7d4222,12,2024-03-01 15:40:05,2024-03-01 15:55:34,152,0.756578947368421,21.717105263157894,51.89999999999998,0.706944444444444,0.772222222222221,2.7799999999999954,0,0,0,6.177222222222222,15.483333333333333,True,0.0,21.717105263157894,28.704347826086956,0,0.0,0.0,0.0
52c9ca45701e9f233b388589cf4d5851c428a356f92ef006550b12c9dd7d4222,13,2024-03-01 16:17:34,2024-03-01 16:19:54,17,0.17647058823529413,2.1176470588235294,11.599999999999998,0.25555555555555526,0.233333333333333,0.8399999999999987,0,0,0,0.05305555555555555,2.3333333333333335,False,0.0,2.1176470588235294,12.0,0,0.0,0.0,0.0
52c9ca45701e9f233b388589cf4d5851c428a356f92ef006550b12c9dd7d4222,14,2024-03-01 17:39:54,2024-03-01 17:49:02,70,0.8285714285714286,17.785714285714285,36.099999999999994,0.5555555555555554,0.5861111111111108,2.1099999999999994,0,0,0,1.8647222222222222,9.133333333333333,True,0.0,17.785714285714285,21.46551724137931,0,0.0,0.0,0.0
52d2f9e3555647cdd9412eaa9cfa3c1df261a12a3942c2ee8b42a159f815c36e,1,2024-03-01 04:33:53,2024-03-01 04:33:53,1,1.0,1.0,1.0,0.0,0.0,0.0,0,0,0,0.0,0.0,False,1.0,1.0,1.0,0,,,
52d2f9e3555647cdd9412eaa9cfa3c1df261a12a3942c2ee8b42a159f815c36e,2,2024-03-01 06:29:22,2024-03-01 06:40:16,120,0.9166666666666666,34.94166666666667,83.0,0.7277777777777773,1.116666666666666,4.019999999999999,0,0,0,6.025555555555555,10.9,True,0.0,34.94166666666667,38.11818181818182,0,0.0,0.0,0.0
52d2f9e3555647cdd9412eaa9cfa3c1df261a12a3942c2ee8b42a159f815c36e,3,2024-03-01 16:21:37,2024-03-01 16:40:22,215,0.8883720930232558,21.655813953488373,52.19999999999993,0.7518518518518513,0.7685185185185169,2.766666666666661,0,0,0,6.855555555555555,18.75,True,0.0,21.655813953488373,24.376963350785342,0,0.0,0.0,0.0
52d2f9e3555647cdd9412eaa9cfa3c1df261a12a3942c2ee8b42a159f815c36e,4,2024-03-01 17:40:28,2024-03-01 17:40:28,1,0.0,0.0,0.0,0.0,0.0,0.0,0,0,0,0.0,0.0,False,0.0,0.0,0.0,0,,,
536522a9953cbd4533c291dab88b0fbdb74e9645ffae5f490f15f47ed6feac21,1,2024-03-01 00:42:24,2024-03-01 00:42:24,1,0.0,0.0,0.0,0.0,0.0,0.0,0,0,0,0.0,0.0,False,1.0,0.0,0.0,0,,,
536522a9953cbd4533c291dab88b0fbdb74e9645ffae5f490f15f47ed6feac21,2,2024-03-01 05:28:50,2024-03-01 05:28:50,1,1.0,7.0,7.0,0.0,0.0,0.0,0,0,0,0.0,0.0,False,1.0,7.0,7.0,0,,,
536522a9953cbd4533c291dab88b0fbdb74e9645ffae5f490f15f47ed6feac21,3,2024-03-01 07:52:31,2024-03-01 07:52:31,1,0.0,0.0,0.0,0.0,0.0,0.0,0,0,0,0.0,0.0,False,0.0,0.0,0.0,0,,,
536522a9953cbd4533c291dab88b0fbdb74e9645ffae5f490f15f47ed6feac21,4,2024-03-01 10:16:12,2024-03-01 10:16:12,1,0.0,0.0,0.0,0.0,0.0,0.0,0,0,0,0.0,0.0,False,0.0,0.0,0.0,0,,,
536522a9953cbd4533c291dab88b0fbdb74e9645ffae5f490f15f47ed6feac21,5,2024-03-01 16:13:59,2024-03-01 16:13:59,1,0.0,0.0,0.0,0.0,0.0,0.0,0,0,0,0.0,0.0,False,0.0,0.0,0.0,0,,,
536522a9953cbd4533c291dab88b0fbdb74e9645ffae5f490f15f47ed6feac21,6,2024-03-01 17:25:07,2024-03-01 17:25:07,1,1.0,1.0,1.0,0.0,0.0,0.0,0,0,0,0.0,0.0,False,0.0,1.0,1.0,0,,,
54a2750c57682a3b3895f4e8d4b3d9048dbeceaef63e3e3a1ae7a4378666454b,1,2024-03-01 01:47:53,2024-03-01 01:47:53,1,1.0,5.0,5.0,0.0,0.0,0.0,0,0,0,0.0,0.0,False,1.0,5.0,5.0,0,,,
54a2750c57682a3b3895f4e8d4b3d9048dbeceaef63e3e3a1ae7a4378666454b,2,2024-03-01 06:21:52,2024-03-01 06:21:52,1,0.0,0.0,0.0,0.0,0.0,0.0,0,0,0,0.0,0.0,False,0.0,0.0,0.0,0,,,
54a2750c57682a3b3895f4e8d4b3d9048dbeceaef63e3e3a1ae7a4378666454b,3,2024-03-01 07:25:04,2024-03-01 08:25:42,667,0.848575712143928,28.371064467766118,90.0,0.7222222222222224,0.9444444444444444,3.4,0,1,0,28.452777777777776,60.63333333333333,True,0.0,28.371064467766118,33.43374558303887,0,0.03514595333398419,0.0,0.0
54a2750c57682a3b3895f4e8d4b3d9048dbeceaef63e3e3a1ae7a4378666454b,4,2024-03-01 09:25:33,2024-03-01 09:25:33,1,0.0,0.0,0.0,0.0,0.0,0.0,0,0,0,0.0,0.0,False,0.0,0.0,0.0,0,,,
54a2750c57682a3b3895f4e8d4b3d9048dbeceaef63e3e3a1ae7a4378666454b,5,2024-03-01 12:38:16,2024-03-01 12:38:16,1,0.0,0.0,0.0,0.0,0.0,0.0,0,0,0,0.0,0.0,False,0.0,0.0,0.0,0,,,
54a2750c57682a3b3895f4e8d4b3d9048dbeceaef63e3e3a1ae7a4378666454b,6,2024-03-01 14:53:29,2024-03-01 14:53:29,1,1.0,1.0,1.0,0.0,0.0,0.0,0,0,0,0.0,0.0,False,0.0,1.0,1.0,0,,,
551c0b088cbcf2207c175bf9a3acb6fbf835df6bfbd707de15deb1cb4af082c3,1,2024-03-01 07:40:52,2024-03-01 08:01:00,176,0.5340909090909091,15.931818181818182,57.0,0.6180555555555556,0.736111111111111,2.65,0,0,0,4.024166666666667,20.133333333333333,True,0.0,15.931818181818182,29.829787234042552,0,0.0,0.0,0.0
551c0b088cbcf2207c175bf9a3acb6fbf835df6bfbd707de15deb1cb4af082c3,2,2024-03-01 14:46:05,2024-03-01 14:46:05,1,1.0,1.0,1.0,0.0,0.0,0.0,0,0,0,0.0,0.0,False,0.0,1.0,1.0,0,,,
551c0b088cbcf2207c175bf9a3acb6fbf835df6bfbd707de15deb1cb4af082c3,3,2024-03-01 15:35:32,2024-03-01 15:35:53,5,0.2,0.2,0.7999999999999998,0.037037037037037035,0.0,0.0,0,0,0,0.0016666666666666668,0.35,True,0.0,0.2,1.0,0,0.0,0.0,0.0
551c0b088cbcf2207c175bf9a3acb6fbf835df6bfbd707de15deb1cb4af082c3,4,2024-03-01 15:43:29,2024-03-01 15:45:21,22,0.5909090909090909,0.6818181818181818,1.0,0.05277777777777774,0.05509259259259259,0.1983333333333333,0,0,0,0.0175,1.8666666666666667,True,0.0,0.6818181818181818,1.1538461538461537,0,0.0,0.0,0.0
551c0b088cbcf2207c175bf9a3acb6fbf835df6bfbd707de15deb1cb4af082c3,5,2024-03-01 15:50:47,2024-03-01 15:50:57,3,0.0,0.0,0.0,0.0,-0.0,-0.0,0,0,0,0.0,0.16666666666666666,False,0.0,0.0,0.0,0,,,
551c0b088cbcf2207c175bf9a3acb6fbf835df6bfbd707de15deb1cb4af082c3,6,2024-03-01 17:09:43,2024-03-01 17:09:43,1,0.0,0.0,0.0,0.0,0.0,0.0,0,0,0,0.0,0.0,False,0.0,0.0,0.0,0,,,
551c0b088cbcf2207c175bf9a3acb6fbf835df6bfbd707de15deb1cb4af082c3,7,2024-03-01 18:09:39,2024-03-01 18:09:39,1,0.0,0.0,0.0,0.0,0.0,0.0,0,0,0,0.0,0.0,False,0.0,0.0,0.0,0,,,
5530b0756bda9ffd700bc7c0b0ca7f880dea8a82fa5628dcec5e69dfcd389dc8,1,2024-03-01 03:49:04,2024-03-01 03:49:04,1,1.0,3.0,3.0,0.0,0.0,0.0,0,0,0,0.0,0.0,False,1.0,3.0,3.0,0,,,
5530b0756bda9ffd700bc7c0b0ca7f880dea8a82fa5628dcec5e69dfcd389dc8,2,2024-03-01 07:18:45,2024-03-01 08:23:28,637,0.8822605965463108,45.244897959183675,103.0,0.611111111111111,0.7222222222222221,2.6,0,0,0,46.07055555555556,64.71666666666667,True,0.0,45.244897959183675,51.28291814946619,0,0.0,0.0,0.0
5530b0756bda9ffd700bc7c0b0ca7f880dea8a82fa5628dcec5e69dfcd389dc8,3,2024-03-01 11:31:14,2024-03-01 11:33:31,2,0.0,0.0,0.0,0.0,0.0,0.0,0,0,0,0.0,2.283333333333333,False,0.0,0.0,0.0,0,,,
5530b0756bda9ffd700bc7c0b0ca7f880dea8a82fa5628dcec5e69dfcd389dc8,4,2024-03-01 12:32:34,2024-03-01 13:15:58,416,0.8798076923076923,27.153846153846153,70.0,0.8333333333333334,0.7083333333333333,2.55,0,0,0,21.378333333333327,43.4,True,0.0,27.153846153846153,30.863387978142075,0,0.0,0.0,0.0
5530b0756bda9ffd700bc7c0b0ca7f880dea8a82fa5628dcec5e69dfcd389dc8,5,2024-03-01 13:46:49,2024-03-01 13:46:49,1,0.0,0.0,0.0,0.0,0.0,0.0,0,0,0,0.0,0.0,False,0.0,0.0,0.0,0,,,
5530b0756bda9ffd700bc7c0b0ca7f880dea8a82fa5628dcec5e69dfcd389dc8,6,2024-03-01 14:33:05,2024-03-01 14:42:20,19,0.0,0.0,0.0,0.0,0.0,0.0,0,0,0,0.0,9.25,False,0.0,0.0,0.0,0,,,
5530b0756bda9ffd700bc7c0b0ca7f880dea8a82fa5628dcec5e69dfcd389dc8,7,2024-03-01 15:03:44,2024-03-01 15:14:47,101,0.8811881188118812,22.00990099009901,46.0,0.8333333333333333,1.1111111111111112,4.0,0,0,0,3.564722222222222,11.05,True,0.0,22.00990099009901,24.97752808988764,0,0.0,0.0,0.0
5530b0756bda9ffd700bc7c0b0ca7f880dea8a82fa5628dcec5e69dfcd389dc8,8,2024-03-01 17:03:04,2024-03-01 17:55:09,524,0.8072519083969466,21.517175572519083,80.69999999999993,0.611111111111111,0.5949074074074058,2.141666666666661,0,0,0,21.589444444444442,52.083333333333336,True,0.0,21.517175572519083,26.6548463356974,0,0.0,0.0,0.0
55ccd9f64cf58a0559e78ca629c4afb6a1ea8c5a1c71bb376d426098fc67043b,1,2024-03-01 02:23:38,2024-03-01 02:23:38,1,0.0,0.0,0.0,0.0,0.0,0.0,0,0,0,0.0,0.0,False,1.0,0.0,0.0,0,,,
55ccd9f64cf58a0559e78ca629c4afb6a1ea8c5a1c71bb376d426098fc67043b,2,2024-03-01 06:56:30,2024-03-01 06:56:30,1,0.0,0.0,0.0,0.0,0.0,0.0,0,0,0,0.0,0.0,False,0.0,0.0,0.0,0,,,
55ccd9f64cf58a0559e78ca629c4afb6a1ea8c5a1c71bb376d426098fc67043b,3,2024-03-01 07:08:57,2024-03-01 07:44:19,413,0.6779661016949152,19.098062953995157,57.0,1.25,0.9833333333333327,3.539999999999998,1,0,0,10.669722222222223,35.36666666666667,True,0.0,19.098062953995157,28.169642857142858,0,0.0,0.09372315222201973,0.0
55ccd9f64cf58a0559e78ca629c4afb6a1ea8c5a1c71bb376d426098fc67043b,4,2024-03-01 12:15:56,2024-03-01 12:21:20,70,0.9857142857142858,27.857142857142858,67.1,1.6458333333333333,1.4194444444444445,5.109999999999999,0,0,0,2.4583333333333326,5.4,True,0.0,27.857142857142858,28.26086956521739,0,0.0,0.0,0.0
55ccd9f64cf58a0559e78ca629c4afb6a1ea8c5a1c71bb376d426098fc67043b,5,2024-03-01 13:21:15,2024-03-01 13:21:15,1,0.0,0.0,0.0,0.0,0.0,0.0,0,0,0,0.0,0.0,False,0.0,0.0,0.0,0,,,
55ccd9f64cf58a0559e78ca629c4afb6a1ea8c5a1c71bb376d426098fc67043b,6,2024-03-01 16:22:29,2024-03-01 16:50:18,248,0.8145161290322581,20.588709677419356,60.299999999999955,1.2222222222222223,1.3138888888888876,4.729999999999995,1,1,0,8.20888888888889,27.816666666666666,True,0.0,20.588709677419356,25.277227722772277,0,0.12181916621548455,0.12181916621548455,0.0
55ccd9f64cf58a0559e78ca629c4afb6a1ea8c5a1c71bb376d426098fc67043b,7,2024-03-01 17:50:09,2024-03-01 17:50:09,1,0.0,0.0,0.0,0.0,0.0,0.0,0,0,0,0.0,0.0,False,0.0,0.0,0.0,0,,,
569d099d377f4c695ef3bf2d5485c4d5fc03f37a1f859fca672e7cfda0b9d694,1,2024-03-01 00:08:21,2024-03-01 00:08:21,1,0.0,0.0,0.0,0.0,0.0,0.0,0,0,0,0.0,0.0,False,1.0,0.0,0.0,0,,,
569d099d377f4c695ef3bf2d5485c4d5fc03f37a1f859fca672e7cfda0b9d694,2,2024-03-01 03:24:41,2024-03-01 03:24:41,1,0.0,0.0,0.0,0.0,0.0,0.0,0,0,0,0.0,0.0,False,1.0,0.0,0.0,0,,,
569d099d377f4c695ef3bf2d5485c4d5fc03f37a1f859fca672e7cfda0b9d694,3,2024-03-01 04:24:45,2024-03-01 04:54:07,314,0.9681528662420382,65.40764331210191,100.0,0.7449074074074054,0.8333333333333333,3.0,1,0,0,31.37111111111111,29.366666666666667,True,1.0,65.40764331210191,67.5592105263158,0,0.0,0.03187646100446271,0.0
56f9a78dcece7517cf251e9839bcbf160fabaea55b830b954f8bd4dd8973e143,1,2024-03-01 00:39:44,2024-03-01 00:39:44,1,0.0,0.0,0.0,0.0,0.0,0.0,0,0,0,0.0,0.0,False,1.0,0.0,0.0,0,,,
56f9a78dcece7517cf251e9839bcbf160fabaea55b830b954f8bd4dd8973e143,2,2024-03-01 01:48:40,2024-03-01 01:48:40,1,0.0,0.0,0.0,0.0,0.0,0.0,0,0,0,0.0,0.0,False,1.0,0.0,0.0,0,,,
56f9a78dcece7517cf251e9839bcbf160fabaea55b830b954f8bd4dd8973e143,3,2024-03-01 02:58:45,2024-03-01 02:58:45,1,0.0,0.0,0.0,0.0,0.0,0.0,0,0,0,0.0,0.0,False,1.0,0.0,0.0,0,,,
56f9a78dcece7517cf251e9839bcbf160fabaea55b830b954f8bd4dd8973e143,4,2024-03-01 04:06:47,2024-03-01 04:06:47,1,1.0,1.0,1.0,0.0,0.0,0.0,0,0,0,0.0,0.0,False,1.0,1.0,1.0,0,,,
56f9a78dcece7517cf251e9839bcbf160fabaea55b830b954f8bd4dd8973e143,5,2024-03-01 05:15:53,2024-03-01 05:15:53,1,1.0,1.0,1.0,0.0,0.0,0.0,0,0,0,0.0,0.0,False,1.0,1.0,1.0,0,,,
56f9a78dcece7517cf251e9839bcbf160fabaea55b830b954f8bd4dd8973e143,6,2024-03-01 06:25:09,2024-03-01 06:25:09,1,0.0,0.0,0.0,0.0,0.0,0.0,0,0,0,0.0,0.0,False,0.0,0.0,0.0,0,,,
56f9a78dcece7517cf251e9839bcbf160fabaea55b830b954f8bd4dd8973e143,7,2024-03-01 07:34:19,2024-03-01 07:36:34,2,0.0,0.0,0.0,0.0,0.0,0.0,0,0,0,0.0,2.25,False,0.0,0.0,0.0,0,,,
56f9a78dcece7517cf251e9839bcbf160fabaea55b830b954f8bd4dd8973e143,8,2024-03-01 07:51:33,2024-03-01 08:15:43,285,0.7929824561403509,32.47017543859649,70.0,0.6944444444444445,1.0,3.6,0,0,0,13.23611111111111,24.166666666666668,True,0.0,32.47017543859649,40.94690265486726,0,0.0,0.0,0.0
56f9a78dcece7517cf251e9839bcbf160fabaea55b830b954f8bd4dd8973e143,9,2024-03-01 09:16:02,2024-03-01 09:16:02,1,0.0,0.0,0.0,0.0,0.0,0.0,0,0,0,0.0,0.0,False,0.0,0.0,0.0,0,,,
56f9a78dcece7517cf251e9839bcbf160fabaea55b830b954f8bd4dd8973e143,10,2024-03-01 10:16:54,2024-03-01 10:16:54,1,1.0,1.0,1.0,0.0,0.0,0.0,0,0,0,0.0,0.0,False,0.0,1.0,1.0,0,,,
56f9a78dcece7517cf251e9839bcbf160fabaea55b830b954f8bd4dd8973e143,11,2024-03-01 13:43:19,2024-03-01 13:43:19,1,0.0,0.0,0.0,0.0,0.0,0.0,0,0,0,0.0,0.0,False,0.0,0.0,0.0,0,,,
56f9a78dcece7517cf251e9839bcbf160fabaea55b830b954f8bd4dd8973e143,12,2024-03-01 16:00:31,2024-03-01 16:00:31,1,1.0,1.0,1.0,0.0,0.0,0.0,0,0,0,0.0,0.0,False,0.0,1.0,1.0,0,,,
56f9a78dcece7517cf251e9839bcbf160fabaea55b830b954f8bd4dd8973e143,13,2024-03-01 17:09:00,2024-03-01 17:09:00,1,0.0,0.0,0.0,0.0,0.0,0.0,0,0,0,0.0,0.0,False,0.0,0.0,0.0,0,,,
56f9a78dcece7517cf251e9839bcbf160fabaea55b830b954f8bd4dd8973e143,14,2024-03-01 18:17:33,2024-03-01 18:19:48,2,0.0,0.0,0.0,0.0,0.0,0.0,0,0,0,0.0,2.25,False,0.0,0.0,0.0,0,,,
57617f6e0e98a319f11117c37a9e6688a10a60b2a7651e1d1b11a8337d0aa649,1,2024-03-01 01:41:04,2024-03-01 01:41:04,1,1.0,5.0,5.0,0.0,0.0,0.0,0,0,0,0.0,0.0,False,1.0,5.0,5.0,0,,,
57617f6e0e98a319f11117c37a9e6688a10a60b2a7651e1d1b11a8337d0aa649,2,2024-03-01 08:28:32,2024-03-01 09:08:03,439,0.7608200455580866,17.273348519362187,48.19999999999993,0.7777777777777778,0.7222222222222221,2.6,0,0,0,11.031666666666666,39.516666666666666,True,0.0,17.273348519362187,22.70359281437126,0,0.0,0.0,0.0
57617f6e0e98a319f11117c37a9e6688a10a60b2a7651e1d1b11a8337d0aa649,3,2024-03-01 10:08:23,2024-03-01 10:08:23,1,0.0,0.0,0.0,0.0,0.0,0.0,0,0,0,0.0,0.0,False,0.0,0.0,0.0,0,,,
57617f6e0e98a319f11117c37a9e6688a10a60b2a7651e1d1b11a8337d0aa649,4,2024-03-01 10:40:56,2024-03-01 11:08:05,297,0.8282828282828283,32.505050505050505,70.0,0.9444444444444443,0.8999999999999997,3.239999999999998,0,0,0,14.188055555555554,27.15,True,0.0,32.505050505050505,39.24390243902439,0,0.0,0.0,0.0
57617f6e0e98a319f11117c37a9e6688a10a60b2a7651e1d1b11a8337d0aa649,5,2024-03-01 11:51:20,2024-03-01 11:53:02,19,0.15789473684210525,0.6842105263157895,3.599999999999987,0.08611111111111028,0.1583333333333329,0.5699999999999985,0,0,0,0.018333333333333333,1.7,False,0.0,0.6842105263157895,4.333333333333333,0,0.0,0.0,0.0
57617f6e0e98a319f11117c37a9e6688a10a60b2a7651e1d1b11a8337d0aa649,6,2024-03-01 12:53:21,2024-03-01 12:53:21,1,0.0,0.0,0.0,0.0,0.0,0.0,0,0,0,0.0,0.0,False,0.0,0.0,0.0,0,,,
580d5712b7df37f896bd12d6d595675f8795e336f5c4b6212c11115095b98551,1,2024-03-01 00:00:00,2024-03-01 00:00:11,3,0.0,0.0,0.0,0.0,-0.0,-0.0,0,0,0,0.0,0.18333333333333332,False,1.0,0.0,0.0,0,,,
580d5712b7df37f896bd12d6d595675f8795e336f5c4b6212c11115095b98551,2,2024-03-01 01:00:15,2024-03-01 01:00:15,1,0.0,0.0,0.0,0.0,0.0,0.0,0,0,0,0.0,0.0,False,1.0,0.0,0.0,0,,,
580d5712b7df37f896bd12d6d595675f8795e336f5c4b6212c11115095b98551,3,2024-03-01 07:05:50,2024-03-01 07:53:25,549,0.639344262295082,21.203096539162114,53.0,0.6333333333333343,0.8333333333333333,3.0,0,0,0,17.041944444444447,47.583333333333336,True,0.0,21.203096539162114,33.16381766381766,0,0.0,0.0,0.0
580d5712b7df37f896bd12d6d595675f8795e336f5c4b6212c11115095b98551,4,2024-03-01 07:59:22,2024-03-01 08:13:47,155,0.5870967741935483,14.496774193548386,48.0,0.7555555555555538,0.8541666666666654,3.0749999999999957,0,0,0,3.1555555555555554,14.416666666666666,True,0.0,14.496774193548386,24.692307692307693,0,0.0,0.0,0.0
580d5712b7df37f896bd12d6d595675f8795e336f5c4b6212c11115095b98551,5,2024-03-01 08:52:00,2024-03-01 08:53:40,20,0.0,0.0,0.0,0.0,0.0,0.0,0,0,0,0.0,1.6666666666666667,False,0.0,0.0,0.0,0,,,
580d5712b7df37f896bd12d6d595675f8795e336f5c4b6212c11115095b98551,6,2024-03-01 09:53:45,2024-03-01 09:53:45,1,0.0,0.0,0.0,0.0,0.0,0.0,0,0,0,0.0,0.0,False,0.0,0.0,0.0,0,,,
580d5712b7df37f896bd12d6d595675f8795e336f5c4b6212c11115095b98551,7,2024-03-01 10:54:35,2024-03-01 10:54:35,1,0.0,0.0,0.0,0.0,0.0,0.0,0,0,0,0.0,0.0,False,0.0,0.0,0.0,0,,,
580d5712b7df37f896bd12d6d595675f8795e336f5c4b6212c11115095b98551,8,2024-03-01 15:22:34,2024-03-01 15:22:34,1,1.0,5.0,5.0,0.0,0.0,0.0,0,0,0,0.0,0.0,False,0.0,5.0,5.0,0,,,
582328dbfd9d5f16d0275ea62761f042792a37f14a717e22fa1d8714a175c43e,1,2024-03-01 03:45:19,2024-03-01 04:21:35,345,0.9652173913043478,44.56521739130435,64.0,0.3888888888888889,0.48888888888888954,1.7600000000000022,0,0,0,25.300277777777776,36.266666666666666,True,1.0,44.56521739130435,46.171171171171174,0,0.0,0.0,0.0
582328dbfd9d5f16d0275ea62761f042792a37f14a717e22fa1d8714a175c43e,2,2024-03-01 06:35:23,2024-03-01 06:35:23,1,0.0,0.0,0.0,0.0,0.0,0.0,0,0,0,0.0,0.0,False,0.0,0.0,0.0,0,,,
582328dbfd9d5f16d0275ea62761f042792a37f14a717e22fa1d8714a175c43e,3,2024-03-01 06:59:27,2024-03-01 07:01:14,12,0.5833333333333334,10.833333333333334,24.45,1.3541666666666652,0.2636574074074071,0.9491666666666658,1,0,0,0.16277777777777777,1.7833333333333334,True,0.0,10.833333333333334,18.571428571428573,0,0.0,6.143344709897611,0.0
582328dbfd9d5f16d0275ea62761f042792a37f14a717e22fa1d8714a175c43e,4,2024-03-01 07:55:04,2024-03-01 08:05:21,119,0.8907563025210085,11.210084033613445,31.0,0.611111111111111,0.7222222222222221,2.6,0,0,0,1.9355555555555555,10.283333333333333,True,0.0,11.210084033613445,12.584905660377359,0,0.0,0.0,0.0
582328dbfd9d5f16d0275ea62761f042792a37f14a717e22fa1d8714a175c43e,5,2024-03-01 10:05:32,2024-03-01 10:05:32,1,0.0,0.0,0.0,0.0,0.0,0.0,0,0,0,0.0,0.0,False,0.0,0.0,0.0,0,,,
582328dbfd9d5f16d0275ea62761f042792a37f14a717e22fa1d8714a175c43e,6,2024-03-01 11:14:14,2024-03-01 11:16:28,2,0.0,0.0,0.0,0.0,0.0,0.0,0,0,0,0.0,2.2333333333333334,False,0.0,0.0,0.0,0,,,
582328dbfd9d5f16d0275ea62761f042792a37f14a717e22fa1d8714a175c43e,7,2024-03-01 13:09:49,2024-03-01 13:12:34,22,0.6363636363636364,6.2727272727272725,26.549999999999994,0.4972222222222222,0.33333333333333337,1.2,0,0,0,0.19944444444444442,2.75,True,0.0,6.2727272727272725,9.857142857142858,0,0.0,0.0,0.0
582328dbfd9d5f16d0275ea62761f042792a37f14a717e22fa1d8714a175c43e,8,2024-03-01 14:18:01,2024-03-01 14:24:59,66,0.9393939393939394,22.954545454545453,49.5,0.6087962962962963,0.5856481481481481,2.1083333333333334,0,0,0,2.2588888888888885,6.966666666666667,True,0.0,22.954545454545453,24.43548387096774,0,0.0,0.0,0.0
582328dbfd9d5f16d0275ea62761f042792a37f14a717e22fa1d8714a175c43e,9,2024-03-01 14:43:30,2024-03-01 14:49:09,57,0.38596491228070173,6.4035087719298245,28.599999999999966,0.7962962962962961,0.5222222222222217,1.8799999999999983,1,0,0,0.4691666666666666,5.65,True,0.0,6.4035087719298245,16.59090909090909,0,0.0,2.1314387211367674,0.0
58369f67c60a15708fdad391ea9bb2adc94bc421bfc6a415aec5a62b061c7876,1,2024-03-01 00:46:15,2024-03-01 00:46:15,1,1.0,18.0,18.0,0.0,0.0,0.0,0,0,0,0.0,0.0,False,1.0,18.0,18.0,0,,,
58369f67c60a15708fdad391ea9bb2adc94bc421bfc6a415aec5a62b061c7876,2,2024-03-01 04:25:27,2024-03-01 04:25:27,1,0.0,0.0,0.0,0.0,0.0,0.0,0,0,0,0.0,0.0,False,1.0,0.0,0.0,0,,,
58369f67c60a15708fdad391ea9bb2adc94bc421bfc6a415aec5a62b061c7876,3,2024-03-01 08:06:47,2024-03-01 08:06:47,1,0.0,0.0,0.0,0.0,0.0,0.0,0,0,0,0.0,0.0,False,0.0,0.0,0.0,0,,,
58369f67c60a15708fdad391ea9bb2adc94bc421bfc6a415aec5a62b061c7876,4,2024-03-01 09:19:37,2024-03-01 09:19:37,1,0.0,0.0,0.0,0.0,0.0,0.0,0,0,0,0.0,0.0,False,0.0,0.0,0.0,0,,,
58369f67c60a15708fdad391ea9bb2adc94bc421bfc6a415aec5a62b061c7876,5,2024-03-01 10:32:58,2024-03-01 10:32:58,1,1.0,1.0,1.0,0.0,0.0,0.0,0,0,0,0.0,0.0,False,0.0,1.0,1.0,0,,,
58369f67c60a15708fdad391ea9bb2adc94bc421bfc6a415aec5a62b061c7876,6,2024-03-01 11:50:04,2024-03-01 11:51:22,2,0.0,0.0,0.0,0.0,0.0,0.0,0,0,0,0.0,1.3,False,0.0,0.0,0.0,0,,,
58369f67c60a15708fdad391ea9bb2adc94bc421bfc6a415aec5a62b061c7876,7,2024-03-01 12:42:35,2024-03-01 12:47:53,64,1.0,39.609375,87.54999999999998,1.2527777777777767,1.1027777777777772,3.969999999999999,0,0,0,3.5252777777777773,5.3,True,0.0,39.609375,39.609375,0,0.0,0.0,0.0
58369f67c60a15708fdad391ea9bb2adc94bc421bfc6a415aec5a62b061c7876,8,2024-03-01 12:56:08,2024-03-01 13:18:09,234,0.9743589743589743,56.7008547008547,85.69999999999999,0.6240740740740739,0.7449074074074069,2.6816666666666653,0,0,0,20.273888888888884,22.016666666666666,True,0.0,56.7008547008547,58.19298245614035,0,0.0,0.0,0.0
58369f67c60a15708fdad391ea9bb2adc94bc421bfc6a415aec5a62b061c7876,9,2024-03-01 13:33:04,2024-03-01 14:09:04,410,0.7560975609756098,33.01341463414634,81.0,0.6569444444444406,0.6018518518518517,2.1666666666666665,1,0,0,19.484583333333333,36.0,True,0.0,33.01341463414634,43.66290322580645,0,0.0,0.051322626863118274,0.0
58369f67c60a15708fdad391ea9bb2adc94bc421bfc6a415aec5a62b061c7876,10,2024-03-01 14:38:27,2024-03-01 15:34:45,600,0.945,68.04666666666667,118.0,0.7249999999999973,1.055555555555555,3.8,0,3,0,63.882222222222225,56.3,True,0.0,68.04666666666667,72.00705467372134,0,0.046961422061432494,0.0,0.0
58369f67c60a15708fdad391ea9bb2adc94bc421bfc6a415aec5a62b061c7876,11,2024-03-01 15:49:13,2024-03-01 16:01:52,148,0.7364864864864865,30.675675675675677,97.30000000000001,0.9625000000000001,1.2013888888888895,4.325000000000003,0,0,0,6.497499999999999,12.65,True,0.0,30.675675675675677,41.65137614678899,0,0.0,0.0,0.0
5840a7929a87bb2acc03d8ba0849b854400d58e4544b6b258d83d21fd8deb87e,1,2024-03-01 10:09:59,2024-03-01 10:17:58,93,0.6989247311827957,8.580645161290322,25.0,0.7222222222222222,0.5222222222222217,1.8799999999999983,0,0,0,1.1341666666666665,7.983333333333333,True,0.0,8.580645161290322,12.276923076923078,0,0.0,0.0,0.0
5840a7929a87bb2acc03d8ba0849b854400d58e4544b6b258d83d21fd8deb87e,2,2024-03-01 11:06:52,2024-03-01 11:13:21,75,0.7466666666666667,17.30666666666667,48.599999999999994,0.6916666666666658,0.7027777777777776,2.53,0,0,0,1.911111111111111,6.483333333333333,True,0.0,17.30666666666667,23.178571428571427,0,0.0,0.0,0.0
5840a7929a87bb2acc03d8ba0849b854400d58e4544b6b258d83d21fd8deb87e,3,2024-03-01 15:27:52,2024-03-01 15:55:11,310,0.8419354838709677,22.941935483870967,59.0,0.6111111111111112,0.6819444444444447,2.455000000000001,0,0,0,10.618333333333332,27.316666666666666,True,0.0,22.941935483870967,27.24904214559387,0,0.0,0.0,0.0
5840a7929a87bb2acc03d8ba0849b854400d58e4544b6b258d83d21fd8deb87e,4,2024-03-01 16:19:29,2024-03-01 16:36:33,189,0.8624338624338624,34.96825396825397,64.0,0.7222222222222221,0.7222222222222222,2.6,0,0,0,9.621388888888887,17.066666666666666,True,0.0,34.96825396825397,40.54601226993865,0,0.0,0.0,0.0
5840a7929a87bb2acc03d8ba0849b854400d58e4544b6b258d83d21fd8deb87e,5,2024-03-01 18:18:05,2024-03-01 18:24:46,71,0.6901408450704225,10.549295774647888,33.0,0.8657407407407406,0.7638888888888888,2.75,0,0,0,0.9616666666666666,6.683333333333334,True,0.0,10.549295774647888,15.285714285714286,0,0.0,0.0,0.0
587e0b2498e72a1c81fb61336d36a8106dce44d980bd247a7fd18cc76c3a7d60,1,2024-03-01 06:46:23,2024-03-01 07:52:01,742,0.9622641509433962,96.90633423180593,186.89999999999986,0.9020833333333323,1.1083333333333292,3.9899999999999864,2,1,0,103.57972222222222,65.63333333333334,True,0.0,96.90633423180593,100.70658263305322,0,0.009654399322046626,0.019308798644093253,0.0
587e0b2498e72a1c81fb61336d36a8106dce44d980bd247a7fd18cc76c3a7d60,2,2024-03-01 08:52:01,2024-03-01 08:52:01,1,0.0,0.0,0.0,0.0,0.0,0.0,0,0,0,0.0,0.0,False,0.0,0.0,0.0,0,,,
587e0b2498e72a1c81fb61336d36a8106dce44d980bd247a7fd18cc76c3a7d60,3,2024-03-01 09:52:51,2024-03-01 09:52:51,1,0.0,0.0,0.0,0.0,0.0,0.0,0,0,0,0.0,0.0,False,0.0,0.0,0.0,0,,,
587e0b2498e72a1c81fb61336d36a8106dce44d980bd247a7fd18cc76c3a7d60,4,2024-03-01 11:01:43,2024-03-01 11:01:43,1,0.0,0.0,0.0,0.0,0.0,0.0,0,0,0,0.0,0.0,False,0.0,0.0,0.0,0,,,
587e0b2498e72a1c81fb61336d36a8106dce44d980bd247a7fd18cc76c3a7d60,5,2024-03-01 12:10:42,2024-03-01 12:10:42,1,0.0,0.0,0.0,0.0,0.0,0.0,0,0,0,0.0,0.0,False,0.0,0.0,0.0,0,,,
587e0b2498e72a1c81fb61336d36a8106dce44d980bd247a7fd18cc76c3a7d60,6,2024-03-01 13:19:42,2024-03-01 13:19:42,1,0.0,0.0,0.0,0.0,0.0,0.0,0,0,0,0.0,0.0,False,0.0,0.0,0.0,0,,,
587e0b2498e72a1c81fb61336d36a8106dce44d980bd247a7fd18cc76c3a7d60,7,2024-03-01 14:28:38,2024-03-01 14:28:38,1,0.0,0.0,0.0,0.0,0.0,0.0,0,0,0,0.0,0.0,False,0.0,0.0,0.0,0,,,
587e0b2498e72a1c81fb61336d36a8106dce44d980bd247a7fd18cc76c3a7d60,8,2024-03-01 15:37:29,2024-03-01 15:37:29,1,0.0,0.0,0.0,0.0,0.0,0.0,0,0,0,0.0,0.0,False,0.0,0.0,0.0,0,,,
587e0b2498e72a1c81fb61336d36a8106dce44d980bd247a7fd18cc76c3a7d60,9,2024-03-01 16:46:19,2024-03-01 16:46:19,1,0.0,0.0,0.0,0.0,0.0,0.0,0,0,0,0.0,0.0,False,0.0,0.0,0.0,0,,,
587e0b2498e72a1c81fb61336d36a8106dce44d980bd247a7fd18cc76c3a7d60,10,2024-03-01 17:55:17,2024-03-01 17:55:17,1,0.0,0.0,0.0,0.0,0.0,0.0,0,0,0,0.0,0.0,False,0.0,0.0,0.0,0,,,
58c63b27ac839a127d3c8b4cac1a956903d4a8681e1b3b2c612fb946f526fd97,1,2024-03-01 07:45:22,2024-03-01 07:45:22,1,0.0,0.0,0.0,0.0,0.0,0.0,0,0,0,0.0,0.0,False,0.0,0.0,0.0,0,,,
58c63b27ac839a127d3c8b4cac1a956903d4a8681e1b3b2c612fb946f526fd97,2,2024-03-01 09:23:23,2024-03-01 09:45:32,250,0.66,8.18,29.0,0.38055555555555526,0.4319444444444439,1.5549999999999984,0,0,0,2.9966666666666666,22.15,True,0.0,8.18,12.393939393939394,0,0.0,0.0,0.0
58c63b27ac839a127d3c8b4cac1a956903d4a8681e1b3b2c612fb946f526fd97,3,2024-03-01 10:45:46,2024-03-01 10:45:46,1,0.0,0.0,0.0,0.0,0.0,0.0,0,0,0,0.0,0.0,False,0.0,0.0,0.0,0,,,
58c63b27ac839a127d3c8b4cac1a956903d4a8681e1b3b2c612fb946f526fd97,4,2024-03-01 15:07:30,2024-03-01 15:07:30,1,0.0,0.0,0.0,0.0,0.0,0.0,0,0,0,0.0,0.0,False,0.0,0.0,0.0,0,,,
58c63b27ac839a127d3c8b4cac1a956903d4a8681e1b3b2c612fb946f526fd97,5,2024-03-01 17:21:00,2024-03-01 17:46:18,277,0.5487364620938628,6.675090252707581,24.19999999999999,0.47037037037037005,0.42222222222222194,1.519999999999999,0,0,0,2.7080555555555557,25.3,True,0.0,6.675090252707581,12.164473684210526,0,0.0,0.0,0.0
58c63b27ac839a127d3c8b4cac1a956903d4a8681e1b3b2c612fb946f526fd97,6,2024-03-01 18:11:08,2024-03-01 18:25:43,169,0.8106508875739645,11.041420118343195,25.0,0.5,0.533333333333333,1.9199999999999988,0,0,0,2.740555555555556,14.583333333333334,True,0.0,11.041420118343195,13.620437956204379,0,0.0,0.0,0.0
58d70024d44f70836558d2f1f29d12ec6523e6f797154f635664c3c3c614caca,1,2024-03-01 08:25:22,2024-03-01 08:54:39,327,0.9174311926605505,31.53822629969419,91.39999999999998,0.5555555555555554,0.5,1.8,0,1,0,15.085555555555555,29.283333333333335,True,0.0,31.53822629969419,34.376666666666665,0,0.0662885762686897,0.0,0.0
58d70024d44f70836558d2f1f29d12ec6523e6f797154f635664c3c3c614caca,2,2024-03-01 09:02:39,2024-03-01 09:46:41,456,0.4232456140350877,18.29824561403509,74.25,0.5555555555555555,0.833333333333333,3.0,0,0,0,15.860833333333332,44.03333333333333,True,0.0,18.29824561403509,43.233160621761655,0,0.0,0.0,0.0
58d70024d44f70836558d2f1f29d12ec6523e6f797154f635664c3c3c614caca,3,2024-03-01 10:21:57,2024-03-01 10:23:54,24,0.5416666666666666,7.708333333333333,26.699999999999996,0.8138888888888879,0.9277777777777775,3.339999999999999,0,0,0,0.2247222222222222,1.95,True,0.0,7.708333333333333,14.23076923076923,0,0.0,0.0,0.0
58d70024d44f70836558d2f1f29d12ec6523e6f797154f635664c3c3c614caca,4,2024-03-01 11:23:59,2024-03-01 11:23:59,1,0.0,0.0,0.0,0.0,0.0,0.0,0,0,0,0.0,0.0,False,0.0,0.0,0.0,0,,,
58d70024d44f70836558d2f1f29d12ec6523e6f797154f635664c3c3c614caca,5,2024-03-01 12:10:51,2024-03-01 12:14:36,34,0.7941176470588235,11.911764705882353,24.0,0.5388888888888886,0.7592592592592587,2.733333333333332,0,0,0,0.5836111111111112,3.75,True,0.0,11.911764705882353,15.0,0,0.0,0.0,0.0
58d70024d44f70836558d2f1f29d12ec6523e6f797154f635664c3c3c614caca,6,2024-03-01 15:33:52,2024-03-01 15:50:10,178,0.9101123595505618,51.06741573033708,96.0,0.6236111111111118,0.8333333333333333,3.0,0,0,0,13.026666666666666,16.3,True,0.0,51.06741573033708,56.111111111111114,0,0.0,0.0,0.0
59124513a25499d017d1fbc912566653892eac7c2236be151bf84ec37b24a9b3,1,2024-03-01 06:44:45,2024-03-01 06:44:45,1,0.0,0.0,0.0,0.0,0.0,0.0,0,0,0,0.0,0.0,False,0.0,0.0,0.0,0,,,
59124513a25499d017d1fbc912566653892eac7c2236be151bf84ec37b24a9b3,2,2024-03-01 09:05:22,2024-03-01 09:05:22,1,0.0,0.0,0.0,0.0,0.0,0.0,0,0,0,0.0,0.0,False,0.0,0.0,0.0,0,,,
592d1219f4c291102c7909f109659674011008f2d9e8d92078e3bf7a0bf7abc3,1,2024-03-01 01:49:35,2024-03-01 01:49:35,1,0.0,0.0,0.0,0.0,0.0,0.0,0,0,0,0.0,0.0,False,1.0,0.0,0.0,0,,,
592d1219f4c291102c7909f109659674011008f2d9e8d92078e3bf7a0bf7abc3,2,2024-03-01 04:23:31,2024-03-01 04:23:31,1,1.0,3.0,3.0,0.0,0.0,0.0,0,0,0,0.0,0.0,False,1.0,3.0,3.0,0,,,
592d1219f4c291102c7909f109659674011008f2d9e8d92078e3bf7a0bf7abc3,3,2024-03-01 05:40:34,2024-03-01 05:40:34,1,1.0,1.0,1.0,0.0,0.0,0.0,0,0,0,0.0,0.0,False,1.0,1.0,1.0,0,,,
592d1219f4c291102c7909f109659674011008f2d9e8d92078e3bf7a0bf7abc3,4,2024-03-01 06:57:43,2024-03-01 06:57:43,1,1.0,5.0,5.0,0.0,0.0,0.0,0,0,0,0.0,0.0,False,0.0,5.0,5.0,0,,,
592d1219f4c291102c7909f109659674011008f2d9e8d92078e3bf7a0bf7abc3,5,2024-03-01 08:14:52,2024-03-01 08:14:52,1,0.0,0.0,0.0,0.0,0.0,0.0,0,0,0,0.0,0.0,False,0.0,0.0,0.0,0,,,
592d1219f4c291102c7909f109659674011008f2d9e8d92078e3bf7a0bf7abc3,6,2024-03-01 13:22:18,2024-03-01 13:22:18,1,0.0,0.0,0.0,0.0,0.0,0.0,0,0,0,0.0,0.0,False,0.0,0.0,0.0,0,,,
592d1219f4c291102c7909f109659674011008f2d9e8d92078e3bf7a0bf7abc3,7,2024-03-01 15:54:20,2024-03-01 15:54:20,1,0.0,0.0,0.0,0.0,0.0,0.0,0,0,0,0.0,0.0,False,0.0,0.0,0.0,0,,,
59d0c862324d7a3e0f47aa824ef242868f59c190daa5fb392bd0f435706218cc,1,2024-03-01 10:23:35,2024-03-01 10:38:12,125,0.456,13.76,56.599999999999994,0.5074074074074074,0.611111111111111,2.2,0,0,0,2.5272222222222216,14.616666666666667,True,0.0,13.76,30.17543859649123,0,0.0,0.0,0.0
59d0c862324d7a3e0f47aa824ef242868f59c190daa5fb392bd0f435706218cc,2,2024-03-01 10:43:24,2024-03-01 10:51:01,91,0.5714285714285714,14.527472527472527,42.0,0.8888888888888888,0.6666666666666666,2.4000000000000004,0,0,0,1.826111111111111,7.616666666666666,True,0.0,14.527472527472527,25.423076923076923,0,0.0,0.0,0.0
59d0c862324d7a3e0f47aa824ef242868f59c190daa5fb392bd0f435706218cc,3,2024-03-01 10:56:44,2024-03-01 11:04:29,89,0.39325842696629215,4.404494382022472,22.99999999999997,0.3888888888888889,0.2777777777777778,1.0,0,0,0,0.575,7.75,True,0.0,4.404494382022472,11.2,0,0.0,0.0,0.0
59d0c862324d7a3e0f47aa824ef242868f59c190daa5fb392bd0f435706218cc,4,2024-03-01 12:04:13,2024-03-01 12:04:13,1,0.0,0.0,0.0,0.0,0.0,0.0,0,0,0,0.0,0.0,False,0.0,0.0,0.0,0,,,
5caaaeb74f9ac2ae91fa3c7d26513cddd371176148d0de6d6f76b369d67b6ce7,1,2024-03-01 00:22:12,2024-03-01 00:51:13,290,0.8689655172413793,34.820689655172416,95.10000000000002,0.6018518518518517,0.601851851851852,2.1666666666666665,0,0,0,15.3,29.016666666666666,True,1.0,34.820689655172416,40.07142857142857,0,0.0,0.0,0.0
5caaaeb74f9ac2ae91fa3c7d26513cddd371176148d0de6d6f76b369d67b6ce7,2,2024-03-01 08:02:50,2024-03-01 08:02:50,1,0.0,0.0,0.0,0.0,0.0,0.0,0,0,0,0.0,0.0,False,0.0,0.0,0.0,0,,,
5caaaeb74f9ac2ae91fa3c7d26513cddd371176148d0de6d6f76b369d67b6ce7,3,2024-03-01 08:36:00,2024-03-01 08:36:00,1,0.0,0.0,0.0,0.0,0.0,0.0,0,0,0,0.0,0.0,False,0.0,0.0,0.0,0,,,
5caaaeb74f9ac2ae91fa3c7d26513cddd371176148d0de6d6f76b369d67b6ce7,4,2024-03-01 09:36:14,2024-03-01 09:36:14,1,0.0,0.0,0.0,0.0,0.0,0.0,0,0,0,0.0,0.0,False,0.0,0.0,0.0,0,,,
5cba5908dc9494c75d562de333f076eebba755f5fbe15973fceb1ba036cdb174,1,2024-03-01 08:09:35,2024-03-01 08:34:13,252,0.6626984126984127,12.964285714285714,48.89999999999998,0.6486111111111103,0.611111111111111,2.2,0,0,0,4.711111111111111,24.633333333333333,True,0.0,12.964285714285714,19.562874251497007,0,0.0,0.0,0.0
5cba5908dc9494c75d562de333f076eebba755f5fbe15973fceb1ba036cdb174,2,2024-03-01 08:53:51,2024-03-01 08:54:45,6,0.0,0.0,0.0,0.0,-0.0,-0.0,0,0,0,0.0,0.9,False,0.0,0.0,0.0,0,,,
5cba5908dc9494c75d562de333f076eebba755f5fbe15973fceb1ba036cdb174,3,2024-03-01 09:54:47,2024-03-01 09:54:47,1,0.0,0.0,0.0,0.0,0.0,0.0,0,0,0,0.0,0.0,False,0.0,0.0,0.0,0,,,
5cba5908dc9494c75d562de333f076eebba755f5fbe15973fceb1ba036cdb174,4,2024-03-01 13:22:06,2024-03-01 13:22:06,1,0.0,0.0,0.0,0.0,0.0,0.0,0,0,0,0.0,0.0,False,0.0,0.0,0.0,0,,,
5cba5908dc9494c75d562de333f076eebba755f5fbe15973fceb1ba036cdb174,5,2024-03-01 14:08:58,2024-03-01 14:12:13,38,0.8947368421052632,17.94736842105263,32.04999999999999,0.6277777777777775,0.644444444444444,2.319999999999999,0,0,0,0.9686111111111109,3.25,True,0.0,17.94736842105263,20.058823529411764,0,0.0,0.0,0.0
5cba5908dc9494c75d562de333f076eebba755f5fbe15973fceb1ba036cdb174,6,2024-03-01 16:10:33,2024-03-01 16:35:42,293,0.6348122866894198,10.631399317406144,42.799999999999955,0.6888888888888877,0.5092592592592592,1.8333333333333333,0,0,0,4.407222222222222,25.15,True,0.0,10.631399317406144,16.747311827956988,0,0.0,0.0,0.0
5cba5908dc9494c75d562de333f076eebba755f5fbe15973fceb1ba036cdb174,7,2024-03-01 16:49:30,2024-03-01 16:51:11,7,0.2857142857142857,3.2857142857142856,12.499999999999996,0.0,0.20277777777777767,0.7299999999999996,0,0,0,0.0375,1.6833333333333333,True,0.0,3.2857142857142856,11.5,0,0.0,0.0,0.0
5cba5908dc9494c75d562de333f076eebba755f5fbe15973fceb1ba036cdb174,8,2024-03-01 17:05:39,2024-03-01 17:09:36,49,0.7346938775510204,10.571428571428571,25.0,0.8055555555555551,0.7555555555555553,2.719999999999999,0,0,0,0.6952777777777777,3.95,True,0.0,10.571428571428571,14.38888888888889,0,0.0,0.0,0.0
5da5a92caa4b9bfa1afe2ab7578e2f84ef3266d6bba647134e094914427fef0c,1,2024-03-01 02:49:39,2024-03-01 02:49:39,1,1.0,3.0,3.0,0.0,0.0,0.0,0,0,0,0.0,0.0,False,1.0,3.0,3.0,0,,,
5da5a92caa4b9bfa1afe2ab7578e2f84ef3266d6bba647134e094914427fef0c,2,2024-03-01 04:00:10,2024-03-01 04:00:10,1,0.0,0.0,0.0,0.0,0.0,0.0,0,0,0,0.0,0.0,False,1.0,0.0,0.0,0,,,
5da5a92caa4b9bfa1afe2ab7578e2f84ef3266d6bba647134e094914427fef0c,3,2024-03-01 05:11:26,2024-03-01 05:11:26,1,0.0,0.0,0.0,0.0,0.0,0.0,0,0,0,0.0,0.0,False,1.0,0.0,0.0,0,,,
5da5a92caa4b9bfa1afe2ab7578e2f84ef3266d6bba647134e094914427fef0c,4,2024-03-01 06:21:54,2024-03-01 06:21:54,1,0.0,0.0,0.0,0.0,0.0,0.0,0,0,0,0.0,0.0,False,0.0,0.0,0.0,0,,,
5da5a92caa4b9bfa1afe2ab7578e2f84ef3266d6bba647134e094914427fef0c,5,2024-03-01 07:32:55,2024-03-01 07:32:55,1,0.0,0.0,0.0,0.0,0.0,0.0,0,0,0,0.0,0.0,False,0.0,0.0,0.0,0,,,
5da5a92caa4b9bfa1afe2ab7578e2f84ef3266d6bba647134e094914427fef0c,6,2024-03-01 08:43:51,2024-03-01 08:43:51,1,1.0,1.0,1.0,0.0,0.0,0.0,0,0,0,0.0,0.0,False,0.0,1.0,1.0,0,,,
5da5a92caa4b9bfa1afe2ab7578e2f84ef3266d6bba647134e094914427fef0c,7,2024-03-01 09:07:02,2024-03-01 09:13:45,77,0.4025974025974026,8.883116883116884,40.400000000000006,1.6851851851851853,1.2666666666666673,4.560000000000002,0,0,0,0.6880555555555554,6.716666666666667,True,0.0,8.883116883116884,22.06451612903226,0,0.0,0.0,0.0
5da5a92caa4b9bfa1afe2ab7578e2f84ef3266d6bba647134e094914427fef0c,8,2024-03-01 10:03:41,2024-03-01 10:03:41,1,0.0,0.0,0.0,0.0,0.0,0.0,0,0,0,0.0,0.0,False,0.0,0.0,0.0,0,,,
5da5a92caa4b9bfa1afe2ab7578e2f84ef3266d6bba647134e094914427fef0c,9,2024-03-01 10:31:24,2024-03-01 10:32:32,14,0.6428571428571429,11.428571428571429,31.099999999999998,0.7138888888888887,0.5282407407407407,1.9016666666666662,0,0,0,0.23277777777777778,1.1333333333333333,True,0.0,11.428571428571429,17.77777777777778,0,0.0,0.0,0.0
5da5a92caa4b9bfa1afe2ab7578e2f84ef3266d6bba647134e094914427fef0c,10,2024-03-01 10:37:55,2024-03-01 10:41:05,30,0.7666666666666667,8.166666666666666,20.399999999999977,0.6722222222222219,0.43690476190476163,1.5728571428571418,0,0,0,0.4127777777777778,3.1666666666666665,True,0.0,8.166666666666666,10.652173913043478,0,0.0,0.0,0.0
5da5a92caa4b9bfa1afe2ab7578e2f84ef3266d6bba647134e094914427fef0c,11,2024-03-01 11:40:59,2024-03-01 11:40:59,1,0.0,0.0,0.0,0.0,0.0,0.0,0,0,0,0.0,0.0,False,0.0,0.0,0.0,0,,,
5da5a92caa4b9bfa1afe2ab7578e2f84ef3266d6bba647134e094914427fef0c,12,2024-03-01 12:00:18,2024-03-01 12:07:45,92,0.7391304347826086,15.858695652173912,42.0,1.0805555555555557,1.1111111111111112,4.0,0,0,0,2.0025,7.45,True,0.0,15.858695652173912,21.455882352941178,0,0.0,0.0,0.0
5da5a92caa4b9bfa1afe2ab7578e2f84ef3266d6bba647134e094914427fef0c,13,2024-03-01 13:07:22,2024-03-01 13:07:22,1,0.0,0.0,0.0,0.0,0.0,0.0,0,0,0,0.0,0.0,False,0.0,0.0,0.0,0,,,
5da5a92caa4b9bfa1afe2ab7578e2f84ef3266d6bba647134e094914427fef0c,14,2024-03-01 13:30:05,2024-03-01 13:30:36,8,0.375,3.875,14.0,0.5055555555555551,0.5451388888888885,1.9624999999999988,0,0,0,0.026666666666666665,0.5166666666666667,True,0.0,3.875,10.333333333333334,0,0.0,0.0,0.0
5da5a92caa4b9bfa1afe2ab7578e2f84ef3266d6bba647134e094914427fef0c,15,2024-03-01 14:30:13,2024-03-01 14:30:13,1,0.0,0.0,0.0,0.0,0.0,0.0,0,0,0,0.0,0.0,False,0.0,0.0,0.0,0,,,
5da5a92caa4b9bfa1afe2ab7578e2f84ef3266d6bba647134e094914427fef0c,16,2024-03-01 15:07:10,2024-03-01 15:43:34,422,0.919431279620853,108.25592417061611,174.0,0.7222222222222221,1.0416666666666667,3.75,0,1,0,67.60638888888889,36.4,True,0.0,108.25592417061611,117.74226804123711,0,0.01479150146066077,0.0,0.0
5da5a92caa4b9bfa1afe2ab7578e2f84ef3266d6bba647134e094914427fef0c,17,2024-03-01 15:48:46,2024-03-01 16:17:37,349,0.9083094555873925,76.2378223495702,134.19999999999993,0.8333333333333336,1.2388888888888878,4.459999999999996,0,0,0,37.893055555555556,28.85,True,0.0,76.2378223495702,83.93375394321767,0,0.0,0.0,0.0
5da5a92caa4b9bfa1afe2ab7578e2f84ef3266d6bba647134e094914427fef0c,18,2024-03-01 17:17:12,2024-03-01 17:32:52,138,0.8043478260869565,30.52173913043478,57.30000000000001,1.1194444444444447,0.9930555555555564,3.575000000000003,0,0,0,5.863888888888889,15.666666666666666,True,0.0,30.52173913043478,37.945945945945944,0,0.0,0.0,0.0
5da5a92caa4b9bfa1afe2ab7578e2f84ef3266d6bba647134e094914427fef0c,19,2024-03-01 17:44:11,2024-03-01 18:30:00,514,0.9552529182879378,72.2568093385214,135.0,0.9444444444444444,1.111111111111111,4.0,2,1,0,53.03388888888889,45.81666666666667,True,0.0,72.2568093385214,75.64154786150714,0,0.018855867841317396,0.03771173568263479,0.0
5e268b1ae6a38dc83f854a74b3493ef871d1c28ca554d2eb53762c5ee56a0a6f,1,2024-03-01 00:44:41,2024-03-01 00:44:41,1,1.0,3.0,3.0,0.0,0.0,0.0,0,0,0,0.0,0.0,False,1.0,3.0,3.0,0,,,
5e268b1ae6a38dc83f854a74b3493ef871d1c28ca554d2eb53762c5ee56a0a6f,2,2024-03-01 01:50:43,2024-03-01 01:50:43,1,1.0,1.0,1.0,0.0,0.0,0.0,0,0,0,0.0,0.0,False,1.0,1.0,1.0,0,,,
5e268b1ae6a38dc83f854a74b3493ef871d1c28ca554d2eb53762c5ee56a0a6f,3,2024-03-01 02:56:54,2024-03-01 02:56:54,1,1.0,3.0,3.0,0.0,0.0,0.0,0,0,0,0.0,0.0,False,1.0,3.0,3.0,0,,,
5e268b1ae6a38dc83f854a74b3493ef871d1c28ca554d2eb53762c5ee56a0a6f,4,2024-03-01 05:08:56,2024-03-01 05:08:56,1,1.0,1.0,1.0,0.0,0.0,0.0,0,0,0,0.0,0.0,False,1.0,1.0,1.0,0,,,
5e268b1ae6a38dc83f854a74b3493ef871d1c28ca554d2eb53762c5ee56a0a6f,5,2024-03-01 06:15:04,2024-03-01 06:15:04,1,0.0,0.0,0.0,0.0,0.0,0.0,0,0,0,0.0,0.0,False,0.0,0.0,0.0,0,,,
5e268b1ae6a38dc83f854a74b3493ef871d1c28ca554d2eb53762c5ee56a0a6f,6,2024-03-01 07:21:22,2024-03-01 07:21:22,1,1.0,7.0,7.0,0.0,0.0,0.0,0,0,0,0.0,0.0,False,0.0,7.0,7.0,0,,,
5e268b1ae6a38dc83f854a74b3493ef871d1c28ca554d2eb53762c5ee56a0a6f,7,2024-03-01 08:27:25,2024-03-01 08:27:25,1,1.0,1.0,1.0,0.0,0.0,0.0,0,0,0,0.0,0.0,False,0.0,1.0,1.0,0,,,
5e268b1ae6a38dc83f854a74b3493ef871d1c28ca554d2eb53762c5ee56a0a6f,8,2024-03-01 09:33:36,2024-03-01 09:33:36,1,1.0,1.0,1.0,0.0,0.0,0.0,0,0,0,0.0,0.0,False,0.0,1.0,1.0,0,,,
5e268b1ae6a38dc83f854a74b3493ef871d1c28ca554d2eb53762c5ee56a0a6f,9,2024-03-01 13:57:55,2024-03-01 13:57:55,1,0.0,0.0,0.0,0.0,0.0,0.0,0,0,0,0.0,0.0,False,0.0,0.0,0.0,0,,,
5e268b1ae6a38dc83f854a74b3493ef871d1c28ca554d2eb53762c5ee56a0a6f,10,2024-03-01 15:03:49,2024-03-01 15:03:49,1,0.0,0.0,0.0,0.0,0.0,0.0,0,0,0,0.0,0.0,False,0.0,0.0,0.0,0,,,
5e268b1ae6a38dc83f854a74b3493ef871d1c28ca554d2eb53762c5ee56a0a6f,11,2024-03-01 16:10:30,2024-03-01 16:10:30,1,0.0,0.0,0.0,0.0,0.0,0.0,0,0,0,0.0,0.0,False,0.0,0.0,0.0,0,,,
5e268b1ae6a38dc83f854a74b3493ef871d1c28ca554d2eb53762c5ee56a0a6f,12,2024-03-01 17:15:26,2024-03-01 17:15:26,1,0.0,0.0,0.0,0.0,0.0,0.0,0,0,0,0.0,0.0,False,0.0,0.0,0.0,0,,,
5ff32ea42cb44d4d2e57344d0f33eb77bdfbe9986fac927b31fd1c10fee3c06a,1,2024-03-01 12:01:23,2024-03-01 12:01:44,5,0.0,0.0,0.0,0.0,-0.0,-0.0,0,0,0,0.0,0.35,False,0.0,0.0,0.0,0,,,
5ff32ea42cb44d4d2e57344d0f33eb77bdfbe9986fac927b31fd1c10fee3c06a,2,2024-03-01 13:03:37,2024-03-01 13:03:37,1,0.0,0.0,0.0,0.0,0.0,0.0,0,0,0,0.0,0.0,False,0.0,0.0,0.0,0,,,
5ff32ea42cb44d4d2e57344d0f33eb77bdfbe9986fac927b31fd1c10fee3c06a,3,2024-03-01 14:03:35,2024-03-01 14:03:35,1,0.0,0.0,0.0,0.0,0.0,0.0,0,0,0,0.0,0.0,False,0.0,0.0,0.0,0,,,
5ff32ea42cb44d4d2e57344d0f33eb77bdfbe9986fac927b31fd1c10fee3c06a,4,2024-03-01 17:14:53,2024-03-01 17:17:36,27,0.9629629629629629,17.444444444444443,29.0,0.5166666666666664,0.5416666666666665,1.95,0,0,0,0.8049999999999999,2.716666666666667,True,0.0,17.444444444444443,18.115384615384617,0,0.0,0.0,0.0
6073b696c96a7f15ea2732461bf6feeb24f247ae4e14301b0d2cd86cb22e832b,1,2024-03-01 11:25:28,2024-03-01 11:25:28,1,0.0,0.0,0.0,0.0,0.0,0.0,0,0,0,0.0,0.0,False,0.0,0.0,0.0,0,,,
6073b696c96a7f15ea2732461bf6feeb24f247ae4e14301b0d2cd86cb22e832b,2,2024-03-01 18:11:33,2024-03-01 18:11:33,1,1.0,1.0,1.0,0.0,0.0,0.0,0,0,0,0.0,0.0,False,0.0,1.0,1.0,0,,,
6129f34722d0455e326a53b67b9ae846c1ed65dcc7bcbf0a751b66a57f339cc4,1,2024-03-01 08:07:32,2024-03-01 08:32:06,263,0.5171102661596958,14.992395437262358,58.59999999999991,0.7124999999999977,0.9944444444444431,3.5799999999999956,0,1,0,7.8677777777777775,24.566666666666666,True,0.0,14.992395437262358,28.99264705882353,0,0.12710069199265642,0.0,0.0
6129f34722d0455e326a53b67b9ae846c1ed65dcc7bcbf0a751b66a57f339cc4,2,2024-03-01 09:59:00,2024-03-01 09:59:43,2,0.0,0.0,0.0,0.0,0.0,0.0,0,0,0,0.0,0.7166666666666667,False,0.0,0.0,0.0,0,,,
6129f34722d0455e326a53b67b9ae846c1ed65dcc7bcbf0a751b66a57f339cc4,3,2024-03-01 11:36:12,2024-03-01 11:36:12,1,0.0,0.0,0.0,0.0,0.0,0.0,0,0,0,0.0,0.0,False,0.0,0.0,0.0,0,,,
6129f34722d0455e326a53b67b9ae846c1ed65dcc7bcbf0a751b66a57f339cc4,4,2024-03-01 15:04:34,2024-03-01 15:04:39,2,1.0,38.5,53.35,0.0,1.7416666666666665,6.27,0,0,0,0.030555555555555555,0.08333333333333333,False,0.0,38.5,38.5,0,0.0,0.0,0.0
6129f34722d0455e326a53b67b9ae846c1ed65dcc7bcbf0a751b66a57f339cc4,5,2024-03-01 15:16:28,2024-03-01 15:40:03,230,0.7608695652173914,24.86304347826087,81.0,0.7326388888888877,0.8124999999999991,2.924999999999997,1,0,0,11.941249999999998,23.583333333333332,True,0.0,24.86304347826087,32.677142857142854,0,0.0,0.08374332670365331,0.0
6129f34722d0455e326a53b67b9ae846c1ed65dcc7bcbf0a751b66a57f339cc4,6,2024-03-01 15:56:59,2024-03-01 15:56:59,1,0.0,0.0,0.0,0.0,0.0,0.0,0,0,0,0.0,0.0,False,0.0,0.0,0.0,0,,,
6129f34722d0455e326a53b67b9ae846c1ed65dcc7bcbf0a751b66a57f339cc4,7,2024-03-01 16:05:13,2024-03-01 16:06:11,12,0.6666666666666666,10.75,29.699999999999996,0.933333333333333,0.6041666666666663,2.174999999999999,0,0,0,0.18194444444444446,0.9666666666666667,True,0.0,10.75,16.125,0,0.0,0.0,0.0
6129f34722d0455e326a53b67b9ae846c1ed65dcc7bcbf0a751b66a57f339cc4,8,2024-03-01 16:11:44,2024-03-01 16:41:42,343,0.7084548104956269,19.91399416909621,64.0,0.772222222222221,0.7870370370370372,2.8333333333333335,0,0,0,10.1875,29.966666666666665,True,0.0,19.91399416909621,28.109053497942387,0,0.0,0.0,0.0
6129f34722d0455e326a53b67b9ae846c1ed65dcc7bcbf0a751b66a57f339cc4,9,2024-03-01 17:41:50,2024-03-01 17:41:50,1,0.0,0.0,0.0,0.0,0.0,0.0,0,0,0,0.0,0.0,False,0.0,0.0,0.0,0,,,
62a80469ebcdbb99381e5c63eea1804284413f2710db1966517e87b747b4cb37,1,2024-03-01 04:05:34,2024-03-01 04:05:34,1,0.0,0.0,0.0,0.0,0.0,0.0,0,0,0,0.0,0.0,False,1.0,0.0,0.0,0,,,
62a80469ebcdbb99381e5c63eea1804284413f2710db1966517e87b747b4cb37,2,2024-03-01 07:36:58,2024-03-01 07:36:58,1,0.0,0.0,0.0,0.0,0.0,0.0,0,0,0,0.0,0.0,False,0.0,0.0,0.0,0,,,
62a80469ebcdbb99381e5c63eea1804284413f2710db1966517e87b747b4cb37,3,2024-03-01 10:05:10,2024-03-01 10:13:39,73,0.8356164383561644,18.301369863013697,37.39999999999999,0.611111111111111,0.8333333333333333,3.0,0,0,0,2.238611111111111,8.483333333333333,True,0.0,18.301369863013697,21.901639344262296,0,0.0,0.0,0.0
62a80469ebcdbb99381e5c63eea1804284413f2710db1966517e87b747b4cb37,4,2024-03-01 11:13:53,2024-03-01 11:13:53,1,0.0,0.0,0.0,0.0,0.0,0.0,0,0,0,0.0,0.0,False,0.0,0.0,0.0,0,,,
62a80469ebcdbb99381e5c63eea1804284413f2710db1966517e87b747b4cb37,5,2024-03-01 13:23:20,2024-03-01 13:24:35,16,0.5625,16.4375,36.75,0.24768518518518515,0.8472222222222222,3.05,0,0,0,0.3436111111111111,1.25,True,0.0,16.4375,29.22222222222222,0,0.0,0.0,0.0
62a80469ebcdbb99381e5c63eea1804284413f2710db1966517e87b747b4cb37,6,2024-03-01 13:40:34,2024-03-01 13:40:34,1,0.0,0.0,0.0,0.0,0.0,0.0,0,0,0,0.0,0.0,False,0.0,0.0,0.0,0,,,
62a80469ebcdbb99381e5c63eea1804284413f2710db1966517e87b747b4cb37,7,2024-03-01 14:01:36,2024-03-01 14:02:24,9,0.5555555555555556,10.222222222222221,25.799999999999997,0.7666666666666665,0.13888888888888884,0.4999999999999997,0,0,0,0.13416666666666666,0.8,True,0.0,10.222222222222221,18.4,0,0.0,0.0,0.0
62a80469ebcdbb99381e5c63eea1804284413f2710db1966517e87b747b4cb37,8,2024-03-01 14:09:14,2024-03-01 14:12:26,37,0.5405405405405406,8.567567567567568,29.0,0.4555555555555547,0.3444444444444442,1.239999999999999,0,0,0,0.4672222222222222,3.2,True,0.0,8.567567567567568,15.85,0,0.0,0.0,0.0
62a80469ebcdbb99381e5c63eea1804284413f2710db1966517e87b747b4cb37,9,2024-03-01 14:17:42,2024-03-01 14:39:26,239,0.8368200836820083,21.673640167364017,75.19999999999999,0.6166666666666666,0.611111111111111,2.2,0,0,0,7.6305555555555555,21.733333333333334,True,0.0,21.673640167364017,25.9,0,0.0,0.0,0.0
62a80469ebcdbb99381e5c63eea1804284413f2710db1966517e87b747b4cb37,10,2024-03-01 14:56:03,2024-03-01 15:19:18,200,0.805,26.56,88.19999999999993,0.7277777777777757,0.8361111111111101,3.0099999999999967,0,0,0,8.348055555555554,23.25,True,0.0,26.56,32.993788819875775,0,0.0,0.0,0.0
62a80469ebcdbb99381e5c63eea1804284413f2710db1966517e87b747b4cb37,11,2024-03-01 16:42:54,2024-03-01 16:45:58,36,0.7222222222222222,14.722222222222221,27.5,0.4444444444444445,0.6666666666666666,2.4000000000000004,0,0,0,0.7547222222222222,3.066666666666667,True,0.0,14.722222222222221,20.384615384615383,0,0.0,0.0,0.0
62a80469ebcdbb99381e5c63eea1804284413f2710db1966517e87b747b4cb37,12,2024-03-01 17:42:16,2024-03-01 17:48:41,65,0.7230769230769231,16.00769230769231,42.0,0.9314814814814812,1.0444444444444443,3.7599999999999993,0,0,0,1.447638888888889,6.416666666666667,True,0.0,16.00769230769231,22.138297872340427,0,0.0,0.0,0.0
62a80469ebcdbb99381e5c63eea1804284413f2710db1966517e87b747b4cb37,13,2024-03-01 18:14:14,2024-03-01 18:14:46,7,0.2857142857142857,7.0,27.899999999999988,0.8833333333333331,0.0,0.0,0,0,0,0.0725,0.5333333333333333,True,0.0,7.0,24.5,0,0.0,0.0,0.0
62fbc99de5974ab918adfe5be9cdc39d8bdd496083c6102418fcb400b66ab7c7,1,2024-03-01 00:20:19,2024-03-01 00:30:05,97,0.21649484536082475,4.628865979381444,27.799999999999955,0.618518518518518,0.3740740740740738,1.3466666666666658,0,0,0,0.6430555555555555,9.766666666666667,True,1.0,4.628865979381444,21.38095238095238,0,0.0,0.0,0.0
6479d6647487c890b345d2cea8f6edc69fc1baf3e5ab43feb3314508ff2a7c30,1,2024-03-01 00:23:16,2024-03-01 00:23:16,1,0.0,0.0,0.0,0.0,0.0,0.0,0,0,0,0.0,0.0,False,1.0,0.0,0.0,0,,,
6479d6647487c890b345d2cea8f6edc69fc1baf3e5ab43feb3314508ff2a7c30,2,2024-03-01 09:21:10,2024-03-01 09:28:25,59,0.6610169491525424,9.474576271186441,24.099999999999994,0.5009259259259259,0.7222222222222221,2.6,0,0,0,0.824722222222222,7.25,True,0.0,9.474576271186441,14.333333333333334,0,0.0,0.0,0.0
6479d6647487c890b345d2cea8f6edc69fc1baf3e5ab43feb3314508ff2a7c30,3,2024-03-01 10:37:00,2024-03-01 10:37:50,2,0.0,0.0,0.0,0.0,0.0,0.0,0,0,0,0.0,0.8333333333333334,False,0.0,0.0,0.0,0,,,
6479d6647487c890b345d2cea8f6edc69fc1baf3e5ab43feb3314508ff2a7c30,4,2024-03-01 11:29:25,2024-03-01 11:29:25,1,0.0,0.0,0.0,0.0,0.0,0.0,0,0,0,0.0,0.0,False,0.0,0.0,0.0,0,,,
6479d6647487c890b345d2cea8f6edc69fc1baf3e5ab43feb3314508ff2a7c30,5,2024-03-01 13:25:40,2024-03-01 13:25:40,1,0.0,0.0,0.0,0.0,0.0,0.0,0,0,0,0.0,0.0,False,0.0,0.0,0.0,0,,,
6479d6647487c890b345d2cea8f6edc69fc1baf3e5ab43feb3314508ff2a7c30,6,2024-03-01 13:59:34,2024-03-01 14:03:42,46,0.717391304347826,12.391304347826088,39.5,0.5833333333333333,0.4374999999999999,1.5750000000000002,0,0,0,0.8258333333333334,4.133333333333334,True,0.0,12.391304347826088,17.272727272727273,0,0.0,0.0,0.0
6479d6647487c890b345d2cea8f6edc69fc1baf3e5ab43feb3314508ff2a7c30,7,2024-03-01 14:10:52,2024-03-01 14:17:21,47,0.5531914893617021,7.0212765957446805,24.0,0.5,0.47499999999999964,1.7099999999999989,0,0,0,0.48361111111111116,6.483333333333333,True,0.0,7.0212765957446805,12.692307692307692,0,0.0,0.0,0.0
6479d6647487c890b345d2cea8f6edc69fc1baf3e5ab43feb3314508ff2a7c30,8,2024-03-01 14:33:21,2024-03-01 14:35:39,27,0.8518518518518519,14.25925925925926,29.799999999999997,0.6111111111111112,0.7999999999999998,2.88,0,0,0,0.5680555555555556,2.3,True,0.0,14.25925925925926,16.73913043478261,0,0.0,0.0,0.0
6479d6647487c890b345d2cea8f6edc69fc1baf3e5ab43feb3314508ff2a7c30,9,2024-03-01 14:47:11,2024-03-01 14:56:47,112,0.9375,40.30357142857143,79.89999999999998,0.883333333333332,1.025462962962959,3.691666666666653,0,0,0,6.624166666666666,9.6,True,0.0,40.30357142857143,42.99047619047619,0,0.0,0.0,0.0
6479d6647487c890b345d2cea8f6edc69fc1baf3e5ab43feb3314508ff2a7c30,10,2024-03-01 15:03:33,2024-03-01 15:43:20,459,0.8017429193899782,20.143790849673202,59.0,0.8333333333333333,0.9444444444444444,3.4,0,0,0,13.360555555555555,39.78333333333333,True,0.0,20.143790849673202,25.125,0,0.0,0.0,0.0
6479d6647487c890b345d2cea8f6edc69fc1baf3e5ab43feb3314508ff2a7c30,11,2024-03-01 16:45:00,2024-03-01 16:45:41,2,0.0,0.0,0.0,0.0,0.0,0.0,0,0,0,0.0,0.6833333333333333,False,0.0,0.0,0.0,0,,,
6482f8aac9b8a983f05fe24556a43c9f0655890d96a0d36c88aa3d333c35b73b,1,2024-03-01 16:07:34,2024-03-01 16:09:17,11,0.6363636363636364,13.545454545454545,35.0,0.5833333333333333,0.9722222222222221,3.5,0,0,0,0.1908333333333333,1.7166666666666666,True,0.0,13.545454545454545,21.285714285714285,0,0.0,0.0,0.0
6482f8aac9b8a983f05fe24556a43c9f0655890d96a0d36c88aa3d333c35b73b,2,2024-03-01 17:09:22,2024-03-01 17:09:22,1,0.0,0.0,0.0,0.0,0.0,0.0,0,0,0,0.0,0.0,False,0.0,0.0,0.0,0,,,
6482f8aac9b8a983f05fe24556a43c9f0655890d96a0d36c88aa3d333c35b73b,3,2024-03-01 18:12:25,2024-03-01 18:12:25,1,0.0,0.0,0.0,0.0,0.0,0.0,0,0,0,0.0,0.0,False,0.0,0.0,0.0,0,,,
6482f8aac9b8a983f05fe24556a43c9f0655890d96a0d36c88aa3d333c35b73b,4,2024-03-01 18:21:36,2024-03-01 18:30:02,96,0.9583333333333334,29.041666666666668,70.0,0.5555555555555554,0.6041666666666665,2.175,0,0,0,4.020555555555555,8.433333333333334,True,0.0,29.041666666666668,30.304347826086957,0,0.0,0.0,0.0
64de52a9d1c4480d5fc10dc386d109732105605e07fe93583f4abd8cef9a1c0c,1,2024-03-01 10:32:02,2024-03-01 10:45:36,108,0.4351851851851852,5.277777777777778,22.0,0.5060185185185184,0.4444444444444444,1.6,0,0,0,0.8319444444444444,13.566666666666666,True,0.0,5.277777777777778,12.127659574468085,0,0.0,0.0,0.0
64de52a9d1c4480d5fc10dc386d109732105605e07fe93583f4abd8cef9a1c0c,2,2024-03-01 11:45:21,2024-03-01 11:58:57,154,0.961038961038961,84.25324675324676,129.7,0.6111111111111112,0.4509259259259258,1.623333333333333,0,1,0,19.27416666666667,13.6,True,0.0,84.25324675324676,87.66891891891892,0,0.051882917549396855,0.0,0.0
64de52a9d1c4480d5fc10dc386d109732105605e07fe93583f4abd8cef9a1c0c,3,2024-03-01 12:06:53,2024-03-01 12:09:41,23,0.9565217391304348,94.26086956521739,145.2,0.4944444444444444,1.1611111111111114,4.18,0,0,0,4.772222222222224,2.8,True,0.0,94.26086956521739,98.54545454545455,0,0.0,0.0,0.0
64de52a9d1c4480d5fc10dc386d109732105605e07fe93583f4abd8cef9a1c0c,4,2024-03-01 12:17:02,2024-03-01 12:18:11,15,0.6,11.4,27.599999999999998,0.6555555555555552,0.9120370370370366,3.283333333333332,0,0,0,0.24361111111111108,1.15,True,0.0,11.4,19.0,0,0.0,0.0,0.0
64de52a9d1c4480d5fc10dc386d109732105605e07fe93583f4abd8cef9a1c0c,5,2024-03-01 12:23:21,2024-03-01 12:33:50,49,0.9387755102040817,37.285714285714285,92.39999999999998,0.8148148148148144,1.1759259259259247,4.23333333333333,0,0,0,4.307777777777777,10.483333333333333,True,0.0,37.285714285714285,39.71739130434783,0,0.0,0.0,0.0
64de52a9d1c4480d5fc10dc386d109732105605e07fe93583f4abd8cef9a1c0c,6,2024-03-01 12:51:51,2024-03-01 12:57:03,25,0.88,17.84,29.0,0.4833333333333331,0.7240740740740733,2.606666666666664,0,0,0,0.6433333333333333,5.2,True,0.0,17.84,20.272727272727273,0,0.0,0.0,0.0
64de52a9d1c4480d5fc10dc386d109732105605e07fe93583f4abd8cef9a1c0c,7,2024-03-01 13:02:28,2024-03-01 13:02:28,1,0.0,0.0,0.0,0.0,0.0,0.0,0,0,0,0.0,0.0,False,0.0,0.0,0.0,0,,,
64de52a9d1c4480d5fc10dc386d109732105605e07fe93583f4abd8cef9a1c0c,8,2024-03-01 13:46:40,2024-03-01 13:54:42,30,0.8333333333333334,16.533333333333335,33.0,0.6273148148148147,1.1472222222222217,4.129999999999998,0,0,0,1.3408333333333333,8.033333333333333,True,0.0,16.533333333333335,19.84,0,0.0,0.0,0.0
64de52a9d1c4480d5fc10dc386d109732105605e07fe93583f4abd8cef9a1c0c,9,2024-03-01 14:01:23,2024-03-01 14:01:38,4,0.0,0.0,0.0,0.0,-0.0,-0.0,0,0,0,0.0,0.25,False,0.0,0.0,0.0,0,,,
64de52a9d1c4480d5fc10dc386d109732105605e07fe93583f4abd8cef9a1c0c,10,2024-03-01 14:07:22,2024-03-01 14:15:32,80,0.9625,42.05,68.1,0.947222222222222,1.1249999999999993,4.049999999999997,0,0,0,5.016666666666666,8.166666666666666,True,0.0,42.05,43.688311688311686,0,0.0,0.0,0.0
64de52a9d1c4480d5fc10dc386d109732105605e07fe93583f4abd8cef9a1c0c,11,2024-03-01 15:32:32,2024-03-01 15:46:47,90,0.8666666666666667,33.12222222222222,61.55,0.6888888888888887,0.7027777777777774,2.5299999999999985,0,0,0,7.935,14.25,True,0.0,33.12222222222222,38.217948717948715,0,0.0,0.0,0.0
64de52a9d1c4480d5fc10dc386d109732105605e07fe93583f4abd8cef9a1c0c,12,2024-03-01 16:08:28,2024-03-01 16:18:20,81,0.9753086419753086,46.2962962962963,74.0,0.7777777777777779,1.1111111111111107,4.0,0,0,0,8.223055555555552,9.866666666666667,True,0.0,46.2962962962963,47.46835443037975,0,0.0,0.0,0.0
64de52a9d1c4480d5fc10dc386d109732105605e07fe93583f4abd8cef9a1c0c,13,2024-03-01 16:31:38,2024-03-01 16:33:23,17,0.23529411764705882,4.882352941176471,22.999999999999996,0.2910052910052906,0.6666666666666664,2.3999999999999995,0,0,0,0.2513888888888889,1.75,True,0.0,4.882352941176471,20.75,0,0.0,0.0,0.0
64de52a9d1c4480d5fc10dc386d109732105605e07fe93583f4abd8cef9a1c0c,14,2024-03-01 16:47:06,2024-03-01 17:42:36,536,0.8246268656716418,54.00373134328358,118.5,0.611111111111111,0.5555555555555551,2.0,0,0,0,44.90194444444444,55.5,True,0.0,54.00373134328358,65.48868778280543,0,0.0,0.0,0.0
650de61bcf345b9daf29a2a11e243021a6ce637ae75e49b1fb88679e3eaa7d70,1,2024-03-01 04:00:26,2024-03-01 04:00:26,1,0.0,0.0,0.0,0.0,0.0,0.0,0,0,0,0.0,0.0,False,1.0,0.0,0.0,0,,,
650de61bcf345b9daf29a2a11e243021a6ce637ae75e49b1fb88679e3eaa7d70,2,2024-03-01 06:56:35,2024-03-01 07:30:30,395,0.8810126582278481,38.344303797468356,85.0,0.6944444444444439,0.7847222222222187,2.8249999999999886,0,0,0,22.149166666666666,33.916666666666664,True,0.0,38.344303797468356,43.52298850574713,0,0.0,0.0,0.0
650de61bcf345b9daf29a2a11e243021a6ce637ae75e49b1fb88679e3eaa7d70,3,2024-03-01 08:52:59,2024-03-01 09:21:26,333,0.8228228228228228,22.483483483483482,70.79999999999995,1.0166666666666657,0.9444444444444443,3.4,1,0,0,10.595277777777778,28.45,True,0.0,22.483483483483482,27.324817518248175,0,0.0,0.09438166898251317,0.0
650de61bcf345b9daf29a2a11e243021a6ce637ae75e49b1fb88679e3eaa7d70,4,2024-03-01 09:31:28,2024-03-01 09:33:10,10,0.1,0.5,2.7499999999999947,0.12731481481481458,0.15277777777777748,0.5499999999999989,0,0,0,0.008333333333333331,1.7,False,0.0,0.5,5.0,0,0.0,0.0,0.0
650de61bcf345b9daf29a2a11e243021a6ce637ae75e49b1fb88679e3eaa7d70,5,2024-03-01 10:20:51,2024-03-01 10:22:21,18,0.1111111111111111,0.6666666666666666,3.8999999999999915,0.06249999999999941,0.19166666666666643,0.6899999999999992,0,0,0,0.019166666666666665,1.5,False,0.0,0.6666666666666666,6.0,0,0.0,0.0,0.0
650de61bcf345b9daf29a2a11e243021a6ce637ae75e49b1fb88679e3eaa7d70,6,2024-03-01 10:57:36,2024-03-01 11:09:06,97,0.07216494845360824,0.4536082474226804,3.3999999999999773,0.011111111111110477,0.0,0.0,0,0,0,0.06694444444444445,11.5,False,0.0,0.4536082474226804,6.285714285714286,0,0.0,0.0,0.0
650de61bcf345b9daf29a2a11e243021a6ce637ae75e49b1fb88679e3eaa7d70,7,2024-03-01 11:33:41,2024-03-01 12:00:35,328,0.7469512195121951,23.111280487804876,66.0,1.0120370370370366,1.0541666666666647,3.7949999999999933,1,0,0,10.536666666666665,26.9,True,0.0,23.111280487804876,30.940816326530612,0,0.0,0.09490667510281557,0.0
650de61bcf345b9daf29a2a11e243021a6ce637ae75e49b1fb88679e3eaa7d70,8,2024-03-01 13:00:50,2024-03-01 13:00:50,1,0.0,0.0,0.0,0.0,0.0,0.0,0,0,0,0.0,0.0,False,0.0,0.0,0.0,0,,,
650de61bcf345b9daf29a2a11e243021a6ce637ae75e49b1fb88679e3eaa7d70,9,2024-03-01 16:22:47,2024-03-01 16:33:01,94,0.7978723404255319,15.47872340425532,42.0,0.611111111111111,0.6138888888888879,2.2099999999999964,0,0,0,2.1230555555555553,10.233333333333333,True,0.0,15.47872340425532,19.4,0,0.0,0.0,0.0
650de61bcf345b9daf29a2a11e243021a6ce637ae75e49b1fb88679e3eaa7d70,10,2024-03-01 16:39:30,2024-03-01 17:03:53,230,0.9260869565217391,36.391304347826086,88.0,0.6111111111111107,0.7583333333333304,2.7299999999999898,0,0,0,13.843333333333332,24.383333333333333,True,0.0,36.391304347826086,39.29577464788732,0,0.0,0.0,0.0
650de61bcf345b9daf29a2a11e243021a6ce637ae75e49b1fb88679e3eaa7d70,11,2024-03-01 17:09:13,2024-03-01 17:23:20,159,0.7295597484276729,7.955974842767295,27.19999999999999,0.6083333333333328,0.5555555555555556,2.0,0,0,0,1.8224999999999996,14.116666666666667,True,0.0,7.955974842767295,10.905172413793103,0,0.0,0.0,0.0
650de61bcf345b9daf29a2a11e243021a6ce637ae75e49b1fb88679e3eaa7d70,12,2024-03-01 18:23:32,2024-03-01 18:23:32,1,0.0,0.0,0.0,0.0,0.0,0.0,0,0,0,0.0,0.0,False,0.0,0.0,0.0,0,,,
65ab4b4270c5bb1a5e89fdb0f1f1f39c24ad49a2790e835bd2daef0cd7beaa96,1,2024-03-01 00:00:07,2024-03-01 00:00:07,1,0.0,0.0,0.0,0.0,0.0,0.0,0,0,0,0.0,0.0,False,1.0,0.0,0.0,0,,,
65ab4b4270c5bb1a5e89fdb0f1f1f39c24ad49a2790e835bd2daef0cd7beaa96,2,2024-03-01 03:23:52,2024-03-01 03:23:52,1,0.0,0.0,0.0,0.0,0.0,0.0,0,0,0,0.0,0.0,False,1.0,0.0,0.0,0,,,
65ab4b4270c5bb1a5e89fdb0f1f1f39c24ad49a2790e835bd2daef0cd7beaa96,3,2024-03-01 04:26:07,2024-03-01 04:34:51,108,0.9074074074074074,39.879629629629626,74.64999999999999,0.9444444444444443,1.2916666666666643,4.6499999999999915,0,0,0,5.924166666666666,8.733333333333333,True,1.0,39.879629629629626,43.94897959183673,0,0.0,0.0,0.0
65ab4b4270c5bb1a5e89fdb0f1f1f39c24ad49a2790e835bd2daef0cd7beaa96,4,2024-03-01 05:35:08,2024-03-01 05:35:08,1,0.0,0.0,0.0,0.0,0.0,0.0,0,0,0,0.0,0.0,False,1.0,0.0,0.0,0,,,
65ab4b4270c5bb1a5e89fdb0f1f1f39c24ad49a2790e835bd2daef0cd7beaa96,5,2024-03-01 10:04:54,2024-03-01 10:04:54,1,1.0,1.0,1.0,0.0,0.0,0.0,0,0,0,0.0,0.0,False,0.0,1.0,1.0,0,,,
65ab4b4270c5bb1a5e89fdb0f1f1f39c24ad49a2790e835bd2daef0cd7beaa96,6,2024-03-01 11:15:15,2024-03-01 11:15:15,1,0.0,0.0,0.0,0.0,0.0,0.0,0,0,0,0.0,0.0,False,0.0,0.0,0.0,0,,,
65ab4b4270c5bb1a5e89fdb0f1f1f39c24ad49a2790e835bd2daef0cd7beaa96,7,2024-03-01 13:35:03,2024-03-01 13:35:03,1,0.0,0.0,0.0,0.0,0.0,0.0,0,0,0,0.0,0.0,False,0.0,0.0,0.0,0,,,
65ab4b4270c5bb1a5e89fdb0f1f1f39c24ad49a2790e835bd2daef0cd7beaa96,8,2024-03-01 17:04:01,2024-03-01 17:04:01,1,0.0,0.0,0.0,0.0,0.0,0.0,0,0,0,0.0,0.0,False,0.0,0.0,0.0,0,,,
65ab4b4270c5bb1a5e89fdb0f1f1f39c24ad49a2790e835bd2daef0cd7beaa96,9,2024-03-01 18:13:50,2024-03-01 18:13:50,1,0.0,0.0,0.0,0.0,0.0,0.0,0,0,0,0.0,0.0,False,0.0,0.0,0.0,0,,,
671a05986d592c160af3cdd8b34bd9cfd68390ee3f1b5f8968ac55f129742899,1,2024-03-01 08:41:34,2024-03-01 09:09:48,236,0.8559322033898306,27.08262711864407,62.0,1.1805555555555554,1.3888888888888886,5.0,0,0,0,9.10625,28.233333333333334,True,0.0,27.08262711864407,31.64108910891089,0,0.0,0.0,0.0
671a05986d592c160af3cdd8b34bd9cfd68390ee3f1b5f8968ac55f129742899,2,2024-03-01 13:52:08,2024-03-01 13:58:00,60,0.8666666666666667,27.85,61.0,0.8416666666666661,1.1145833333333328,4.012499999999999,0,1,0,2.319444444444444,5.866666666666666,True,0.0,27.85,32.13461538461539,0,0.43113772455089827,0.0,0.0
671a05986d592c160af3cdd8b34bd9cfd68390ee3f1b5f8968ac55f129742899,3,2024-03-01 14:31:37,2024-03-01 14:39:26,91,0.7472527472527473,23.32967032967033,58.0,1.2037037037037037,1.3611111111111114,4.9,0,0,0,3.1516666666666664,7.816666666666666,True,0.0,23.32967032967033,31.220588235294116,0,0.0,0.0,0.0
671a05986d592c160af3cdd8b34bd9cfd68390ee3f1b5f8968ac55f129742899,4,2024-03-01 14:45:38,2024-03-01 14:50:22,44,0.9545454545454546,31.045454545454547,60.10000000000001,1.1035353535353536,1.2560185185185186,4.521666666666668,0,0,0,2.0475,4.733333333333333,True,0.0,31.045454545454547,32.523809523809526,0,0.0,0.0,0.0
671a05986d592c160af3cdd8b34bd9cfd68390ee3f1b5f8968ac55f129742899,5,2024-03-01 16:15:05,2024-03-01 16:22:11,44,0.9772727272727273,25.25,47.400000000000006,0.8638888888888892,0.8545138888888896,3.0762500000000013,0,0,0,1.8783333333333334,7.1,True,0.0,25.25,25.837209302325583,0,0.0,0.0,0.0
671a05986d592c160af3cdd8b34bd9cfd68390ee3f1b5f8968ac55f129742899,6,2024-03-01 16:53:32,2024-03-01 16:54:53,6,0.0,0.0,0.0,0.0,-0.0,-0.0,0,0,0,0.0,1.35,False,0.0,0.0,0.0,0,,,
671a05986d592c160af3cdd8b34bd9cfd68390ee3f1b5f8968ac55f129742899,7,2024-03-01 17:22:19,2024-03-01 17:28:43,75,0.5866666666666667,11.96,40.0,0.7944444444444443,0.8333333333333334,3.0,0,0,0,1.2775,6.4,True,0.0,11.96,20.386363636363637,0,0.0,0.0,0.0
671a05986d592c160af3cdd8b34bd9cfd68390ee3f1b5f8968ac55f129742899,8,2024-03-01 18:29:17,2024-03-01 18:29:17,1,0.0,0.0,0.0,0.0,0.0,0.0,0,0,0,0.0,0.0,False,0.0,0.0,0.0,0,,,
6765e34232bf9f09cc0449355510ee90e288650ac1f6674b4667e9a0d84c6cb5,1,2024-03-01 00:00:53,2024-03-01 00:15:31,160,0.5,22.925,81.19999999999993,0.6142857142857134,0.6030092592592587,2.1708333333333316,0,0,0,5.746944444444443,14.633333333333333,True,1.0,22.925,45.85,0,0.0,0.0,0.0
6765e34232bf9f09cc0449355510ee90e288650ac1f6674b4667e9a0d84c6cb5,2,2024-03-01 00:29:31,2024-03-01 00:44:44,166,0.463855421686747,25.734939759036145,76.5,0.5069444444444444,0.7638888888888891,2.75,0,0,0,6.014166666666666,15.216666666666667,True,1.0,25.734939759036145,55.48051948051948,0,0.0,0.0,0.0
6765e34232bf9f09cc0449355510ee90e288650ac1f6674b4667e9a0d84c6cb5,3,2024-03-01 10:48:35,2024-03-01 11:31:04,436,0.6811926605504587,23.702981651376145,74.0,0.7500000000000001,0.8333333333333333,3.0,0,0,0,14.50125,42.483333333333334,True,0.0,23.702981651376145,34.7962962962963,0,0.0,0.0,0.0
6765e34232bf9f09cc0449355510ee90e288650ac1f6674b4667e9a0d84c6cb5,4,2024-03-01 14:02:02,2024-03-01 14:14:19,129,0.8372093023255814,20.96124031007752,53.39999999999998,0.7629629629629628,0.6492063492063489,2.337142857142856,0,0,0,4.016944444444444,12.283333333333333,True,0.0,20.96124031007752,25.037037037037038,0,0.0,0.0,0.0
6765e34232bf9f09cc0449355510ee90e288650ac1f6674b4667e9a0d84c6cb5,5,2024-03-01 14:58:25,2024-03-01 15:33:20,379,0.7519788918205804,24.184696569920845,100.09999999999997,0.611111111111111,0.627314814814814,2.2583333333333306,0,0,0,13.732777777777777,34.916666666666664,True,0.0,24.184696569920845,32.16140350877193,0,0.0,0.0,0.0
6786cd8da4b0f81fd7133072eea75c0bad7f728a309855704da000894a2c93a9,1,2024-03-01 08:29:59,2024-03-01 08:29:59,1,0.0,0.0,0.0,0.0,0.0,0.0,0,0,0,0.0,0.0,False,0.0,0.0,0.0,0,,,
6786cd8da4b0f81fd7133072eea75c0bad7f728a309855704da000894a2c93a9,2,2024-03-01 09:39:17,2024-03-01 09:39:17,1,1.0,3.0,3.0,0.0,0.0,0.0,0,0,0,0.0,0.0,False,0.0,3.0,3.0,0,,,
68d8976f9371f6a1c02416d50769baddabd7e1d584aefa4608460236a4807694,1,2024-03-01 00:14:38,2024-03-01 00:14:38,1,1.0,5.0,5.0,0.0,0.0,0.0,0,0,0,0.0,0.0,False,1.0,5.0,5.0,0,,,
68d8976f9371f6a1c02416d50769baddabd7e1d584aefa4608460236a4807694,2,2024-03-01 07:32:01,2024-03-01 07:43:23,494,0.917004048582996,19.513157894736842,31.0,0.5555555555555554,0.6099537037037027,2.19583333333333,0,0,0,3.8065105820105822,11.366666666666667,True,0.0,19.513157894736842,21.279249448123622,0,0.0,0.0,0.0
68d8976f9371f6a1c02416d50769baddabd7e1d584aefa4608460236a4807694,3,2024-03-01 08:44:08,2024-03-01 08:44:08,1,0.0,0.0,0.0,0.0,0.0,0.0,0,0,0,0.0,0.0,False,0.0,0.0,0.0,0,,,
68d8976f9371f6a1c02416d50769baddabd7e1d584aefa4608460236a4807694,4,2024-03-01 10:11:57,2024-03-01 10:32:35,383,0.7963446475195822,17.86878598186919,37.0,0.7407407407407405,0.9166666666666639,3.2999999999999914,0,0,0,7.34392977915804,20.633333333333333,True,0.0,17.86878598186919,22.43850829854394,0,0.0,0.0,0.0
68d8976f9371f6a1c02416d50769baddabd7e1d584aefa4608460236a4807694,5,2024-03-01 10:51:27,2024-03-01 10:51:27,1,0.0,0.0,0.0,0.0,0.0,0.0,0,0,0,0.0,0.0,False,0.0,0.0,0.0,0,,,
68d8976f9371f6a1c02416d50769baddabd7e1d584aefa4608460236a4807694,6,2024-03-01 11:51:24,2024-03-01 11:51:24,1,0.0,0.0,0.0,0.0,0.0,0.0,0,0,0,0.0,0.0,False,0.0,0.0,0.0,0,,,
68d8976f9371f6a1c02416d50769baddabd7e1d584aefa4608460236a4807694,7,2024-03-01 12:20:43,2024-03-01 12:22:50,2,0.0,0.0,0.0,0.0,0.0,0.0,0,0,0,0.0,2.1166666666666667,False,0.0,0.0,0.0,0,,,
68d8976f9371f6a1c02416d50769baddabd7e1d584aefa4608460236a4807694,8,2024-03-01 12:32:06,2024-03-01 12:32:06,1,0.0,0.0,0.0,0.0,0.0,0.0,0,0,0,0.0,0.0,False,0.0,0.0,0.0,0,,,
68d8976f9371f6a1c02416d50769baddabd7e1d584aefa4608460236a4807694,9,2024-03-01 12:59:07,2024-03-01 12:59:07,1,1.0,16.0,16.0,0.0,0.0,0.0,0,0,0,0.0,0.0,False,0.0,16.0,16.0,0,,,
68d8976f9371f6a1c02416d50769baddabd7e1d584aefa4608460236a4807694,10,2024-03-01 13:17:04,2024-03-01 13:17:04,1,0.0,0.0,0.0,0.0,0.0,0.0,0,0,0,0.0,0.0,False,0.0,0.0,0.0,0,,,
68d8976f9371f6a1c02416d50769baddabd7e1d584aefa4608460236a4807694,11,2024-03-01 13:47:21,2024-03-01 13:56:11,357,0.6274509803921569,7.953781512605042,24.0,0.5555555555555554,0.42592592592592526,1.533333333333331,0,0,0,1.3096759259259259,8.833333333333334,True,0.0,7.953781512605042,12.676339285714286,0,0.0,0.0,0.0
68d8976f9371f6a1c02416d50769baddabd7e1d584aefa4608460236a4807694,12,2024-03-01 14:01:57,2024-03-01 14:23:33,453,0.36644591611479027,5.827831293063082,25.099999999999994,0.5555555555555555,0.43518518518518423,1.5666666666666627,0,0,0,0.7541014309764309,21.6,True,0.0,5.827831293063082,15.903660094925156,0,0.0,0.0,0.0
68d8976f9371f6a1c02416d50769baddabd7e1d584aefa4608460236a4807694,13,2024-03-01 14:28:49,2024-03-01 14:46:09,391,0.36061381074168797,6.1995981001096085,24.5,0.3935185185185188,0.3703703703703698,1.3333333333333321,0,0,0,1.3746812169312168,17.333333333333332,True,0.0,6.1995981001096085,17.19179331306991,0,0.0,0.0,0.0
68d8976f9371f6a1c02416d50769baddabd7e1d584aefa4608460236a4807694,14,2024-03-01 15:11:37,2024-03-01 15:11:37,1,0.0,0.0,0.0,0.0,0.0,0.0,0,0,0,0.0,0.0,False,0.0,0.0,0.0,0,,,
69854f03c6b6276279dfea318eb585caeaf8602701391dc0c52225a5692dd06e,1,2024-03-01 04:28:50,2024-03-01 04:28:50,1,0.0,0.0,0.0,0.0,0.0,0.0,0,0,0,0.0,0.0,False,1.0,0.0,0.0,0,,,
69854f03c6b6276279dfea318eb585caeaf8602701391dc0c52225a5692dd06e,2,2024-03-01 05:28:14,2024-03-01 05:49:37,256,0.703125,32.390625,87.0,1.0,1.1284722222222223,4.0625,0,0,0,11.84611111111111,21.383333333333333,True,1.0,32.390625,46.06666666666667,0,0.0,0.0,0.0
69854f03c6b6276279dfea318eb585caeaf8602701391dc0c52225a5692dd06e,3,2024-03-01 06:49:46,2024-03-01 06:49:46,1,0.0,0.0,0.0,0.0,0.0,0.0,0,0,0,0.0,0.0,False,0.0,0.0,0.0,0,,,
69854f03c6b6276279dfea318eb585caeaf8602701391dc0c52225a5692dd06e,4,2024-03-01 10:06:55,2024-03-01 10:06:55,1,0.0,0.0,0.0,0.0,0.0,0.0,0,0,0,0.0,0.0,False,0.0,0.0,0.0,0,,,
69854f03c6b6276279dfea318eb585caeaf8602701391dc0c52225a5692dd06e,5,2024-03-01 12:25:47,2024-03-01 12:25:47,1,1.0,1.0,1.0,0.0,0.0,0.0,0,0,0,0.0,0.0,False,0.0,1.0,1.0,0,,,
69854f03c6b6276279dfea318eb585caeaf8602701391dc0c52225a5692dd06e,6,2024-03-01 13:34:53,2024-03-01 13:34:53,1,0.0,0.0,0.0,0.0,0.0,0.0,0,0,0,0.0,0.0,False,0.0,0.0,0.0,0,,,
69854f03c6b6276279dfea318eb585caeaf8602701391dc0c52225a5692dd06e,7,2024-03-01 15:52:28,2024-03-01 15:52:28,1,1.0,1.0,1.0,0.0,0.0,0.0,0,0,0,0.0,0.0,False,0.0,1.0,1.0,0,,,
69854f03c6b6276279dfea318eb585caeaf8602701391dc0c52225a5692dd06e,8,2024-03-01 17:01:14,2024-03-01 17:01:14,1,0.0,0.0,0.0,0.0,0.0,0.0,0,0,0,0.0,0.0,False,0.0,0.0,0.0,0,,,
69854f03c6b6276279dfea318eb585caeaf8602701391dc0c52225a5692dd06e,9,2024-03-01 18:10:51,2024-03-01 18:10:51,1,0.0,0.0,0.0,0.0,0.0,0.0,0,0,0,0.0,0.0,False,0.0,0.0,0.0,0,,,
69cd864bfd156787049bb1b1882e3575f2d68fa8f00f1bd9521b3281700748e8,1,2024-03-01 07:22:50,2024-03-01 08:06:43,462,0.987012987012987,40.785714285714285,72.0,0.5527777777777769,0.5555555555555557,2.0,0,0,0,27.99722222222222,43.88333333333333,True,0.0,40.785714285714285,41.32236842105263,0,0.0,0.0,0.0
69cd864bfd156787049bb1b1882e3575f2d68fa8f00f1bd9521b3281700748e8,2,2024-03-01 08:15:54,2024-03-01 08:21:13,65,0.8769230769230769,19.876923076923077,43.599999999999994,0.8148148148148145,1.416666666666666,5.099999999999998,0,0,0,1.845,5.316666666666666,True,0.0,19.876923076923077,22.666666666666668,0,0.0,0.0,0.0
69cd864bfd156787049bb1b1882e3575f2d68fa8f00f1bd9521b3281700748e8,3,2024-03-01 08:27:52,2024-03-01 08:29:19,7,0.2857142857142857,2.0,7.799999999999997,0.34999999999999964,0.22870370370370371,0.8233333333333334,0,0,0,0.01944444444444444,1.45,True,0.0,2.0,7.0,0,0.0,0.0,0.0
69cd864bfd156787049bb1b1882e3575f2d68fa8f00f1bd9521b3281700748e8,4,2024-03-01 08:44:00,2024-03-01 09:25:42,407,0.7297297297297297,29.194103194103196,75.0,0.6944444444444441,0.8333333333333333,3.0,0,0,0,17.291944444444447,41.7,True,0.0,29.194103194103196,40.00673400673401,0,0.0,0.0,0.0
6a1a4c47b8e5bc4c35e5bcfe23a8aa87525a2998defd5a6ceb4661de3bdbc5ad,1,2024-03-01 01:12:23,2024-03-01 01:12:23,1,0.0,0.0,0.0,0.0,0.0,0.0,0,0,0,0.0,0.0,False,1.0,0.0,0.0,0,,,
6a1a4c47b8e5bc4c35e5bcfe23a8aa87525a2998defd5a6ceb4661de3bdbc5ad,2,2024-03-01 04:36:17,2024-03-01 04:36:17,1,0.0,0.0,0.0,0.0,0.0,0.0,0,0,0,0.0,0.0,False,1.0,0.0,0.0,0,,,
6a1a4c47b8e5bc4c35e5bcfe23a8aa87525a2998defd5a6ceb4661de3bdbc5ad,3,2024-03-01 08:00:38,2024-03-01 08:00:38,1,0.0,0.0,0.0,0.0,0.0,0.0,0,0,0,0.0,0.0,False,0.0,0.0,0.0,0,,,
6a1a4c47b8e5bc4c35e5bcfe23a8aa87525a2998defd5a6ceb4661de3bdbc5ad,4,2024-03-01 11:24:20,2024-03-01 11:24:20,1,0.0,0.0,0.0,0.0,0.0,0.0,0,0,0,0.0,0.0,False,0.0,0.0,0.0,0,,,
6a1a4c47b8e5bc4c35e5bcfe23a8aa87525a2998defd5a6ceb4661de3bdbc5ad,5,2024-03-01 14:47:28,2024-03-01 14:47:28,1,0.0,0.0,0.0,0.0,0.0,0.0,0,0,0,0.0,0.0,False,0.0,0.0,0.0,0,,,
6a1a4c47b8e5bc4c35e5bcfe23a8aa87525a2998defd5a6ceb4661de3bdbc5ad,6,2024-03-01 15:55:02,2024-03-01 15:55:02,1,1.0,3.0,3.0,0.0,0.0,0.0,0,0,0,0.0,0.0,False,0.0,3.0,3.0,0,,,
6a1a4c47b8e5bc4c35e5bcfe23a8aa87525a2998defd5a6ceb4661de3bdbc5ad,7,2024-03-01 17:02:34,2024-03-01 17:02:34,1,1.0,3.0,3.0,0.0,0.0,0.0,0,0,0,0.0,0.0,False,0.0,3.0,3.0,0,,,
6add18dafee00a485fbff6cd6277d59a3a27343478c97046ceef6e3e1cec8db5,1,2024-03-01 00:55:36,2024-03-01 00:55:36,1,0.0,0.0,0.0,0.0,0.0,0.0,0,0,0,0.0,0.0,False,1.0,0.0,0.0,0,,,
6b42e0fb223327e95b5a2e7dcfd5e8bec75d9a0d6a0395d3ac0501bb976c18af,1,2024-03-01 10:22:59,2024-03-01 10:27:11,41,0.7073170731707317,20.682926829268293,51.0,1.0185185185185184,1.2962962962962963,4.666666666666667,0,0,0,1.1719444444444442,4.2,True,0.0,20.682926829268293,29.24137931034483,0,0.0,0.0,0.0
6b42e0fb223327e95b5a2e7dcfd5e8bec75d9a0d6a0395d3ac0501bb976c18af,2,2024-03-01 10:44:33,2024-03-01 11:22:00,372,0.956989247311828,56.62903225806452,87.0,0.5,0.5041666666666665,1.8149999999999995,0,0,0,33.56583333333333,37.45,True,0.0,56.62903225806452,59.174157303370784,0,0.0,0.0,0.0
6b56c4e96dff4e730670b9ba15e427056a65f085732319fa7fa0d7d1e57f05f4,1,2024-03-01 00:50:41,2024-03-01 00:50:41,1,0.0,0.0,0.0,0.0,0.0,0.0,0,0,0,0.0,0.0,False,1.0,0.0,0.0,0,,,
6b56c4e96dff4e730670b9ba15e427056a65f085732319fa7fa0d7d1e57f05f4,2,2024-03-01 01:56:51,2024-03-01 01:56:51,1,0.0,0.0,0.0,0.0,0.0,0.0,0,0,0,0.0,0.0,False,1.0,0.0,0.0,0,,,
6b56c4e96dff4e730670b9ba15e427056a65f085732319fa7fa0d7d1e57f05f4,3,2024-03-01 03:03:57,2024-03-01 03:03:57,1,0.0,0.0,0.0,0.0,0.0,0.0,0,0,0,0.0,0.0,False,1.0,0.0,0.0,0,,,
6b56c4e96dff4e730670b9ba15e427056a65f085732319fa7fa0d7d1e57f05f4,4,2024-03-01 04:09:09,2024-03-01 04:09:09,1,0.0,0.0,0.0,0.0,0.0,0.0,0,0,0,0.0,0.0,False,1.0,0.0,0.0,0,,,
6b56c4e96dff4e730670b9ba15e427056a65f085732319fa7fa0d7d1e57f05f4,5,2024-03-01 05:15:19,2024-03-01 05:15:19,1,0.0,0.0,0.0,0.0,0.0,0.0,0,0,0,0.0,0.0,False,1.0,0.0,0.0,0,,,
6b56c4e96dff4e730670b9ba15e427056a65f085732319fa7fa0d7d1e57f05f4,6,2024-03-01 06:21:29,2024-03-01 06:21:29,1,1.0,3.0,3.0,0.0,0.0,0.0,0,0,0,0.0,0.0,False,0.0,3.0,3.0,0,,,
6b56c4e96dff4e730670b9ba15e427056a65f085732319fa7fa0d7d1e57f05f4,7,2024-03-01 07:27:40,2024-03-01 07:29:58,2,0.5,0.5,0.95,0.0,0.0019122383252818038,0.006884057971014493,0,0,0,0.0,2.3,False,0.0,0.5,1.0,0,,,
6b56c4e96dff4e730670b9ba15e427056a65f085732319fa7fa0d7d1e57f05f4,8,2024-03-01 08:11:34,2024-03-01 08:33:49,256,0.91015625,41.88671875,96.0,0.5694444444444444,0.7777777777777779,2.8,0,0,0,15.707222222222219,22.25,True,0.0,41.88671875,46.02145922746781,0,0.0,0.0,0.0
6b56c4e96dff4e730670b9ba15e427056a65f085732319fa7fa0d7d1e57f05f4,9,2024-03-01 09:01:59,2024-03-01 09:03:13,15,0.0,0.0,0.0,0.0,0.0,0.0,0,0,0,0.0,1.2333333333333334,False,0.0,0.0,0.0,0,,,
6b56c4e96dff4e730670b9ba15e427056a65f085732319fa7fa0d7d1e57f05f4,10,2024-03-01 10:09:38,2024-03-01 10:13:09,25,0.84,12.96,20.0,0.3759259259259258,0.46666666666666623,1.6799999999999984,0,0,0,0.47888888888888886,3.5166666666666666,True,0.0,12.96,15.428571428571429,0,0.0,0.0,0.0
6b56c4e96dff4e730670b9ba15e427056a65f085732319fa7fa0d7d1e57f05f4,11,2024-03-01 10:24:17,2024-03-01 10:28:15,25,0.08,0.16,0.7999999999999972,0.0,0.03703703703703691,0.13333333333333286,0,0,0,0.005555555555555556,3.966666666666667,False,0.0,0.16,2.0,0,0.0,0.0,0.0
6b56c4e96dff4e730670b9ba15e427056a65f085732319fa7fa0d7d1e57f05f4,12,2024-03-01 11:28:36,2024-03-01 11:28:36,1,0.0,0.0,0.0,0.0,0.0,0.0,0,0,0,0.0,0.0,False,0.0,0.0,0.0,0,,,
6b56c4e96dff4e730670b9ba15e427056a65f085732319fa7fa0d7d1e57f05f4,13,2024-03-01 11:39:43,2024-03-01 11:56:53,155,0.0,0.0,0.0,0.0,0.0,0.0,0,0,0,0.0,17.166666666666668,False,0.0,0.0,0.0,0,,,
6b56c4e96dff4e730670b9ba15e427056a65f085732319fa7fa0d7d1e57f05f4,14,2024-03-01 12:03:17,2024-03-01 12:05:30,26,0.0,0.0,0.0,0.0,-0.0,-0.0,0,0,0,0.0,2.216666666666667,False,0.0,0.0,0.0,0,,,
6b56c4e96dff4e730670b9ba15e427056a65f085732319fa7fa0d7d1e57f05f4,15,2024-03-01 12:15:29,2024-03-01 12:18:05,20,0.9,9.7,18.0,0.39444444444444454,0.28055555555555567,1.0100000000000002,0,0,0,0.2861111111111111,2.6,True,0.0,9.7,10.777777777777779,0,0.0,0.0,0.0
6b56c4e96dff4e730670b9ba15e427056a65f085732319fa7fa0d7d1e57f05f4,16,2024-03-01 12:38:10,2024-03-01 13:32:15,466,0.03862660944206009,0.5472103004291845,0.0,0.0,-0.0,-0.0,0,0,0,0.3772222222222222,54.083333333333336,False,0.0,0.5472103004291845,14.166666666666666,0,0.0,0.0,0.0
6b56c4e96dff4e730670b9ba15e427056a65f085732319fa7fa0d7d1e57f05f4,17,2024-03-01 14:09:50,2024-03-01 14:10:50,2,0.0,0.0,0.0,0.0,0.0,0.0,0,0,0,0.0,1.0,False,0.0,0.0,0.0,0,,,
6b56c4e96dff4e730670b9ba15e427056a65f085732319fa7fa0d7d1e57f05f4,18,2024-03-01 14:59:04,2024-03-01 15:01:54,33,0.0,0.0,0.0,0.0,0.0,0.0,0,0,0,0.0,2.8333333333333335,False,0.0,0.0,0.0,0,,,
6b56c4e96dff4e730670b9ba15e427056a65f085732319fa7fa0d7d1e57f05f4,19,2024-03-01 15:08:01,2024-03-01 15:22:03,153,0.0,0.0,0.0,0.0,0.0,0.0,0,0,0,0.0,14.033333333333333,False,0.0,0.0,0.0,0,,,
6b56c4e96dff4e730670b9ba15e427056a65f085732319fa7fa0d7d1e57f05f4,20,2024-03-01 15:33:48,2024-03-01 15:34:57,15,0.7333333333333333,12.533333333333333,26.199999999999996,0.7999999999999996,0.3583333333333332,1.2899999999999996,0,0,0,0.25027777777777777,1.15,True,0.0,12.533333333333333,17.09090909090909,0,0.0,0.0,0.0
6b56c4e96dff4e730670b9ba15e427056a65f085732319fa7fa0d7d1e57f05f4,21,2024-03-01 15:40:02,2024-03-01 15:41:01,12,0.9166666666666666,12.5,20.9,0.4583333333333331,0.30972222222222207,1.1149999999999995,0,0,0,0.22333333333333333,0.9833333333333333,True,0.0,12.5,13.636363636363637,0,0.0,0.0,0.0
6b56c4e96dff4e730670b9ba15e427056a65f085732319fa7fa0d7d1e57f05f4,22,2024-03-01 16:41:27,2024-03-01 16:41:27,1,0.0,0.0,0.0,0.0,0.0,0.0,0,0,0,0.0,0.0,False,0.0,0.0,0.0,0,,,
6b56c4e96dff4e730670b9ba15e427056a65f085732319fa7fa0d7d1e57f05f4,23,2024-03-01 17:14:58,2024-03-01 17:52:49,391,0.8414322250639387,34.0076726342711,81.0,0.7314814814814814,0.9861111111111109,3.55,0,2,0,20.647777777777776,37.85,True,0.0,34.0076726342711,40.41641337386018,0,0.09686272399504925,0.0,0.0
6b56c4e96dff4e730670b9ba15e427056a65f085732319fa7fa0d7d1e57f05f4,24,2024-03-01 17:59:40,2024-03-01 18:01:48,26,0.5769230769230769,12.384615384615385,39.25,0.5416666666666665,1.0416666666666667,3.75,0,0,0,0.4186111111111111,2.1333333333333333,True,0.0,12.384615384615385,21.466666666666665,0,0.0,0.0,0.0
6bd27f8b4d3972b2c4b03cd30d4d7717365703684f8dffa8a6e0498f4f9f7a62,1,2024-03-01 08:22:23,2024-03-01 08:37:09,170,0.6588235294117647,15.805882352941177,39.099999999999966,0.6069444444444443,0.7833333333333314,2.819999999999993,0,0,0,3.9325,14.766666666666667,True,0.0,15.805882352941177,23.991071428571427,0,0.0,0.0,0.0
6bd27f8b4d3972b2c4b03cd30d4d7717365703684f8dffa8a6e0498f4f9f7a62,2,2024-03-01 09:37:04,2024-03-01 09:37:04,1,0.0,0.0,0.0,0.0,0.0,0.0,0,0,0,0.0,0.0,False,0.0,0.0,0.0,0,,,
6bd27f8b4d3972b2c4b03cd30d4d7717365703684f8dffa8a6e0498f4f9f7a62,3,2024-03-01 11:41:58,2024-03-01 11:41:58,1,0.0,0.0,0.0,0.0,0.0,0.0,0,0,0,0.0,0.0,False,0.0,0.0,0.0,0,,,
6bd27f8b4d3972b2c4b03cd30d4d7717365703684f8dffa8a6e0498f4f9f7a62,4,2024-03-01 12:49:09,2024-03-01 12:49:09,1,1.0,1.0,1.0,0.0,0.0,0.0,0,0,0,0.0,0.0,False,0.0,1.0,1.0,0,,,
6bd27f8b4d3972b2c4b03cd30d4d7717365703684f8dffa8a6e0498f4f9f7a62,5,2024-03-01 15:05:08,2024-03-01 15:05:08,1,0.0,0.0,0.0,0.0,0.0,0.0,0,0,0,0.0,0.0,False,0.0,0.0,0.0,0,,,
6bd27f8b4d3972b2c4b03cd30d4d7717365703684f8dffa8a6e0498f4f9f7a62,6,2024-03-01 15:38:03,2024-03-01 15:58:52,184,0.6141304347826086,9.173913043478262,27.0,0.5092592592592592,0.5879629629629625,2.1166666666666645,0,0,0,2.5780555555555558,20.816666666666666,True,0.0,9.173913043478262,14.938053097345133,0,0.0,0.0,0.0
6bd27f8b4d3972b2c4b03cd30d4d7717365703684f8dffa8a6e0498f4f9f7a62,7,2024-03-01 16:07:42,2024-03-01 16:15:36,91,0.8021978021978022,26.307692307692307,55.0,0.7708333333333333,0.8055555555555556,2.9,0,0,0,3.4916666666666663,7.9,True,0.0,26.307692307692307,32.794520547945204,0,0.0,0.0,0.0
6bd27f8b4d3972b2c4b03cd30d4d7717365703684f8dffa8a6e0498f4f9f7a62,8,2024-03-01 16:28:55,2024-03-01 16:33:18,42,0.6428571428571429,12.952380952380953,41.74999999999998,1.2111111111111101,0.6930555555555553,2.4949999999999997,0,0,0,0.7391666666666666,4.383333333333334,True,0.0,12.952380952380953,20.14814814814815,0,0.0,0.0,0.0
6bd27f8b4d3972b2c4b03cd30d4d7717365703684f8dffa8a6e0498f4f9f7a62,9,2024-03-01 17:00:22,2024-03-01 17:04:48,52,0.5,20.403846153846153,75.89999999999999,0.6310185185185182,1.008333333333333,3.63,0,0,0,1.57,4.433333333333334,True,0.0,20.403846153846153,40.80769230769231,0,0.0,0.0,0.0
6bd27f8b4d3972b2c4b03cd30d4d7717365703684f8dffa8a6e0498f4f9f7a62,10,2024-03-01 18:05:48,2024-03-01 18:11:19,59,0.8305084745762712,18.593220338983052,40.19999999999999,0.9277777777777777,1.2319444444444438,4.434999999999999,0,0,0,1.5261111111111114,5.516666666666667,True,0.0,18.593220338983052,22.387755102040817,0,0.0,0.0,0.0
6bd27f8b4d3972b2c4b03cd30d4d7717365703684f8dffa8a6e0498f4f9f7a62,11,2024-03-01 18:16:50,2024-03-01 18:22:56,33,0.6666666666666666,19.424242424242426,43.599999999999994,1.0777777777777775,1.1111111111111107,3.9999999999999987,0,0,0,3.2286111111111113,6.1,True,0.0,19.424242424242426,29.136363636363637,0,0.0,0.0,0.0
6bfd7cb8ccf689c798a17480d3c689f65424f6b2f2084219998c8f38dd344a4d,1,2024-03-01 09:09:28,2024-03-01 09:56:10,475,0.9284210526315789,97.3957894736842,162.0,0.7222222222222221,0.611111111111111,2.2,1,1,0,70.37305555555557,46.7,True,0.0,97.3957894736842,104.9047619047619,0,0.01420998409271225,0.01420998409271225,0.0
6d471ea62dd45907c446249b66ed01aa7f188fb9fd45e60a0881522d95707515,1,2024-03-01 00:40:42,2024-03-01 00:59:17,191,0.16753926701570682,5.366492146596858,46.0,0.38888888888888895,0.21759259259259262,0.7833333333333334,0,0,0,1.461111111111111,18.583333333333332,False,1.0,5.366492146596858,32.03125,0,0.0,0.0,0.0
6d471ea62dd45907c446249b66ed01aa7f188fb9fd45e60a0881522d95707515,2,2024-03-01 03:03:08,2024-03-01 03:03:08,1,0.0,0.0,0.0,0.0,0.0,0.0,0,0,0,0.0,0.0,False,1.0,0.0,0.0,0,,,
6d471ea62dd45907c446249b66ed01aa7f188fb9fd45e60a0881522d95707515,3,2024-03-01 03:17:29,2024-03-01 03:23:15,69,0.5652173913043478,15.565217391304348,51.0,0.9388888888888884,0.9777777777777774,3.5199999999999987,0,0,0,1.5472222222222223,5.766666666666667,True,1.0,15.565217391304348,27.53846153846154,0,0.0,0.0,0.0
6d471ea62dd45907c446249b66ed01aa7f188fb9fd45e60a0881522d95707515,4,2024-03-01 04:24:12,2024-03-01 04:24:12,1,0.0,0.0,0.0,0.0,0.0,0.0,0,0,0,0.0,0.0,False,1.0,0.0,0.0,0,,,
6d471ea62dd45907c446249b66ed01aa7f188fb9fd45e60a0881522d95707515,5,2024-03-01 06:32:37,2024-03-01 06:32:37,1,0.0,0.0,0.0,0.0,0.0,0.0,0,0,0,0.0,0.0,False,0.0,0.0,0.0,0,,,
6d471ea62dd45907c446249b66ed01aa7f188fb9fd45e60a0881522d95707515,6,2024-03-01 07:42:17,2024-03-01 07:43:17,2,0.0,0.0,0.0,0.0,0.0,0.0,0,0,0,0.0,1.0,False,0.0,0.0,0.0,0,,,
6d471ea62dd45907c446249b66ed01aa7f188fb9fd45e60a0881522d95707515,7,2024-03-01 08:39:32,2024-03-01 08:42:54,40,0.475,6.375,25.099999999999994,0.7180555555555541,0.611111111111111,2.2,0,0,0,0.35916666666666663,3.3666666666666667,True,0.0,6.375,13.421052631578947,0,0.0,0.0,0.0
6d471ea62dd45907c446249b66ed01aa7f188fb9fd45e60a0881522d95707515,8,2024-03-01 09:08:39,2024-03-01 09:33:34,302,0.7615894039735099,15.47019867549669,44.0,0.9388888888888876,1.1798611111111108,4.2475,0,1,0,6.3872222222222215,24.916666666666668,True,0.0,15.47019867549669,20.31304347826087,0,0.15656258154301123,0.0,0.0
6d471ea62dd45907c446249b66ed01aa7f188fb9fd45e60a0881522d95707515,9,2024-03-01 10:34:04,2024-03-01 10:34:04,1,0.0,0.0,0.0,0.0,0.0,0.0,0,0,0,0.0,0.0,False,0.0,0.0,0.0,0,,,
6d471ea62dd45907c446249b66ed01aa7f188fb9fd45e60a0881522d95707515,10,2024-03-01 11:00:57,2024-03-01 11:33:22,394,0.6091370558375635,14.116751269035532,46.0,1.1111111111111112,1.1499999999999961,4.139999999999986,0,0,0,7.487222222222222,32.416666666666664,True,0.0,14.116751269035532,23.175,0,0.0,0.0,0.0
6d471ea62dd45907c446249b66ed01aa7f188fb9fd45e60a0881522d95707515,11,2024-03-01 12:33:45,2024-03-01 12:33:45,1,0.0,0.0,0.0,0.0,0.0,0.0,0,0,0,0.0,0.0,False,0.0,0.0,0.0,0,,,
6d471ea62dd45907c446249b66ed01aa7f188fb9fd45e60a0881522d95707515,12,2024-03-01 14:41:19,2024-03-01 14:43:37,2,0.0,0.0,0.0,0.0,0.0,0.0,0,0,0,0.0,2.3,False,0.0,0.0,0.0,0,,,
6d471ea62dd45907c446249b66ed01aa7f188fb9fd45e60a0881522d95707515,13,2024-03-01 14:51:06,2024-03-01 15:04:51,128,0.890625,18.78515625,42.0,0.7124999999999997,0.8333333333333334,3.0,0,0,0,4.496388888888888,13.75,True,0.0,18.78515625,21.092105263157894,0,0.0,0.0,0.0
6d471ea62dd45907c446249b66ed01aa7f188fb9fd45e60a0881522d95707515,14,2024-03-01 15:10:09,2024-03-01 15:33:41,251,0.4940239043824701,9.743027888446216,35.0,0.6458333333333333,0.7569444444444444,2.725,0,1,0,3.4901388888888887,23.533333333333335,True,0.0,9.743027888446216,19.721774193548388,0,0.28652154880814995,0.0,0.0
6d471ea62dd45907c446249b66ed01aa7f188fb9fd45e60a0881522d95707515,15,2024-03-01 16:27:01,2024-03-01 16:32:47,70,0.2571428571428571,7.428571428571429,47.84999999999998,0.7097222222222206,0.7351851851851834,2.6466666666666603,0,0,0,0.6963888888888888,5.766666666666667,True,0.0,7.428571428571429,28.88888888888889,0,0.0,0.0,0.0
6d471ea62dd45907c446249b66ed01aa7f188fb9fd45e60a0881522d95707515,16,2024-03-01 16:40:10,2024-03-01 16:46:23,76,0.9210526315789473,20.157894736842106,38.5,1.0555555555555554,1.25,4.5,0,0,0,2.138611111111111,6.216666666666667,True,0.0,20.157894736842106,21.885714285714286,0,0.0,0.0,0.0
6d471ea62dd45907c446249b66ed01aa7f188fb9fd45e60a0881522d95707515,17,2024-03-01 16:55:34,2024-03-01 17:08:16,151,0.7483443708609272,11.900662251655628,29.0,0.7222222222222223,0.9444444444444444,3.4,0,0,0,2.576388888888889,12.7,True,0.0,11.900662251655628,15.902654867256636,0,0.0,0.0,0.0
6ea574eac4969c3cfc484c95670515c9718f007535a8949fb736929e9e21852b,1,2024-03-01 01:25:02,2024-03-01 01:25:02,1,1.0,9.0,9.0,0.0,0.0,0.0,0,0,0,0.0,0.0,False,1.0,9.0,9.0,0,,,
6ea574eac4969c3cfc484c95670515c9718f007535a8949fb736929e9e21852b,2,2024-03-01 07:49:16,2024-03-01 07:49:16,1,1.0,1.0,1.0,0.0,0.0,0.0,0,0,0,0.0,0.0,False,0.0,1.0,1.0,0,,,
6ea574eac4969c3cfc484c95670515c9718f007535a8949fb736929e9e21852b,3,2024-03-01 12:55:54,2024-03-01 12:55:54,1,1.0,1.0,1.0,0.0,0.0,0.0,0,0,0,0.0,0.0,False,0.0,1.0,1.0,0,,,
6eb17805d1df9a3a45a1ccda55bd3d28e62ef3bf5e84d6ef7f8a2953b08e1310,1,2024-03-01 00:04:49,2024-03-01 00:04:49,1,0.0,0.0,0.0,0.0,0.0,0.0,0,0,0,0.0,0.0,False,1.0,0.0,0.0,0,,,
6eb17805d1df9a3a45a1ccda55bd3d28e62ef3bf5e84d6ef7f8a2953b08e1310,2,2024-03-01 03:36:22,2024-03-01 03:36:22,1,1.0,3.0,3.0,0.0,0.0,0.0,0,0,0,0.0,0.0,False,1.0,3.0,3.0,0,,,
6eb17805d1df9a3a45a1ccda55bd3d28e62ef3bf5e84d6ef7f8a2953b08e1310,3,2024-03-01 07:07:40,2024-03-01 07:07:40,1,0.0,0.0,0.0,0.0,0.0,0.0,0,0,0,0.0,0.0,False,0.0,0.0,0.0,0,,,
6eb17805d1df9a3a45a1ccda55bd3d28e62ef3bf5e84d6ef7f8a2953b08e1310,4,2024-03-01 08:18:06,2024-03-01 08:18:06,1,1.0,1.0,1.0,0.0,0.0,0.0,0,0,0,0.0,0.0,False,0.0,1.0,1.0,0,,,
6f346b19357d04689aad2904614441cacd5164626e8ecb3e67af2d810d34eb22,1,2024-03-01 00:07:20,2024-03-01 00:14:25,33,0.6363636363636364,6.260743801652892,21.733333333333327,0.38888888888888845,1.086489898989899,3.911363636363636,0,0,0,1.8378914141414142,7.083333333333333,True,1.0,6.260743801652892,9.83831168831169,0,0.0,0.0,0.0
6f346b19357d04689aad2904614441cacd5164626e8ecb3e67af2d810d34eb22,2,2024-03-01 01:42:03,2024-03-01 01:42:03,1,0.0,0.0,0.0,0.0,0.0,0.0,0,0,0,0.0,0.0,False,1.0,0.0,0.0,0,,,
6f346b19357d04689aad2904614441cacd5164626e8ecb3e67af2d810d34eb22,3,2024-03-01 03:19:46,2024-03-01 03:19:46,1,1.0,1.0,1.0,0.0,0.0,0.0,0,0,0,0.0,0.0,False,1.0,1.0,1.0,0,,,
6f346b19357d04689aad2904614441cacd5164626e8ecb3e67af2d810d34eb22,4,2024-03-01 04:27:21,2024-03-01 04:27:21,1,0.0,0.0,0.0,0.0,0.0,0.0,0,0,0,0.0,0.0,False,1.0,0.0,0.0,0,,,
6f346b19357d04689aad2904614441cacd5164626e8ecb3e67af2d810d34eb22,5,2024-03-01 07:17:40,2024-03-01 07:58:31,1068,0.8267790262172284,36.23677802638477,107.0,0.925925925925926,0.917824074074073,3.304166666666664,1,0,0,30.13566814975148,40.85,True,0.0,36.23677802638477,43.82885496283004,0,0.0,0.03318326957380723,0.0
6f346b19357d04689aad2904614441cacd5164626e8ecb3e67af2d810d34eb22,6,2024-03-01 08:08:17,2024-03-01 08:17:25,118,0.7033898305084746,12.646186440677965,35.0,1.05324074074074,1.1111111111111112,4.0,0,0,0,0.5745138888888889,9.133333333333333,True,0.0,12.646186440677965,17.978915662650603,0,0.0,0.0,0.0
6f346b19357d04689aad2904614441cacd5164626e8ecb3e67af2d810d34eb22,7,2024-03-01 08:59:21,2024-03-01 09:31:27,705,0.826950354609929,42.45756501182033,103.93333333333332,0.9259259259259274,0.9259259259259259,3.333333333333333,1,0,0,21.769050925925928,32.1,True,0.0,42.45756501182033,51.34233847913093,0,0.0,0.04593677525964379,0.0
6f346b19357d04689aad2904614441cacd5164626e8ecb3e67af2d810d34eb22,8,2024-03-01 09:38:12,2024-03-01 09:38:12,1,0.0,0.0,0.0,0.0,0.0,0.0,0,0,0,0.0,0.0,False,0.0,0.0,0.0,0,,,
6f346b19357d04689aad2904614441cacd5164626e8ecb3e67af2d810d34eb22,9,2024-03-01 10:45:37,2024-03-01 10:45:37,1,0.0,0.0,0.0,0.0,0.0,0.0,0,0,0,0.0,0.0,False,0.0,0.0,0.0,0,,,
6f346b19357d04689aad2904614441cacd5164626e8ecb3e67af2d810d34eb22,10,2024-03-01 14:57:12,2024-03-01 14:57:12,1,0.0,0.0,0.0,0.0,0.0,0.0,0,0,0,0.0,0.0,False,0.0,0.0,0.0,0,,,
6f346b19357d04689aad2904614441cacd5164626e8ecb3e67af2d810d34eb22,11,2024-03-01 16:04:24,2024-03-01 16:04:24,1,1.0,3.0,3.0,0.0,0.0,0.0,0,0,0,0.0,0.0,False,0.0,3.0,3.0,0,,,
6f346b19357d04689aad2904614441cacd5164626e8ecb3e67af2d810d34eb22,12,2024-03-01 18:18:54,2024-03-01 18:18:54,1,0.0,0.0,0.0,0.0,0.0,0.0,0,0,0,0.0,0.0,False,0.0,0.0,0.0,0,,,
712067bcfee17e98f04764bada6f5f0a383007d97d44bf5a778d82cc4d7324bf,1,2024-03-01 00:01:04,2024-03-01 00:37:02,380,0.7421052631578947,45.78421052631579,122.10000000000002,0.6118055555555557,0.7231481481481482,2.6033333333333344,0,0,0,25.985833333333332,35.96666666666667,True,1.0,45.78421052631579,61.695035460992905,0,0.0,0.0,0.0
712067bcfee17e98f04764bada6f5f0a383007d97d44bf5a778d82cc4d7324bf,2,2024-03-01 00:56:59,2024-03-01 02:07:54,786,0.9631043256997456,47.67430025445292,87.0,0.6527777777777776,0.611111111111111,2.2,0,0,0,56.145833333333336,70.91666666666667,True,1.0,47.67430025445292,49.50066050198151,0,0.0,0.0,0.0
712067bcfee17e98f04764bada6f5f0a383007d97d44bf5a778d82cc4d7324bf,3,2024-03-01 02:42:57,2024-03-01 03:13:12,335,0.9402985074626866,62.135820895522386,112.0,0.7777777777777778,0.888888888888889,3.2,0,0,0,30.98722222222222,30.25,True,1.0,62.135820895522386,66.08095238095238,0,0.0,0.0,0.0
712067bcfee17e98f04764bada6f5f0a383007d97d44bf5a778d82cc4d7324bf,4,2024-03-01 04:13:00,2024-03-01 04:13:00,1,0.0,0.0,0.0,0.0,0.0,0.0,0,0,0,0.0,0.0,False,1.0,0.0,0.0,0,,,
712067bcfee17e98f04764bada6f5f0a383007d97d44bf5a778d82cc4d7324bf,5,2024-03-01 05:14:04,2024-03-01 05:14:04,1,0.0,0.0,0.0,0.0,0.0,0.0,0,0,0,0.0,0.0,False,1.0,0.0,0.0,0,,,
712067bcfee17e98f04764bada6f5f0a383007d97d44bf5a778d82cc4d7324bf,6,2024-03-01 07:36:50,2024-03-01 07:39:05,2,0.5,0.5,0.95,0.0,0.001954732510288066,0.007037037037037037,0,0,0,0.0,2.25,False,0.0,0.5,1.0,0,,,
712067bcfee17e98f04764bada6f5f0a383007d97d44bf5a778d82cc4d7324bf,7,2024-03-01 07:57:02,2024-03-01 08:44:09,484,0.8078512396694215,28.801652892561982,92.0,0.9416666666666659,0.9916666666666648,3.569999999999993,0,0,0,23.661388888888883,47.11666666666667,True,0.0,28.801652892561982,35.65217391304348,0,0.0,0.0,0.0
712067bcfee17e98f04764bada6f5f0a383007d97d44bf5a778d82cc4d7324bf,8,2024-03-01 08:50:49,2024-03-01 08:56:35,49,0.8367346938775511,15.081632653061224,38.39999999999995,0.8148148148148144,1.1851851851851822,4.266666666666656,0,0,0,1.0544444444444443,5.766666666666667,True,0.0,15.081632653061224,18.024390243902438,0,0.0,0.0,0.0
712067bcfee17e98f04764bada6f5f0a383007d97d44bf5a778d82cc4d7324bf,9,2024-03-01 09:28:36,2024-03-01 09:28:36,1,0.0,0.0,0.0,0.0,0.0,0.0,0,0,0,0.0,0.0,False,0.0,0.0,0.0,0,,,
712067bcfee17e98f04764bada6f5f0a383007d97d44bf5a778d82cc4d7324bf,10,2024-03-01 10:28:24,2024-03-01 10:28:24,1,0.0,0.0,0.0,0.0,0.0,0.0,0,0,0,0.0,0.0,False,0.0,0.0,0.0,0,,,
712067bcfee17e98f04764bada6f5f0a383007d97d44bf5a778d82cc4d7324bf,11,2024-03-01 10:57:01,2024-03-01 11:14:21,173,0.8497109826589595,23.68208092485549,55.0,0.888888888888889,1.0,3.6,0,0,0,5.986666666666666,17.333333333333332,True,0.0,23.68208092485549,27.87074829931973,0,0.0,0.0,0.0
712067bcfee17e98f04764bada6f5f0a383007d97d44bf5a778d82cc4d7324bf,12,2024-03-01 12:14:15,2024-03-01 12:14:15,1,0.0,0.0,0.0,0.0,0.0,0.0,0,0,0,0.0,0.0,False,0.0,0.0,0.0,0,,,
712067bcfee17e98f04764bada6f5f0a383007d97d44bf5a778d82cc4d7324bf,13,2024-03-01 13:04:22,2024-03-01 13:11:52,61,0.9344262295081968,26.59016393442623,51.0,0.9027777777777777,1.0555555555555556,3.8,0,0,0,3.6019444444444444,7.5,True,0.0,26.59016393442623,28.45614035087719,0,0.0,0.0,0.0
712067bcfee17e98f04764bada6f5f0a383007d97d44bf5a778d82cc4d7324bf,14,2024-03-01 13:21:21,2024-03-01 13:28:57,91,0.945054945054945,32.03846153846154,56.0,1.0416666666666667,1.1018518518518516,3.966666666666667,0,0,0,4.241527777777779,7.6,True,0.0,32.03846153846154,33.901162790697676,0,0.0,0.0,0.0
712067bcfee17e98f04764bada6f5f0a383007d97d44bf5a778d82cc4d7324bf,15,2024-03-01 14:28:49,2024-03-01 14:28:49,1,0.0,0.0,0.0,0.0,0.0,0.0,0,0,0,0.0,0.0,False,0.0,0.0,0.0,0,,,
712067bcfee17e98f04764bada6f5f0a383007d97d44bf5a778d82cc4d7324bf,16,2024-03-01 14:53:05,2024-03-01 15:21:07,270,0.8185185185185185,26.711111111111112,66.0,0.7611111111111105,0.8333333333333334,3.0,0,0,0,10.98,28.033333333333335,True,0.0,26.711111111111112,32.633484162895925,0,0.0,0.0,0.0
712067bcfee17e98f04764bada6f5f0a383007d97d44bf5a778d82cc4d7324bf,17,2024-03-01 15:49:33,2024-03-01 15:58:23,93,0.7634408602150538,21.956989247311828,48.0,0.9888888888888878,0.7055555555555553,2.539999999999999,0,0,0,2.899444444444444,8.833333333333334,True,0.0,21.956989247311828,28.760563380281692,0,0.0,0.0,0.0
712067bcfee17e98f04764bada6f5f0a383007d97d44bf5a778d82cc4d7324bf,18,2024-03-01 16:14:54,2024-03-01 16:32:11,202,0.8217821782178217,17.60891089108911,52.94999999999999,0.9435185185185182,0.9416666666666659,3.3899999999999975,0,0,0,5.114166666666666,17.283333333333335,True,0.0,17.60891089108911,21.427710843373493,0,0.0,0.0,0.0
712067bcfee17e98f04764bada6f5f0a383007d97d44bf5a778d82cc4d7324bf,19,2024-03-01 16:38:39,2024-03-01 16:47:32,90,0.7666666666666667,19.677777777777777,50.55,0.5055555555555551,0.8736111111111106,3.1449999999999982,0,0,0,2.7983333333333333,8.883333333333333,True,0.0,19.677777777777777,25.666666666666668,0,0.0,0.0,0.0
712067bcfee17e98f04764bada6f5f0a383007d97d44bf5a778d82cc4d7324bf,20,2024-03-01 17:02:42,2024-03-01 17:24:06,138,0.9420289855072463,37.369565217391305,68.0,0.8333333333333336,0.8972222222222226,3.2300000000000013,0,0,0,8.992777777777777,21.4,True,0.0,37.369565217391305,39.66923076923077,0,0.0,0.0,0.0
712067bcfee17e98f04764bada6f5f0a383007d97d44bf5a778d82cc4d7324bf,21,2024-03-01 17:56:45,2024-03-01 18:04:09,74,0.0,0.0,0.0,0.0,0.0,0.0,0,0,0,0.0,7.4,False,0.0,0.0,0.0,0,,,
712067bcfee17e98f04764bada6f5f0a383007d97d44bf5a778d82cc4d7324bf,22,2024-03-01 18:21:09,2024-03-01 18:30:03,64,0.734375,12.96875,40.0,0.8638888888888879,0.8333333333333334,3.0,0,0,0,1.7069444444444444,8.9,True,0.0,12.96875,17.659574468085108,0,0.0,0.0,0.0
72c61757e3c83d9072595de3a73fadfc601c953ae7060c4f259517110ded2dc6,1,2024-03-01 08:05:04,2024-03-01 08:27:49,257,0.688715953307393,15.513618677042802,53.39999999999998,0.8333333333333333,0.6999999999999997,2.5199999999999987,0,0,0,5.849166666666666,22.75,True,0.0,15.513618677042802,22.52542372881356,0,0.0,0.0,0.0
72c61757e3c83d9072595de3a73fadfc601c953ae7060c4f259517110ded2dc6,2,2024-03-01 09:27:41,2024-03-01 09:27:41,1,0.0,0.0,0.0,0.0,0.0,0.0,0,0,0,0.0,0.0,False,0.0,0.0,0.0,0,,,
72c61757e3c83d9072595de3a73fadfc601c953ae7060c4f259517110ded2dc6,3,2024-03-01 18:05:24,2024-03-01 18:05:24,1,0.0,0.0,0.0,0.0,0.0,0.0,0,0,0,0.0,0.0,False,0.0,0.0,0.0,0,,,
72c61757e3c83d9072595de3a73fadfc601c953ae7060c4f259517110ded2dc6,4,2024-03-01 18:19:20,2024-03-01 18:25:19,52,0.3269230769230769,1.4038461538461537,9.0,0.07204861111111058,0.12361111111111099,0.44499999999999956,0,0,0,0.11805555555555554,5.983333333333333,True,0.0,1.4038461538461537,4.294117647058823,0,0.0,0.0,0.0
7454c2535e2242869830e7bc85a011be64289ca873634e38e393867421a1b86a,1,2024-03-01 09:37:05,2024-03-01 09:55:15,180,0.8333333333333334,35.56666666666667,70.0,0.9472222222222212,1.1111111111111112,4.0,0,0,0,11.142222222222223,18.166666666666668,True,0.0,35.56666666666667,42.68,0,0.0,0.0,0.0
7454c2535e2242869830e7bc85a011be64289ca873634e38e393867421a1b86a,2,2024-03-01 13:00:23,2024-03-01 13:09:20,103,0.9029126213592233,42.077669902912625,83.0,1.0333333333333312,0.7222222222222223,2.6,0,0,0,6.302777777777777,8.95,True,0.0,42.077669902912625,46.60215053763441,0,0.0,0.0,0.0
7454c2535e2242869830e7bc85a011be64289ca873634e38e393867421a1b86a,3,2024-03-01 14:09:46,2024-03-01 14:09:46,1,0.0,0.0,0.0,0.0,0.0,0.0,0,0,0,0.0,0.0,False,0.0,0.0,0.0,0,,,
7454c2535e2242869830e7bc85a011be64289ca873634e38e393867421a1b86a,4,2024-03-01 15:04:38,2024-03-01 15:19:29,133,0.7669172932330827,30.26691729323308,81.0,0.6888888888888884,0.5740740740740746,2.066666666666665,0,0,0,9.138055555555557,14.85,True,0.0,30.26691729323308,39.46568627450981,0,0.0,0.0,0.0
7454c2535e2242869830e7bc85a011be64289ca873634e38e393867421a1b86a,5,2024-03-01 16:26:32,2024-03-01 16:26:32,1,0.0,0.0,0.0,0.0,0.0,0.0,0,0,0,0.0,0.0,False,0.0,0.0,0.0,0,,,
74ad5c03b648e68bf8d73f5f73ea763f20283b0f0231afa2a34229d117dce738,1,2024-03-01 00:03:54,2024-03-01 00:03:54,1,0.0,0.0,0.0,0.0,0.0,0.0,0,0,0,0.0,0.0,False,1.0,0.0,0.0,0,,,
74ad5c03b648e68bf8d73f5f73ea763f20283b0f0231afa2a34229d117dce738,2,2024-03-01 01:19:47,2024-03-01 01:19:47,1,1.0,3.0,3.0,0.0,0.0,0.0,0,0,0,0.0,0.0,False,1.0,3.0,3.0,0,,,
74ad5c03b648e68bf8d73f5f73ea763f20283b0f0231afa2a34229d117dce738,3,2024-03-01 02:36:50,2024-03-01 02:36:50,1,1.0,9.0,9.0,0.0,0.0,0.0,0,0,0,0.0,0.0,False,1.0,9.0,9.0,0,,,
74ad5c03b648e68bf8d73f5f73ea763f20283b0f0231afa2a34229d117dce738,4,2024-03-01 03:53:55,2024-03-01 03:53:55,1,1.0,1.0,1.0,0.0,0.0,0.0,0,0,0,0.0,0.0,False,1.0,1.0,1.0,0,,,
74ad5c03b648e68bf8d73f5f73ea763f20283b0f0231afa2a34229d117dce738,5,2024-03-01 06:28:10,2024-03-01 06:28:10,1,0.0,0.0,0.0,0.0,0.0,0.0,0,0,0,0.0,0.0,False,0.0,0.0,0.0,0,,,
74ad5c03b648e68bf8d73f5f73ea763f20283b0f0231afa2a34229d117dce738,6,2024-03-01 07:46:26,2024-03-01 07:46:26,1,0.0,0.0,0.0,0.0,0.0,0.0,0,0,0,0.0,0.0,False,0.0,0.0,0.0,0,,,
74ad5c03b648e68bf8d73f5f73ea763f20283b0f0231afa2a34229d117dce738,7,2024-03-01 09:02:27,2024-03-01 09:04:43,2,0.0,0.0,0.0,0.0,0.0,0.0,0,0,0,0.0,2.2666666666666666,False,0.0,0.0,0.0,0,,,
74ad5c03b648e68bf8d73f5f73ea763f20283b0f0231afa2a34229d117dce738,8,2024-03-01 09:43:38,2024-03-01 09:54:58,131,0.6641221374045801,15.557251908396946,39.0,0.6064814814814815,0.7083333333333333,2.55,0,0,0,3.012777777777778,11.333333333333334,True,0.0,15.557251908396946,23.42528735632184,0,0.0,0.0,0.0
74ad5c03b648e68bf8d73f5f73ea763f20283b0f0231afa2a34229d117dce738,9,2024-03-01 10:14:22,2024-03-01 10:30:00,182,0.8076923076923077,24.505494505494507,51.0,0.8310185185185179,1.0444444444444416,3.759999999999991,0,0,0,6.570833333333333,15.633333333333333,True,0.0,24.505494505494507,30.34013605442177,0,0.0,0.0,0.0
74ad5c03b648e68bf8d73f5f73ea763f20283b0f0231afa2a34229d117dce738,10,2024-03-01 11:30:20,2024-03-01 11:30:20,1,0.0,0.0,0.0,0.0,0.0,0.0,0,0,0,0.0,0.0,False,0.0,0.0,0.0,0,,,
7551592b406b46d1999b2373e996d1d903c35b6b8a0af32ac7c6dafe8aeb0462,1,2024-03-01 00:00:04,2024-03-01 14:16:55,9363,0.00993271387375841,0.33771227170778595,0.0,0.0,-0.0,-0.0,0,0,0,11.317222222222219,856.85,False,0.42881555057139803,0.33771227170778595,34.0,0,0.0,0.0,0.0
7551592b406b46d1999b2373e996d1d903c35b6b8a0af32ac7c6dafe8aeb0462,2,2024-03-01 14:23:13,2024-03-01 18:29:55,1252,0.0463258785942492,1.4329073482428114,0.0,0.0,0.0,0.0,0,0,0,6.988611111111111,246.7,False,0.0,1.4329073482428114,30.93103448275862,0,0.0,0.0,0.0
7693849e38e1205e3b83e1eba71d9612a40813535bc36e8aaa74bb0c1440c9e0,1,2024-03-01 00:41:31,2024-03-01 00:41:31,1,1.0,1.0,1.0,0.0,0.0,0.0,0,0,0,0.0,0.0,False,1.0,1.0,1.0,0,,,
7693849e38e1205e3b83e1eba71d9612a40813535bc36e8aaa74bb0c1440c9e0,2,2024-03-01 01:51:34,2024-03-01 01:51:34,1,1.0,1.0,1.0,0.0,0.0,0.0,0,0,0,0.0,0.0,False,1.0,1.0,1.0,0,,,
7693849e38e1205e3b83e1eba71d9612a40813535bc36e8aaa74bb0c1440c9e0,3,2024-03-01 03:01:42,2024-03-01 03:01:42,1,0.0,0.0,0.0,0.0,0.0,0.0,0,0,0,0.0,0.0,False,1.0,0.0,0.0,0,,,
7693849e38e1205e3b83e1eba71d9612a40813535bc36e8aaa74bb0c1440c9e0,4,2024-03-01 06:32:13,2024-03-01 06:32:13,1,0.0,0.0,0.0,0.0,0.0,0.0,0,0,0,0.0,0.0,False,0.0,0.0,0.0,0,,,
7693849e38e1205e3b83e1eba71d9612a40813535bc36e8aaa74bb0c1440c9e0,5,2024-03-01 07:42:26,2024-03-01 08:30:13,512,0.849609375,27.83203125,77.0,0.7305555555555555,0.7870370370370369,2.8333333333333335,0,0,0,20.84444444444444,47.78333333333333,True,0.0,27.83203125,32.758620689655174,0,0.0,0.0,0.0
7693849e38e1205e3b83e1eba71d9612a40813535bc36e8aaa74bb0c1440c9e0,6,2024-03-01 09:19:38,2024-03-01 09:19:38,1,0.0,0.0,0.0,0.0,0.0,0.0,0,0,0,0.0,0.0,False,0.0,0.0,0.0,0,,,
7693849e38e1205e3b83e1eba71d9612a40813535bc36e8aaa74bb0c1440c9e0,7,2024-03-01 10:26:59,2024-03-01 10:26:59,1,0.0,0.0,0.0,0.0,0.0,0.0,0,0,0,0.0,0.0,False,0.0,0.0,0.0,0,,,
7693849e38e1205e3b83e1eba71d9612a40813535bc36e8aaa74bb0c1440c9e0,8,2024-03-01 12:06:33,2024-03-01 12:06:33,1,0.0,0.0,0.0,0.0,0.0,0.0,0,0,0,0.0,0.0,False,0.0,0.0,0.0,0,,,
7693849e38e1205e3b83e1eba71d9612a40813535bc36e8aaa74bb0c1440c9e0,9,2024-03-01 14:25:48,2024-03-01 14:25:48,1,0.0,0.0,0.0,0.0,0.0,0.0,0,0,0,0.0,0.0,False,0.0,0.0,0.0,0,,,
7693849e38e1205e3b83e1eba71d9612a40813535bc36e8aaa74bb0c1440c9e0,10,2024-03-01 15:35:23,2024-03-01 15:35:23,1,0.0,0.0,0.0,0.0,0.0,0.0,0,0,0,0.0,0.0,False,0.0,0.0,0.0,0,,,
7693849e38e1205e3b83e1eba71d9612a40813535bc36e8aaa74bb0c1440c9e0,11,2024-03-01 17:54:41,2024-03-01 17:54:41,1,0.0,0.0,0.0,0.0,0.0,0.0,0,0,0,0.0,0.0,False,0.0,0.0,0.0,0,,,
77a1ddb4eccb78a72840d8955bc917e4db9847dffa5cd97c17cc492f10913e6b,1,2024-03-01 03:34:50,2024-03-01 03:34:50,1,0.0,0.0,0.0,0.0,0.0,0.0,0,0,0,0.0,0.0,False,1.0,0.0,0.0,0,,,
77a1ddb4eccb78a72840d8955bc917e4db9847dffa5cd97c17cc492f10913e6b,2,2024-03-01 04:49:15,2024-03-01 04:49:15,1,1.0,1.0,1.0,0.0,0.0,0.0,0,0,0,0.0,0.0,False,1.0,1.0,1.0,0,,,
77a1ddb4eccb78a72840d8955bc917e4db9847dffa5cd97c17cc492f10913e6b,3,2024-03-01 06:03:39,2024-03-01 06:03:39,1,1.0,1.0,1.0,0.0,0.0,0.0,0,0,0,0.0,0.0,False,0.0,1.0,1.0,0,,,
77a1ddb4eccb78a72840d8955bc917e4db9847dffa5cd97c17cc492f10913e6b,4,2024-03-01 07:18:07,2024-03-01 07:20:22,2,0.0,0.0,0.0,0.0,0.0,0.0,0,0,0,0.0,2.25,False,0.0,0.0,0.0,0,,,
77a1ddb4eccb78a72840d8955bc917e4db9847dffa5cd97c17cc492f10913e6b,5,2024-03-01 07:28:21,2024-03-01 08:22:59,615,0.7723577235772358,19.4390243902439,55.0,0.9527777777777764,0.8452380952380935,3.0428571428571365,0,1,0,17.32138888888889,54.63333333333333,True,0.0,19.4390243902439,25.16842105263158,0,0.05773209102426351,0.0,0.0
77a1ddb4eccb78a72840d8955bc917e4db9847dffa5cd97c17cc492f10913e6b,6,2024-03-01 09:57:01,2024-03-01 09:57:42,2,0.0,0.0,0.0,0.0,0.0,0.0,0,0,0,0.0,0.6833333333333333,False,0.0,0.0,0.0,0,,,
77a1ddb4eccb78a72840d8955bc917e4db9847dffa5cd97c17cc492f10913e6b,7,2024-03-01 10:22:38,2024-03-01 10:23:10,7,0.0,0.0,0.0,0.0,-0.0,-0.0,0,0,0,0.0,0.5333333333333333,False,0.0,0.0,0.0,0,,,
77a1ddb4eccb78a72840d8955bc917e4db9847dffa5cd97c17cc492f10913e6b,8,2024-03-01 10:34:28,2024-03-01 11:10:23,395,0.0,0.0,0.0,0.0,0.0,0.0,0,0,0,0.0,35.916666666666664,False,0.0,0.0,0.0,0,,,
77a1ddb4eccb78a72840d8955bc917e4db9847dffa5cd97c17cc492f10913e6b,9,2024-03-01 11:58:17,2024-03-01 12:31:16,410,0.8414634146341463,33.69512195121951,79.0,1.388888888888889,1.5277777777777777,5.5,1,2,0,18.234166666666663,32.983333333333334,True,0.0,33.69512195121951,40.04347826086956,0,0.10968420090489468,0.05484210045244734,0.0
77a1ddb4eccb78a72840d8955bc917e4db9847dffa5cd97c17cc492f10913e6b,10,2024-03-01 14:33:29,2024-03-01 14:33:29,1,0.0,0.0,0.0,0.0,0.0,0.0,0,0,0,0.0,0.0,False,0.0,0.0,0.0,0,,,
77a1ddb4eccb78a72840d8955bc917e4db9847dffa5cd97c17cc492f10913e6b,11,2024-03-01 15:41:55,2024-03-01 15:44:54,24,0.9583333333333334,42.5,58.699999999999996,1.7138888888888886,1.0999999999999992,3.959999999999997,1,0,0,1.4780555555555555,2.9833333333333334,True,0.0,42.5,44.34782608695652,0,0.0,0.676564555534674,0.0
77a1ddb4eccb78a72840d8955bc917e4db9847dffa5cd97c17cc492f10913e6b,12,2024-03-01 15:50:56,2024-03-01 15:57:10,66,0.803030303030303,26.21212121212121,60.5,1.3062169312169312,1.3715277777777777,4.9375,0,1,0,2.3894444444444445,6.233333333333333,True,0.0,26.21212121212121,32.64150943396226,0,0.41850732387816786,0.0,0.0
77a1ddb4eccb78a72840d8955bc917e4db9847dffa5cd97c17cc492f10913e6b,13,2024-03-01 16:19:42,2024-03-01 16:19:42,1,0.0,0.0,0.0,0.0,0.0,0.0,0,0,0,0.0,0.0,False,0.0,0.0,0.0,0,,,
77a1ddb4eccb78a72840d8955bc917e4db9847dffa5cd97c17cc492f10913e6b,14,2024-03-01 16:39:47,2024-03-01 16:40:40,12,0.6666666666666666,19.75,33.9,1.0916666666666663,0.11111111111111108,0.4,0,0,0,0.3044444444444444,0.8833333333333333,True,0.0,19.75,29.625,0,0.0,0.0,0.0
77a1ddb4eccb78a72840d8955bc917e4db9847dffa5cd97c17cc492f10913e6b,15,2024-03-01 16:45:54,2024-03-01 16:54:54,91,0.9010989010989011,42.824175824175825,103.0,1.395833333333333,1.472222222222222,5.300000000000001,0,0,0,6.508333333333334,9.0,True,0.0,42.824175824175825,47.52439024390244,0,0.0,0.0,0.0
77a1ddb4eccb78a72840d8955bc917e4db9847dffa5cd97c17cc492f10913e6b,16,2024-03-01 17:28:38,2024-03-01 17:32:32,51,0.8431372549019608,17.254901960784313,37.5,0.8611111111111112,1.1111111111111112,4.0,0,0,0,1.1188888888888888,3.9,True,0.0,17.254901960784313,20.46511627906977,0,0.0,0.0,0.0
7a24c258a204fc047f655e59426c024ae6a8e2d04677588feb6dff8cf2926416,1,2024-03-01 07:27:20,2024-03-01 08:24:06,629,0.6057233704292527,17.565977742448332,60.200000000000045,0.5055555555555559,0.5092592592592592,1.8333333333333333,0,0,0,16.28361111111111,56.766666666666666,True,0.0,17.565977742448332,29.0,0,0.0,0.0,0.0
7a24c258a204fc047f655e59426c024ae6a8e2d04677588feb6dff8cf2926416,2,2024-03-01 12:00:50,2024-03-01 12:48:10,455,0.9560439560439561,78.86593406593407,118.0,0.6111111111111109,0.5555555555555561,2.0,0,0,0,58.985277777777775,47.333333333333336,True,0.0,78.86593406593407,82.49195402298851,0,0.0,0.0,0.0
7a24c258a204fc047f655e59426c024ae6a8e2d04677588feb6dff8cf2926416,3,2024-03-01 12:53:48,2024-03-01 13:26:09,328,0.7896341463414634,26.85670731707317,64.0,0.7222222222222224,0.7583333333333321,2.7299999999999955,0,0,0,12.947777777777777,32.35,True,0.0,26.85670731707317,34.011583011583014,0,0.0,0.0,0.0
7a24c258a204fc047f655e59426c024ae6a8e2d04677588feb6dff8cf2926416,4,2024-03-01 17:46:26,2024-03-01 17:52:03,64,0.703125,8.15625,26.69999999999999,0.611111111111111,0.5949074074074071,2.1416666666666657,0,0,0,0.7677777777777777,5.616666666666666,True,0.0,8.15625,11.6,0,0.0,0.0,0.0
7a2d3463d3923b85eb91eae9726bc946914e82af5970949390a599f15b6e66ed,1,2024-03-01 10:26:04,2024-03-01 10:50:08,263,0.8897338403041825,30.192015209125476,59.0,0.5092592592592592,0.611111111111111,2.2,1,0,0,12.211805555555557,24.066666666666666,True,0.0,30.192015209125476,33.93376068376068,0,0.0,0.08188797270400909,0.0
7a2d3463d3923b85eb91eae9726bc946914e82af5970949390a599f15b6e66ed,2,2024-03-01 11:50:37,2024-03-01 11:50:37,1,0.0,0.0,0.0,0.0,0.0,0.0,0,0,0,0.0,0.0,False,0.0,0.0,0.0,0,,,
7a2d3463d3923b85eb91eae9726bc946914e82af5970949390a599f15b6e66ed,3,2024-03-01 17:19:08,2024-03-01 17:19:08,1,0.0,0.0,0.0,0.0,0.0,0.0,0,0,0,0.0,0.0,False,0.0,0.0,0.0,0,,,
7a2d3463d3923b85eb91eae9726bc946914e82af5970949390a599f15b6e66ed,4,2024-03-01 17:42:58,2024-03-01 17:42:58,1,1.0,5.0,5.0,0.0,0.0,0.0,0,0,0,0.0,0.0,False,0.0,5.0,5.0,0,,,
7a2d3463d3923b85eb91eae9726bc946914e82af5970949390a599f15b6e66ed,5,2024-03-01 17:52:25,2024-03-01 18:04:10,124,0.75,13.008064516129032,37.0,0.6027777777777774,0.5486111111111108,1.974999999999999,0,0,0,2.3477777777777775,11.75,True,0.0,13.008064516129032,17.344086021505376,0,0.0,0.0,0.0
7a2e3534947a251c34ad7385925bed094a59552cfcf3a2a5e03aa9ec42223518,1,2024-03-01 01:19:34,2024-03-01 01:31:38,129,0.9147286821705426,45.81395348837209,67.19999999999999,0.31111111111111056,0.32407407407407407,1.1666666666666667,0,0,0,9.488611111111112,12.066666666666666,True,1.0,45.81395348837209,50.08474576271186,0,0.0,0.0,0.0
7a2e3534947a251c34ad7385925bed094a59552cfcf3a2a5e03aa9ec42223518,2,2024-03-01 02:31:38,2024-03-01 02:31:38,1,0.0,0.0,0.0,0.0,0.0,0.0,0,0,0,0.0,0.0,False,1.0,0.0,0.0,0,,,
7a2e3534947a251c34ad7385925bed094a59552cfcf3a2a5e03aa9ec42223518,3,2024-03-01 11:53:18,2024-03-01 11:53:18,1,0.0,0.0,0.0,0.0,0.0,0.0,0,0,0,0.0,0.0,False,0.0,0.0,0.0,0,,,
7a2e3534947a251c34ad7385925bed094a59552cfcf3a2a5e03aa9ec42223518,4,2024-03-01 12:47:31,2024-03-01 12:49:57,29,0.9310344827586207,23.448275862068964,37.599999999999994,0.3296296296296296,0.5222222222222217,1.8799999999999983,0,0,0,0.9672222222222222,2.433333333333333,True,0.0,23.448275862068964,25.185185185185187,0,0.0,0.0,0.0
7a2e3534947a251c34ad7385925bed094a59552cfcf3a2a5e03aa9ec42223518,5,2024-03-01 14:35:55,2024-03-01 15:05:14,300,0.8533333333333334,24.096666666666668,59.10000000000002,0.4180555555555559,0.44537037037037075,1.6033333333333342,0,0,0,11.127222222222223,29.316666666666666,True,0.0,24.096666666666668,28.23828125,0,0.0,0.0,0.0
7a2e3534947a251c34ad7385925bed094a59552cfcf3a2a5e03aa9ec42223518,6,2024-03-01 16:05:13,2024-03-01 16:05:13,1,0.0,0.0,0.0,0.0,0.0,0.0,0,0,0,0.0,0.0,False,0.0,0.0,0.0,0,,,
7a2e3534947a251c34ad7385925bed094a59552cfcf3a2a5e03aa9ec42223518,7,2024-03-01 17:06:04,2024-03-01 17:06:04,1,1.0,1.0,1.0,0.0,0.0,0.0,0,0,0,0.0,0.0,False,0.0,1.0,1.0,0,,,
7a2e3534947a251c34ad7385925bed094a59552cfcf3a2a5e03aa9ec42223518,8,2024-03-01 18:19:09,2024-03-01 18:20:09,2,0.0,0.0,0.0,0.0,0.0,0.0,0,0,0,0.0,1.0,False,0.0,0.0,0.0,0,,,
7a39164c3d78cd83bef4644164341764db6c23c11a02e8bf099ef467b3381426,1,2024-03-01 07:57:27,2024-03-01 07:58:27,2,0.0,0.0,0.0,0.0,0.0,0.0,0,0,0,0.0,1.0,False,0.0,0.0,0.0,0,,,
7a39164c3d78cd83bef4644164341764db6c23c11a02e8bf099ef467b3381426,2,2024-03-01 08:16:05,2024-03-01 09:00:41,476,0.7878151260504201,15.28781512605042,38.0,0.7800925925925926,0.8333333333333333,3.0,1,1,0,10.476111111111113,44.6,True,0.0,15.28781512605042,19.405333333333335,0,0.09545526860051969,0.09545526860051969,0.0
7a39164c3d78cd83bef4644164341764db6c23c11a02e8bf099ef467b3381426,3,2024-03-01 16:55:20,2024-03-01 17:02:55,72,0.9305555555555556,28.02777777777778,70.0,0.5250000000000001,0.41388888888888914,1.4900000000000007,0,0,0,2.9780555555555557,7.583333333333333,True,0.0,28.02777777777778,30.119402985074625,0,0.0,0.0,0.0
7a39164c3d78cd83bef4644164341764db6c23c11a02e8bf099ef467b3381426,4,2024-03-01 17:19:18,2024-03-01 17:23:44,54,0.7037037037037037,10.981481481481481,29.69999999999999,0.7041666666666665,0.895833333333333,3.224999999999999,0,0,0,0.8297222222222221,4.433333333333334,True,0.0,10.981481481481481,15.605263157894736,0,0.0,0.0,0.0
7a39164c3d78cd83bef4644164341764db6c23c11a02e8bf099ef467b3381426,5,2024-03-01 18:17:39,2024-03-01 18:17:39,1,0.0,0.0,0.0,0.0,0.0,0.0,0,0,0,0.0,0.0,False,0.0,0.0,0.0,0,,,
7a3ff606700b0b172839a40f7304e2b74c9d60fb840a0c336887b5d0538d2da3,1,2024-03-01 01:12:31,2024-03-01 01:12:31,1,1.0,3.0,3.0,0.0,0.0,0.0,0,0,0,0.0,0.0,False,1.0,3.0,3.0,0,,,
7a3ff606700b0b172839a40f7304e2b74c9d60fb840a0c336887b5d0538d2da3,2,2024-03-01 02:24:40,2024-03-01 02:24:40,1,1.0,3.0,3.0,0.0,0.0,0.0,0,0,0,0.0,0.0,False,1.0,3.0,3.0,0,,,
7a3ff606700b0b172839a40f7304e2b74c9d60fb840a0c336887b5d0538d2da3,3,2024-03-01 03:36:52,2024-03-01 03:36:52,1,0.0,0.0,0.0,0.0,0.0,0.0,0,0,0,0.0,0.0,False,1.0,0.0,0.0,0,,,
7a3ff606700b0b172839a40f7304e2b74c9d60fb840a0c336887b5d0538d2da3,4,2024-03-01 04:49:09,2024-03-01 04:49:09,1,1.0,3.0,3.0,0.0,0.0,0.0,0,0,0,0.0,0.0,False,1.0,3.0,3.0,0,,,
7a3ff606700b0b172839a40f7304e2b74c9d60fb840a0c336887b5d0538d2da3,5,2024-03-01 06:01:30,2024-03-01 06:01:30,1,0.0,0.0,0.0,0.0,0.0,0.0,0,0,0,0.0,0.0,False,0.0,0.0,0.0,0,,,
7a3ff606700b0b172839a40f7304e2b74c9d60fb840a0c336887b5d0538d2da3,6,2024-03-01 08:26:23,2024-03-01 08:26:23,1,1.0,9.0,9.0,0.0,0.0,0.0,0,0,0,0.0,0.0,False,0.0,9.0,9.0,0,,,
7a3ff606700b0b172839a40f7304e2b74c9d60fb840a0c336887b5d0538d2da3,7,2024-03-01 13:15:42,2024-03-01 13:15:42,1,1.0,1.0,1.0,0.0,0.0,0.0,0,0,0,0.0,0.0,False,0.0,1.0,1.0,0,,,
7a3ff606700b0b172839a40f7304e2b74c9d60fb840a0c336887b5d0538d2da3,8,2024-03-01 15:39:23,2024-03-01 15:39:23,1,0.0,0.0,0.0,0.0,0.0,0.0,0,0,0,0.0,0.0,False,0.0,0.0,0.0,0,,,
7a3ff606700b0b172839a40f7304e2b74c9d60fb840a0c336887b5d0538d2da3,9,2024-03-01 18:02:54,2024-03-01 18:02:54,1,0.0,0.0,0.0,0.0,0.0,0.0,0,0,0,0.0,0.0,False,0.0,0.0,0.0,0,,,
7a93d6790949db8548b834c3f3ca77c4caee102861122f7915b90205cfe2bf15,1,2024-03-01 00:27:11,2024-03-01 00:27:11,1,1.0,1.0,1.0,0.0,0.0,0.0,0,0,0,0.0,0.0,False,1.0,1.0,1.0,0,,,
7a93d6790949db8548b834c3f3ca77c4caee102861122f7915b90205cfe2bf15,2,2024-03-01 07:58:35,2024-03-01 08:00:04,2,0.0,0.0,0.0,0.0,0.0,0.0,0,0,0,0.0,1.4833333333333334,False,0.0,0.0,0.0,0,,,
7a93d6790949db8548b834c3f3ca77c4caee102861122f7915b90205cfe2bf15,3,2024-03-01 08:46:03,2024-03-01 08:56:30,79,0.8607594936708861,15.151898734177216,37.0,0.6203703703703692,0.783333333333333,2.8199999999999985,0,0,0,2.366111111111111,10.45,True,0.0,15.151898734177216,17.602941176470587,0,0.0,0.0,0.0
7a93d6790949db8548b834c3f3ca77c4caee102861122f7915b90205cfe2bf15,4,2024-03-01 10:10:59,2024-03-01 10:11:37,2,0.0,0.0,0.0,0.0,0.0,0.0,0,0,0,0.0,0.6333333333333333,False,0.0,0.0,0.0,0,,,
7a93d6790949db8548b834c3f3ca77c4caee102861122f7915b90205cfe2bf15,5,2024-03-01 10:54:50,2024-03-01 11:01:15,65,0.7692307692307693,20.446153846153845,46.0,0.6888888888888887,0.8333333333333334,3.0,0,0,0,1.9230555555555555,6.416666666666667,True,0.0,20.446153846153845,26.58,0,0.0,0.0,0.0
7a93d6790949db8548b834c3f3ca77c4caee102861122f7915b90205cfe2bf15,6,2024-03-01 11:24:21,2024-03-01 11:32:05,80,0.675,10.65,29.0,0.7805555555555554,0.5004629629629629,1.8016666666666665,1,0,0,1.2133333333333332,7.733333333333333,True,0.0,10.65,15.777777777777779,0,0.0,0.8241758241758242,0.0
7a93d6790949db8548b834c3f3ca77c4caee102861122f7915b90205cfe2bf15,7,2024-03-01 12:10:36,2024-03-01 12:22:21,87,0.6666666666666666,12.218390804597702,31.0,0.5944444444444446,0.7037037037037045,2.5333333333333363,0,0,0,1.5775,11.75,True,0.0,12.218390804597702,18.32758620689655,0,0.0,0.0,0.0
7a93d6790949db8548b834c3f3ca77c4caee102861122f7915b90205cfe2bf15,8,2024-03-01 12:41:00,2024-03-01 12:46:21,54,0.7777777777777778,8.907407407407407,20.69999999999999,0.6050925925925925,0.611111111111111,2.2,0,0,0,0.6641666666666665,5.35,True,0.0,8.907407407407407,11.452380952380953,0,0.0,0.0,0.0
7a93d6790949db8548b834c3f3ca77c4caee102861122f7915b90205cfe2bf15,9,2024-03-01 13:07:37,2024-03-01 13:17:44,118,0.7796610169491526,16.74576271186441,38.29999999999998,0.7388888888888878,0.6708333333333328,2.414999999999999,0,0,0,2.8175,10.116666666666667,True,0.0,16.74576271186441,21.47826086956522,0,0.0,0.0,0.0
7a93d6790949db8548b834c3f3ca77c4caee102861122f7915b90205cfe2bf15,10,2024-03-01 13:23:16,2024-03-01 13:33:35,122,0.8852459016393442,28.12295081967213,64.0,0.7208333333333329,1.1111111111111114,4.0,0,0,0,4.9911111111111115,10.316666666666666,True,0.0,28.12295081967213,31.76851851851852,0,0.0,0.0,0.0
7a93d6790949db8548b834c3f3ca77c4caee102861122f7915b90205cfe2bf15,11,2024-03-01 14:13:41,2024-03-01 14:13:41,1,0.0,0.0,0.0,0.0,0.0,0.0,0,0,0,0.0,0.0,False,0.0,0.0,0.0,0,,,
7a93d6790949db8548b834c3f3ca77c4caee102861122f7915b90205cfe2bf15,12,2024-03-01 14:46:01,2024-03-01 14:49:02,37,0.8108108108108109,21.216216216216218,54.79999999999996,0.9333333333333325,1.0851851851851844,3.906666666666664,0,0,0,1.0958333333333332,3.0166666666666666,True,0.0,21.216216216216218,26.166666666666668,0,0.0,0.0,0.0
7a93d6790949db8548b834c3f3ca77c4caee102861122f7915b90205cfe2bf15,13,2024-03-01 15:49:13,2024-03-01 15:49:13,1,0.0,0.0,0.0,0.0,0.0,0.0,0,0,0,0.0,0.0,False,0.0,0.0,0.0,0,,,
7a93d6790949db8548b834c3f3ca77c4caee102861122f7915b90205cfe2bf15,14,2024-03-01 16:49:55,2024-03-01 16:49:55,1,0.0,0.0,0.0,0.0,0.0,0.0,0,0,0,0.0,0.0,False,0.0,0.0,0.0,0,,,
7a93d6790949db8548b834c3f3ca77c4caee102861122f7915b90205cfe2bf15,15,2024-03-01 17:59:41,2024-03-01 17:59:41,1,0.0,0.0,0.0,0.0,0.0,0.0,0,0,0,0.0,0.0,False,0.0,0.0,0.0,0,,,
7ad0909f9ddf735e5f993c996a6477e0f30c331d46719f1928ea95da1f9fd4fb,1,2024-03-01 18:00:29,2024-03-01 18:00:29,1,0.0,0.0,0.0,0.0,0.0,0.0,0,0,0,0.0,0.0,False,0.0,0.0,0.0,0,,,
7bee29710d8bdf30ee205dca3f89dc15f4fe2e4ad4245d3accb207855604b6f0,1,2024-03-01 08:01:40,2024-03-01 08:06:10,49,0.5714285714285714,9.040816326530612,30.19999999999999,0.6074074074074073,0.611111111111111,2.2,0,0,0,0.7288888888888888,4.5,True,0.0,9.040816326530612,15.821428571428571,0,0.0,0.0,0.0
7bee29710d8bdf30ee205dca3f89dc15f4fe2e4ad4245d3accb207855604b6f0,2,2024-03-01 08:21:03,2024-03-01 08:41:34,232,0.8362068965517241,15.461206896551724,35.0,0.6277777777777773,0.6361111111111104,2.289999999999998,0,0,0,5.243888888888889,20.516666666666666,True,0.0,15.461206896551724,18.489690721649485,0,0.0,0.0,0.0
7c33747904944d2ce5b9f58ca8d569e0e3cca6cc5eac708f4ac1ef22711cf7ce,1,2024-03-01 00:26:29,2024-03-01 00:26:29,1,0.0,0.0,0.0,0.0,0.0,0.0,0,0,0,0.0,0.0,False,1.0,0.0,0.0,0,,,
7c33747904944d2ce5b9f58ca8d569e0e3cca6cc5eac708f4ac1ef22711cf7ce,2,2024-03-01 01:46:12,2024-03-01 01:46:12,1,1.0,5.0,5.0,0.0,0.0,0.0,0,0,0,0.0,0.0,False,1.0,5.0,5.0,0,,,
7c33747904944d2ce5b9f58ca8d569e0e3cca6cc5eac708f4ac1ef22711cf7ce,3,2024-03-01 07:07:53,2024-03-01 07:10:10,2,0.0,0.0,0.0,0.0,0.0,0.0,0,0,0,0.0,2.283333333333333,False,0.0,0.0,0.0,0,,,
7c33747904944d2ce5b9f58ca8d569e0e3cca6cc5eac708f4ac1ef22711cf7ce,4,2024-03-01 07:25:01,2024-03-01 07:41:09,141,0.8085106382978723,29.666666666666668,62.0,0.6018518518518517,0.7870370370370369,2.8333333333333335,0,0,0,6.094166666666666,16.133333333333333,True,0.0,29.666666666666668,36.69298245614035,0,0.0,0.0,0.0
7c33747904944d2ce5b9f58ca8d569e0e3cca6cc5eac708f4ac1ef22711cf7ce,5,2024-03-01 07:52:22,2024-03-01 08:04:03,135,0.8296296296296296,31.585185185185185,64.0,0.7027777777777776,0.9398148148148148,3.383333333333333,0,0,0,6.306666666666666,11.683333333333334,True,0.0,31.585185185185185,38.07142857142857,0,0.0,0.0,0.0
7c33747904944d2ce5b9f58ca8d569e0e3cca6cc5eac708f4ac1ef22711cf7ce,6,2024-03-01 08:10:47,2024-03-01 08:22:23,97,0.9381443298969072,22.216494845360824,42.0,0.7222222222222221,1.1333333333333322,4.079999999999996,0,0,0,3.173333333333333,11.6,True,0.0,22.216494845360824,23.681318681318682,0,0.0,0.0,0.0
7c33747904944d2ce5b9f58ca8d569e0e3cca6cc5eac708f4ac1ef22711cf7ce,7,2024-03-01 08:28:06,2024-03-01 08:35:46,49,0.5306122448979592,10.73469387755102,31.0,0.677777777777777,0.8111111111111091,2.9199999999999933,0,0,0,0.7530555555555556,7.666666666666667,True,0.0,10.73469387755102,20.23076923076923,0,0.0,0.0,0.0
7c33747904944d2ce5b9f58ca8d569e0e3cca6cc5eac708f4ac1ef22711cf7ce,8,2024-03-01 08:47:44,2024-03-01 08:50:09,20,0.7,12.05,24.350000000000005,0.8472222222222224,1.0930555555555561,3.935000000000002,0,0,0,0.31222222222222223,2.4166666666666665,True,0.0,12.05,17.214285714285715,0,0.0,0.0,0.0
7c33747904944d2ce5b9f58ca8d569e0e3cca6cc5eac708f4ac1ef22711cf7ce,9,2024-03-01 09:06:15,2024-03-01 09:11:41,48,0.5,5.6875,19.299999999999997,0.6078703703703703,0.49513888888888885,1.7825,0,0,0,0.38638888888888884,5.433333333333334,True,0.0,5.6875,11.375,0,0.0,0.0,0.0
7c33747904944d2ce5b9f58ca8d569e0e3cca6cc5eac708f4ac1ef22711cf7ce,10,2024-03-01 09:17:55,2024-03-01 09:18:21,7,0.42857142857142855,8.428571428571429,24.099999999999998,1.0425925925925923,0.9388888888888882,3.379999999999998,0,0,0,0.05583333333333333,0.43333333333333335,True,0.0,8.428571428571429,19.666666666666668,0,0.0,0.0,0.0
7c33747904944d2ce5b9f58ca8d569e0e3cca6cc5eac708f4ac1ef22711cf7ce,11,2024-03-01 09:25:46,2024-03-01 09:33:32,35,0.42857142857142855,11.114285714285714,41.89999999999996,0.9805555555555555,0.8722222222222207,3.1399999999999952,0,0,0,0.5491666666666666,7.766666666666667,True,0.0,11.114285714285714,25.933333333333334,0,0.0,0.0,0.0
7c33747904944d2ce5b9f58ca8d569e0e3cca6cc5eac708f4ac1ef22711cf7ce,12,2024-03-01 09:44:46,2024-03-01 09:45:56,16,0.75,22.125,55.5,0.7083333333333333,1.4166666666666665,5.1000000000000005,0,0,0,0.5083333333333333,1.1666666666666667,True,0.0,22.125,29.5,0,0.0,0.0,0.0
7c33747904944d2ce5b9f58ca8d569e0e3cca6cc5eac708f4ac1ef22711cf7ce,13,2024-03-01 09:53:31,2024-03-01 09:54:57,7,0.2857142857142857,2.2857142857142856,9.199999999999996,0.3027777777777777,0.03564814814814811,0.1283333333333332,0,0,0,0.023611111111111107,1.4333333333333333,True,0.0,2.2857142857142856,8.0,0,0.0,0.0,0.0
7c33747904944d2ce5b9f58ca8d569e0e3cca6cc5eac708f4ac1ef22711cf7ce,14,2024-03-01 10:11:00,2024-03-01 10:43:19,170,0.8,18.123529411764707,44.0,0.7222222222222221,0.9194444444444434,3.3099999999999965,0,0,0,4.943611111111111,32.31666666666667,True,0.0,18.123529411764707,22.654411764705884,0,0.0,0.0,0.0
7c33747904944d2ce5b9f58ca8d569e0e3cca6cc5eac708f4ac1ef22711cf7ce,15,2024-03-01 10:48:44,2024-03-01 11:02:16,47,0.9574468085106383,33.51063829787234,61.699999999999996,0.6861111111111109,0.8958333333333331,3.2249999999999996,0,0,0,6.815555555555555,13.533333333333333,True,0.0,33.51063829787234,35.0,0,0.0,0.0,0.0
7c33747904944d2ce5b9f58ca8d569e0e3cca6cc5eac708f4ac1ef22711cf7ce,16,2024-03-01 11:08:53,2024-03-01 11:30:15,104,0.7980769230769231,23.85096153846154,61.24999999999997,0.816666666666666,0.9916666666666664,3.569999999999999,0,0,0,4.904027777777777,21.366666666666667,True,0.0,23.85096153846154,29.8855421686747,0,0.0,0.0,0.0
7c33747904944d2ce5b9f58ca8d569e0e3cca6cc5eac708f4ac1ef22711cf7ce,17,2024-03-01 11:37:26,2024-03-01 11:39:39,23,0.8695652173913043,18.956521739130434,34.8,0.497222222222222,0.9490740740740735,3.4166666666666656,0,0,0,0.7483333333333334,2.216666666666667,True,0.0,18.956521739130434,21.8,0,0.0,0.0,0.0
7c33747904944d2ce5b9f58ca8d569e0e3cca6cc5eac708f4ac1ef22711cf7ce,18,2024-03-01 11:45:51,2024-03-01 11:49:22,38,0.8421052631578947,18.81578947368421,35.3,0.7291666666666664,0.9527777777777776,3.4299999999999997,0,0,0,1.1199999999999997,3.5166666666666666,True,0.0,18.81578947368421,22.34375,0,0.0,0.0,0.0
7c33747904944d2ce5b9f58ca8d569e0e3cca6cc5eac708f4ac1ef22711cf7ce,19,2024-03-01 11:55:19,2024-03-01 11:58:32,40,0.825,31.35,64.0,0.888888888888889,0.7416666666666657,2.669999999999996,0,0,0,1.7922222222222222,3.216666666666667,True,0.0,31.35,38.0,0,0.0,0.0,0.0
7c33747904944d2ce5b9f58ca8d569e0e3cca6cc5eac708f4ac1ef22711cf7ce,20,2024-03-01 12:59:00,2024-03-01 12:59:00,1,0.0,0.0,0.0,0.0,0.0,0.0,0,0,0,0.0,0.0,False,0.0,0.0,0.0,0,,,
7c33747904944d2ce5b9f58ca8d569e0e3cca6cc5eac708f4ac1ef22711cf7ce,21,2024-03-01 15:07:05,2024-03-01 15:10:27,39,0.05128205128205128,0.05128205128205128,0.10000000000000142,0.0,0.0,0.0,0,0,0,0.0030555555555555553,3.3666666666666667,False,0.0,0.05128205128205128,1.0,0,0.0,0.0,0.0
7c33747904944d2ce5b9f58ca8d569e0e3cca6cc5eac708f4ac1ef22711cf7ce,22,2024-03-01 16:10:54,2024-03-01 16:10:54,1,0.0,0.0,0.0,0.0,0.0,0.0,0,0,0,0.0,0.0,False,0.0,0.0,0.0,0,,,
7c33747904944d2ce5b9f58ca8d569e0e3cca6cc5eac708f4ac1ef22711cf7ce,23,2024-03-01 17:10:59,2024-03-01 17:10:59,1,0.0,0.0,0.0,0.0,0.0,0.0,0,0,0,0.0,0.0,False,0.0,0.0,0.0,0,,,
7c33747904944d2ce5b9f58ca8d569e0e3cca6cc5eac708f4ac1ef22711cf7ce,24,2024-03-01 17:52:33,2024-03-01 18:06:16,156,0.02564102564102564,0.0641025641025641,0.0,0.0,0.0,0.0,0,0,0,0.013333333333333334,13.716666666666667,False,0.0,0.0641025641025641,2.5,0,0.0,0.0,0.0
7c33747904944d2ce5b9f58ca8d569e0e3cca6cc5eac708f4ac1ef22711cf7ce,25,2024-03-01 18:15:16,2024-03-01 18:17:18,24,0.6666666666666666,10.875,36.39999999999999,0.611111111111111,0.5699074074074071,2.051666666666665,0,0,0,0.38388888888888884,2.033333333333333,True,0.0,10.875,16.3125,0,0.0,0.0,0.0
7c4daee8b6b50fff11bdf8fddefb7bf3f6a1521a647dbc7c124783b8c1ee7c10,1,2024-03-01 04:11:01,2024-03-01 04:11:01,1,0.0,0.0,0.0,0.0,0.0,0.0,0,0,0,0.0,0.0,False,1.0,0.0,0.0,0,,,
7c4daee8b6b50fff11bdf8fddefb7bf3f6a1521a647dbc7c124783b8c1ee7c10,2,2024-03-01 06:26:51,2024-03-01 06:26:51,1,0.0,0.0,0.0,0.0,0.0,0.0,0,0,0,0.0,0.0,False,0.0,0.0,0.0,0,,,
7c4daee8b6b50fff11bdf8fddefb7bf3f6a1521a647dbc7c124783b8c1ee7c10,3,2024-03-01 07:34:47,2024-03-01 07:34:47,1,0.0,0.0,0.0,0.0,0.0,0.0,0,0,0,0.0,0.0,False,0.0,0.0,0.0,0,,,
7c4daee8b6b50fff11bdf8fddefb7bf3f6a1521a647dbc7c124783b8c1ee7c10,4,2024-03-01 08:42:42,2024-03-01 08:42:42,1,1.0,1.0,1.0,0.0,0.0,0.0,0,0,0,0.0,0.0,False,0.0,1.0,1.0,0,,,
7c4daee8b6b50fff11bdf8fddefb7bf3f6a1521a647dbc7c124783b8c1ee7c10,5,2024-03-01 09:50:39,2024-03-01 09:50:39,1,0.0,0.0,0.0,0.0,0.0,0.0,0,0,0,0.0,0.0,False,0.0,0.0,0.0,0,,,
7c4daee8b6b50fff11bdf8fddefb7bf3f6a1521a647dbc7c124783b8c1ee7c10,6,2024-03-01 14:55:02,2024-03-01 15:18:32,195,0.8769230769230769,22.415384615384614,62.0,0.6361111111111096,0.6046296296296294,2.176666666666666,0,0,0,7.534444444444444,23.5,True,0.0,22.415384615384614,25.56140350877193,0,0.0,0.0,0.0
7c4daee8b6b50fff11bdf8fddefb7bf3f6a1521a647dbc7c124783b8c1ee7c10,7,2024-03-01 16:36:14,2024-03-01 16:51:43,163,0.9631901840490797,35.24539877300614,68.0,0.5972222222222223,0.6101851851851852,2.196666666666667,0,0,0,9.030555555555555,15.483333333333333,True,0.0,35.24539877300614,36.59235668789809,0,0.0,0.0,0.0
7c4daee8b6b50fff11bdf8fddefb7bf3f6a1521a647dbc7c124783b8c1ee7c10,8,2024-03-01 17:01:05,2024-03-01 17:08:27,52,0.7307692307692307,9.5,22.89999999999999,1.076388888888888,0.5249999999999997,1.8899999999999992,0,0,0,0.7136111111111111,7.366666666666666,True,0.0,9.5,13.0,0,0.0,0.0,0.0
7c4daee8b6b50fff11bdf8fddefb7bf3f6a1521a647dbc7c124783b8c1ee7c10,9,2024-03-01 17:50:11,2024-03-01 18:01:32,133,0.7669172932330827,11.759398496240602,29.0,0.6444444444444437,0.7222222222222222,2.6,0,0,0,2.249722222222222,11.35,True,0.0,11.759398496240602,15.333333333333334,0,0.0,0.0,0.0
7c4daee8b6b50fff11bdf8fddefb7bf3f6a1521a647dbc7c124783b8c1ee7c10,10,2024-03-01 18:14:15,2024-03-01 18:26:58,90,0.8666666666666667,13.333333333333334,29.0,0.6069444444444443,0.8444444444444437,3.039999999999998,0,0,0,1.6258333333333335,12.716666666666667,True,0.0,13.333333333333334,15.384615384615385,0,0.0,0.0,0.0
7d1ffe43018da0aadd00a7ec63d1c93a3bf9679b905dae2e847fae2085ae08d0,1,2024-03-01 15:17:45,2024-03-01 15:17:45,1,1.0,1.0,1.0,0.0,0.0,0.0,0,0,0,0.0,0.0,False,0.0,1.0,1.0,0,,,
7d4ea25d13439dddb4a5316bb07259c4930f58c8f550084db6605b0d278aff9a,1,2024-03-01 06:45:09,2024-03-01 06:45:09,1,1.0,1.0,1.0,0.0,0.0,0.0,0,0,0,0.0,0.0,False,0.0,1.0,1.0,0,,,
7d4ea25d13439dddb4a5316bb07259c4930f58c8f550084db6605b0d278aff9a,2,2024-03-01 07:53:22,2024-03-01 07:53:22,1,0.0,0.0,0.0,0.0,0.0,0.0,0,0,0,0.0,0.0,False,0.0,0.0,0.0,0,,,
7d4ea25d13439dddb4a5316bb07259c4930f58c8f550084db6605b0d278aff9a,3,2024-03-01 09:03:52,2024-03-01 09:03:52,1,0.0,0.0,0.0,0.0,0.0,0.0,0,0,0,0.0,0.0,False,0.0,0.0,0.0,0,,,
7d4ea25d13439dddb4a5316bb07259c4930f58c8f550084db6605b0d278aff9a,4,2024-03-01 09:40:21,2024-03-01 09:58:13,208,0.6971153846153846,17.53846153846154,46.0,0.8333333333333334,0.9379629629629624,3.376666666666665,0,0,0,5.233888888888889,17.866666666666667,True,0.0,17.53846153846154,25.158620689655173,0,0.0,0.0,0.0
7d4ea25d13439dddb4a5316bb07259c4930f58c8f550084db6605b0d278aff9a,5,2024-03-01 10:58:23,2024-03-01 10:58:23,1,0.0,0.0,0.0,0.0,0.0,0.0,0,0,0,0.0,0.0,False,0.0,0.0,0.0,0,,,
7d4ea25d13439dddb4a5316bb07259c4930f58c8f550084db6605b0d278aff9a,6,2024-03-01 16:30:14,2024-03-01 16:30:14,1,0.0,0.0,0.0,0.0,0.0,0.0,0,0,0,0.0,0.0,False,0.0,0.0,0.0,0,,,
7d4ea25d13439dddb4a5316bb07259c4930f58c8f550084db6605b0d278aff9a,7,2024-03-01 16:42:58,2024-03-01 16:54:11,135,0.8814814814814815,17.655555555555555,42.0,1.0555555555555554,1.0166666666666664,3.6599999999999993,0,1,0,3.1902777777777773,11.216666666666667,True,0.0,17.655555555555555,20.029411764705884,0,0.31345232912494564,0.0,0.0
7d4ea25d13439dddb4a5316bb07259c4930f58c8f550084db6605b0d278aff9a,8,2024-03-01 18:12:58,2024-03-01 18:13:39,2,0.0,0.0,0.0,0.0,0.0,0.0,0,0,0,0.0,0.6833333333333333,False,0.0,0.0,0.0,0,,,
7ea3a3144f4802b87fdb498fc3adb8df9a571e0d6ec7bd8c44c049fda923a16e,1,2024-03-01 08:47:28,2024-03-01 08:49:14,2,0.5,2.5,4.75,0.0,0.012447589098532493,0.044811320754716985,0,0,0,0.0,1.7666666666666666,False,0.0,2.5,5.0,0,,,
7ea3a3144f4802b87fdb498fc3adb8df9a571e0d6ec7bd8c44c049fda923a16e,2,2024-03-01 09:17:34,2024-03-01 09:27:31,117,0.9487179487179487,22.05128205128205,61.599999999999966,0.6277777777777769,0.9444444444444443,3.4,0,0,0,3.7625,9.95,True,0.0,22.05128205128205,23.243243243243242,0,0.0,0.0,0.0
7ea3a3144f4802b87fdb498fc3adb8df9a571e0d6ec7bd8c44c049fda923a16e,3,2024-03-01 11:27:46,2024-03-01 11:27:46,1,0.0,0.0,0.0,0.0,0.0,0.0,0,0,0,0.0,0.0,False,0.0,0.0,0.0,0,,,
7ea3a3144f4802b87fdb498fc3adb8df9a571e0d6ec7bd8c44c049fda923a16e,4,2024-03-01 11:38:28,2024-03-01 11:42:11,43,0.7906976744186046,12.906976744186046,35.0,0.5444444444444442,0.6861111111111109,2.4699999999999998,0,0,0,0.8208333333333333,3.716666666666667,True,0.0,12.906976744186046,16.323529411764707,0,0.0,0.0,0.0
7ea3a3144f4802b87fdb498fc3adb8df9a571e0d6ec7bd8c44c049fda923a16e,5,2024-03-01 11:52:52,2024-03-01 11:53:58,3,0.0,0.0,0.0,0.0,-0.0,-0.0,0,0,0,0.0,1.1,False,0.0,0.0,0.0,0,,,
7ea3a3144f4802b87fdb498fc3adb8df9a571e0d6ec7bd8c44c049fda923a16e,6,2024-03-01 12:36:31,2024-03-01 12:39:58,42,0.7857142857142857,14.0,32.89999999999999,0.8277777777777771,1.0916666666666648,3.929999999999994,0,0,0,0.8105555555555556,3.45,True,0.0,14.0,17.818181818181817,0,0.0,0.0,0.0
7ea3a3144f4802b87fdb498fc3adb8df9a571e0d6ec7bd8c44c049fda923a16e,7,2024-03-01 13:40:09,2024-03-01 13:40:09,1,0.0,0.0,0.0,0.0,0.0,0.0,0,0,0,0.0,0.0,False,0.0,0.0,0.0,0,,,
7ea3a3144f4802b87fdb498fc3adb8df9a571e0d6ec7bd8c44c049fda923a16e,8,2024-03-01 14:42:53,2024-03-01 14:48:44,67,0.9701492537313433,21.850746268656717,35.0,0.9444444444444444,0.9277777777777775,3.339999999999999,0,0,0,2.1666666666666665,5.85,True,0.0,21.850746268656717,22.523076923076925,0,0.0,0.0,0.0
7ea3a3144f4802b87fdb498fc3adb8df9a571e0d6ec7bd8c44c049fda923a16e,9,2024-03-01 14:55:58,2024-03-01 15:01:50,69,0.7681159420289855,25.768115942028984,76.19999999999999,0.494444444444443,0.8999999999999994,3.2399999999999975,0,0,0,2.5041666666666664,5.866666666666666,True,0.0,25.768115942028984,33.54716981132076,0,0.0,0.0,0.0
7ea3a3144f4802b87fdb498fc3adb8df9a571e0d6ec7bd8c44c049fda923a16e,10,2024-03-01 16:01:55,2024-03-01 16:01:55,1,0.0,0.0,0.0,0.0,0.0,0.0,0,0,0,0.0,0.0,False,0.0,0.0,0.0,0,,,
7ea3a3144f4802b87fdb498fc3adb8df9a571e0d6ec7bd8c44c049fda923a16e,11,2024-03-01 17:05:04,2024-03-01 17:06:04,2,0.0,0.0,0.0,0.0,0.0,0.0,0,0,0,0.0,1.0,False,0.0,0.0,0.0,0,,,
7ea3a3144f4802b87fdb498fc3adb8df9a571e0d6ec7bd8c44c049fda923a16e,12,2024-03-01 18:03:22,2024-03-01 18:24:33,253,0.8537549407114624,19.142292490118578,44.0,0.8888888888888882,1.0,3.6,1,0,0,6.8902777777777775,21.183333333333334,True,0.0,19.142292490118578,22.421296296296298,0,0.0,0.14513202983269502,0.0
80ce1b84ebf8ca9ffe53e082f4102f990a6f09129a763764038146234cfee85c,1,2024-03-01 02:12:31,2024-03-01 02:12:31,1,1.0,1.0,1.0,0.0,0.0,0.0,0,0,0,0.0,0.0,False,1.0,1.0,1.0,0,,,
80ce1b84ebf8ca9ffe53e082f4102f990a6f09129a763764038146234cfee85c,2,2024-03-01 05:52:28,2024-03-01 05:52:28,1,1.0,1.0,1.0,0.0,0.0,0.0,0,0,0,0.0,0.0,False,1.0,1.0,1.0,0,,,
80ce1b84ebf8ca9ffe53e082f4102f990a6f09129a763764038146234cfee85c,3,2024-03-01 08:21:39,2024-03-01 08:21:39,1,0.0,0.0,0.0,0.0,0.0,0.0,0,0,0,0.0,0.0,False,0.0,0.0,0.0,0,,,
80ce1b84ebf8ca9ffe53e082f4102f990a6f09129a763764038146234cfee85c,4,2024-03-01 09:19:03,2024-03-01 09:39:24,169,0.8520710059171598,18.828402366863905,40.39999999999998,0.6666666666666666,0.7833333333333332,2.82,0,0,0,4.755555555555555,20.35,True,0.0,18.828402366863905,22.09722222222222,0,0.0,0.0,0.0
80ce1b84ebf8ca9ffe53e082f4102f990a6f09129a763764038146234cfee85c,5,2024-03-01 10:14:57,2024-03-01 10:22:35,84,0.9166666666666666,22.357142857142858,35.0,0.6027777777777774,0.8263888888888886,2.974999999999999,0,0,0,2.9205555555555547,7.633333333333334,True,0.0,22.357142857142858,24.38961038961039,0,0.0,0.0,0.0
80ce1b84ebf8ca9ffe53e082f4102f990a6f09129a763764038146234cfee85c,6,2024-03-01 10:35:04,2024-03-01 10:39:57,56,0.8928571428571429,16.089285714285715,29.5,0.4027777777777778,0.42361111111111116,1.525,0,0,0,1.3375,4.883333333333334,True,0.0,16.089285714285715,18.02,0,0.0,0.0,0.0
80ce1b84ebf8ca9ffe53e082f4102f990a6f09129a763764038146234cfee85c,7,2024-03-01 11:40:00,2024-03-01 11:40:00,1,0.0,0.0,0.0,0.0,0.0,0.0,0,0,0,0.0,0.0,False,0.0,0.0,0.0,0,,,
80ce1b84ebf8ca9ffe53e082f4102f990a6f09129a763764038146234cfee85c,8,2024-03-01 12:13:20,2024-03-01 13:00:13,518,0.45366795366795365,13.916988416988417,77.0,0.4444444444444443,0.44722222222222185,1.6099999999999985,0,0,0,10.656944444444441,46.88333333333333,True,0.0,13.916988416988417,30.676595744680853,0,0.0,0.0,0.0
80ce1b84ebf8ca9ffe53e082f4102f990a6f09129a763764038146234cfee85c,9,2024-03-01 13:59:12,2024-03-01 13:59:12,1,0.0,0.0,0.0,0.0,0.0,0.0,0,0,0,0.0,0.0,False,0.0,0.0,0.0,0,,,
80ce1b84ebf8ca9ffe53e082f4102f990a6f09129a763764038146234cfee85c,10,2024-03-01 14:08:38,2024-03-01 14:22:01,151,0.7417218543046358,34.28145695364238,83.0,0.6064814814814815,0.833333333333333,3.0,0,0,0,7.7084722222222215,13.383333333333333,True,0.0,34.28145695364238,46.21875,0,0.0,0.0,0.0
80ce1b84ebf8ca9ffe53e082f4102f990a6f09129a763764038146234cfee85c,11,2024-03-01 14:35:29,2024-03-01 14:55:34,227,0.6519823788546255,10.863436123348018,27.0,0.4444444444444444,0.5,1.8,0,0,0,3.6505555555555556,20.083333333333332,True,0.0,10.863436123348018,16.66216216216216,0,0.0,0.0,0.0
80ce1b84ebf8ca9ffe53e082f4102f990a6f09129a763764038146234cfee85c,12,2024-03-01 16:07:38,2024-03-01 16:07:38,1,0.0,0.0,0.0,0.0,0.0,0.0,0,0,0,0.0,0.0,False,0.0,0.0,0.0,0,,,
80ce1b84ebf8ca9ffe53e082f4102f990a6f09129a763764038146234cfee85c,13,2024-03-01 16:14:32,2024-03-01 16:23:04,101,0.9306930693069307,38.37623762376238,72.0,0.9444444444444443,1.0555555555555558,3.8,0,0,0,5.575000000000001,8.533333333333333,True,0.0,38.37623762376238,41.234042553191486,0,0.0,0.0,0.0
80ce1b84ebf8ca9ffe53e082f4102f990a6f09129a763764038146234cfee85c,14,2024-03-01 16:29:36,2024-03-01 16:41:29,129,0.7829457364341085,28.046511627906977,86.19999999999999,0.6944444444444446,1.0888888888888884,3.9199999999999986,0,0,0,5.174166666666666,11.883333333333333,True,0.0,28.046511627906977,35.82178217821782,0,0.0,0.0,0.0
80ce1b84ebf8ca9ffe53e082f4102f990a6f09129a763764038146234cfee85c,15,2024-03-01 17:35:51,2024-03-01 17:53:21,203,0.8571428571428571,16.564039408866996,35.0,0.611111111111111,0.888888888888889,3.2,0,0,0,4.893055555555555,17.5,True,0.0,16.564039408866996,19.32471264367816,0,0.0,0.0,0.0
80ce1b84ebf8ca9ffe53e082f4102f990a6f09129a763764038146234cfee85c,16,2024-03-01 18:06:20,2024-03-01 18:08:40,27,0.6666666666666666,10.037037037037036,23.4,0.4571428571428571,0.6018518518518517,2.1666666666666665,0,0,0,0.40944444444444444,2.3333333333333335,True,0.0,10.037037037037036,15.055555555555555,0,0.0,0.0,0.0
81d1da4ef255b929e06af37d1053d98f8dc2755977fd2d62deeabacf9526955f,1,2024-03-01 06:46:45,2024-03-01 06:46:45,1,1.0,3.0,3.0,0.0,0.0,0.0,0,0,0,0.0,0.0,False,0.0,3.0,3.0,0,,,
81d1da4ef255b929e06af37d1053d98f8dc2755977fd2d62deeabacf9526955f,2,2024-03-01 07:51:59,2024-03-01 07:51:59,1,0.0,0.0,0.0,0.0,0.0,0.0,0,0,0,0.0,0.0,False,0.0,0.0,0.0,0,,,
81d1da4ef255b929e06af37d1053d98f8dc2755977fd2d62deeabacf9526955f,3,2024-03-01 08:57:13,2024-03-01 08:57:13,1,0.0,0.0,0.0,0.0,0.0,0.0,0,0,0,0.0,0.0,False,0.0,0.0,0.0,0,,,
81d1da4ef255b929e06af37d1053d98f8dc2755977fd2d62deeabacf9526955f,4,2024-03-01 10:02:26,2024-03-01 10:02:26,1,1.0,1.0,1.0,0.0,0.0,0.0,0,0,0,0.0,0.0,False,0.0,1.0,1.0,0,,,
81d1da4ef255b929e06af37d1053d98f8dc2755977fd2d62deeabacf9526955f,5,2024-03-01 11:07:42,2024-03-01 11:07:42,1,0.0,0.0,0.0,0.0,0.0,0.0,0,0,0,0.0,0.0,False,0.0,0.0,0.0,0,,,
81d1da4ef255b929e06af37d1053d98f8dc2755977fd2d62deeabacf9526955f,6,2024-03-01 12:07:33,2024-03-01 12:49:25,447,0.9149888143176734,37.246085011185684,75.0,0.9444444444444443,0.9120370370370365,3.2833333333333314,0,2,0,25.119722222222222,41.86666666666667,True,0.0,37.246085011185684,40.706601466992666,0,0.07961871482124493,0.0,0.0
81d1da4ef255b929e06af37d1053d98f8dc2755977fd2d62deeabacf9526955f,7,2024-03-01 13:49:38,2024-03-01 13:49:38,1,0.0,0.0,0.0,0.0,0.0,0.0,0,0,0,0.0,0.0,False,0.0,0.0,0.0,0,,,
81d1da4ef255b929e06af37d1053d98f8dc2755977fd2d62deeabacf9526955f,8,2024-03-01 14:24:41,2024-03-01 15:26:28,641,0.8065522620904836,29.79251170046802,75.0,1.0,0.888888888888889,3.2,0,0,0,26.557777777777773,61.78333333333333,True,0.0,29.79251170046802,36.93810444874275,0,0.0,0.0,0.0
820c977123715d8453dc1f5b3fd2ff1a9d551312ca82994c679575cb62931f84,1,2024-03-01 09:21:05,2024-03-01 11:13:25,1219,0.9515996718621821,54.4109926168991,112.0,0.601851851851852,0.7222222222222221,2.6,0,1,0,102.31111111111112,112.33333333333333,True,0.0,54.4109926168991,57.17844827586207,0,0.009774109470026065,0.0,0.0
820c977123715d8453dc1f5b3fd2ff1a9d551312ca82994c679575cb62931f84,2,2024-03-01 11:28:27,2024-03-01 11:49:24,224,0.9642857142857143,27.933035714285715,70.0,0.5486111111111109,0.7180555555555552,2.5849999999999995,0,0,0,9.852222222222222,20.95,True,0.0,27.933035714285715,28.96759259259259,0,0.0,0.0,0.0
820c977123715d8453dc1f5b3fd2ff1a9d551312ca82994c679575cb62931f84,3,2024-03-01 12:52:12,2024-03-01 13:02:37,111,0.8648648648648649,19.18918918918919,44.0,0.8148148148148149,0.9166666666666666,3.3,0,0,0,3.090833333333333,10.416666666666666,True,0.0,19.18918918918919,22.1875,0,0.0,0.0,0.0
8249362844eec1ff210c07f12c49f9b5996e2731a540452b460b3f656af198d3,1,2024-03-01 08:48:01,2024-03-01 09:13:55,234,0.9743589743589743,33.901709401709404,72.0,0.5254629629629629,0.5329861111111108,1.9187499999999993,0,0,0,13.810833333333331,25.9,True,0.0,33.901709401709404,34.79385964912281,0,0.0,0.0,0.0
8249362844eec1ff210c07f12c49f9b5996e2731a540452b460b3f656af198d3,2,2024-03-01 10:17:37,2024-03-01 10:17:37,1,0.0,0.0,0.0,0.0,0.0,0.0,0,0,0,0.0,0.0,False,0.0,0.0,0.0,0,,,
8249362844eec1ff210c07f12c49f9b5996e2731a540452b460b3f656af198d3,3,2024-03-01 11:13:55,2024-03-01 11:51:48,350,0.9628571428571429,25.165714285714287,70.0,0.581018518518519,0.6018518518518519,2.1666666666666665,0,1,0,17.218333333333337,37.88333333333333,True,0.0,25.165714285714287,26.136498516320476,0,0.058077630432678336,0.0,0.0
834bbba47294a4e341a680eabb7cf63c93d0ba9e41d4e74f9ce06f1c2fea7e94,1,2024-03-01 01:10:36,2024-03-01 01:10:36,1,0.0,0.0,0.0,0.0,0.0,0.0,0,0,0,0.0,0.0,False,1.0,0.0,0.0,0,,,
834bbba47294a4e341a680eabb7cf63c93d0ba9e41d4e74f9ce06f1c2fea7e94,2,2024-03-01 05:25:49,2024-03-01 05:25:49,1,0.0,0.0,0.0,0.0,0.0,0.0,0,0,0,0.0,0.0,False,1.0,0.0,0.0,0,,,
834bbba47294a4e341a680eabb7cf63c93d0ba9e41d4e74f9ce06f1c2fea7e94,3,2024-03-01 06:31:41,2024-03-01 06:31:41,1,0.0,0.0,0.0,0.0,0.0,0.0,0,0,0,0.0,0.0,False,0.0,0.0,0.0,0,,,
834bbba47294a4e341a680eabb7cf63c93d0ba9e41d4e74f9ce06f1c2fea7e94,4,2024-03-01 07:38:04,2024-03-01 08:23:28,518,0.8571428571428571,25.125482625482626,57.0,0.611111111111111,0.7249999999999995,2.6099999999999985,0,0,0,19.183055555555555,45.4,True,0.0,25.125482625482626,29.313063063063062,0,0.0,0.0,0.0
834bbba47294a4e341a680eabb7cf63c93d0ba9e41d4e74f9ce06f1c2fea7e94,5,2024-03-01 09:23:36,2024-03-01 09:23:36,1,0.0,0.0,0.0,0.0,0.0,0.0,0,0,0,0.0,0.0,False,0.0,0.0,0.0,0,,,
834bbba47294a4e341a680eabb7cf63c93d0ba9e41d4e74f9ce06f1c2fea7e94,6,2024-03-01 10:11:00,2024-03-01 10:11:39,2,0.0,0.0,0.0,0.0,0.0,0.0,0,0,0,0.0,0.65,False,0.0,0.0,0.0,0,,,
834bbba47294a4e341a680eabb7cf63c93d0ba9e41d4e74f9ce06f1c2fea7e94,7,2024-03-01 13:41:31,2024-03-01 13:41:31,1,0.0,0.0,0.0,0.0,0.0,0.0,0,0,0,0.0,0.0,False,0.0,0.0,0.0,0,,,
834bbba47294a4e341a680eabb7cf63c93d0ba9e41d4e74f9ce06f1c2fea7e94,8,2024-03-01 14:47:06,2024-03-01 14:47:06,1,1.0,3.0,3.0,0.0,0.0,0.0,0,0,0,0.0,0.0,False,0.0,3.0,3.0,0,,,
834bbba47294a4e341a680eabb7cf63c93d0ba9e41d4e74f9ce06f1c2fea7e94,9,2024-03-01 15:52:41,2024-03-01 15:52:41,1,0.0,0.0,0.0,0.0,0.0,0.0,0,0,0,0.0,0.0,False,0.0,0.0,0.0,0,,,
834bbba47294a4e341a680eabb7cf63c93d0ba9e41d4e74f9ce06f1c2fea7e94,10,2024-03-01 18:11:02,2024-03-01 18:30:03,215,0.8511627906976744,18.683720930232557,48.0,0.5092592592592592,0.7027777777777772,2.5299999999999985,0,0,0,5.928888888888888,19.016666666666666,True,0.0,18.683720930232557,21.950819672131146,0,0.0,0.0,0.0
83e14fc53504ab435b5af5d83441b6e075e0eed65e48d6b00440641b0c5394c3,1,2024-03-01 00:22:42,2024-03-01 00:22:42,1,1.0,25.0,25.0,0.0,0.0,0.0,0,0,0,0.0,0.0,False,1.0,25.0,25.0,0,,,
83e14fc53504ab435b5af5d83441b6e075e0eed65e48d6b00440641b0c5394c3,2,2024-03-01 06:32:36,2024-03-01 06:32:36,1,1.0,7.0,7.0,0.0,0.0,0.0,0,0,0,0.0,0.0,False,0.0,7.0,7.0,0,,,
83e14fc53504ab435b5af5d83441b6e075e0eed65e48d6b00440641b0c5394c3,3,2024-03-01 09:00:51,2024-03-01 09:00:51,1,1.0,1.0,1.0,0.0,0.0,0.0,0,0,0,0.0,0.0,False,0.0,1.0,1.0,0,,,
83e14fc53504ab435b5af5d83441b6e075e0eed65e48d6b00440641b0c5394c3,4,2024-03-01 10:17:15,2024-03-01 10:17:15,1,0.0,0.0,0.0,0.0,0.0,0.0,0,0,0,0.0,0.0,False,0.0,0.0,0.0,0,,,
83e14fc53504ab435b5af5d83441b6e075e0eed65e48d6b00440641b0c5394c3,5,2024-03-01 11:01:20,2024-03-01 11:05:47,51,0.49019607843137253,8.07843137254902,27.0,0.4537037037037036,0.625,2.25,0,0,0,0.6044444444444443,4.45,True,0.0,8.07843137254902,16.48,0,0.0,0.0,0.0
83e14fc53504ab435b5af5d83441b6e075e0eed65e48d6b00440641b0c5394c3,6,2024-03-01 11:13:12,2024-03-01 11:17:15,48,0.5833333333333334,9.208333333333334,25.0,0.6157407407407407,0.7194444444444442,2.589999999999999,0,0,0,0.6369444444444444,4.05,True,0.0,9.208333333333334,15.785714285714286,0,0.0,0.0,0.0
83e14fc53504ab435b5af5d83441b6e075e0eed65e48d6b00440641b0c5394c3,7,2024-03-01 12:17:39,2024-03-01 12:17:39,1,0.0,0.0,0.0,0.0,0.0,0.0,0,0,0,0.0,0.0,False,0.0,0.0,0.0,0,,,
83e14fc53504ab435b5af5d83441b6e075e0eed65e48d6b00440641b0c5394c3,8,2024-03-01 13:18:31,2024-03-01 13:18:31,1,1.0,1.0,1.0,0.0,0.0,0.0,0,0,0,0.0,0.0,False,0.0,1.0,1.0,0,,,
83e14fc53504ab435b5af5d83441b6e075e0eed65e48d6b00440641b0c5394c3,9,2024-03-01 15:45:29,2024-03-01 15:47:42,2,0.5,1.5,2.8499999999999996,0.0,0.005952380952380952,0.021428571428571425,0,0,0,0.0,2.216666666666667,False,0.0,1.5,3.0,0,,,
83e14fc53504ab435b5af5d83441b6e075e0eed65e48d6b00440641b0c5394c3,10,2024-03-01 16:16:28,2024-03-01 16:19:20,34,0.8235294117647058,12.235294117647058,30.39999999999999,0.7416666666666666,0.5,1.8,0,0,0,0.6063888888888889,2.8666666666666667,True,0.0,12.235294117647058,14.857142857142858,0,0.0,0.0,0.0
83e14fc53504ab435b5af5d83441b6e075e0eed65e48d6b00440641b0c5394c3,11,2024-03-01 16:24:48,2024-03-01 16:25:25,8,0.125,1.125,5.849999999999995,0.32499999999999973,0.0,0.0,0,0,0,0.0125,0.6166666666666667,False,0.0,1.125,9.0,0,0.0,0.0,0.0
83e14fc53504ab435b5af5d83441b6e075e0eed65e48d6b00440641b0c5394c3,12,2024-03-01 17:27:38,2024-03-01 17:27:38,1,0.0,0.0,0.0,0.0,0.0,0.0,0,0,0,0.0,0.0,False,0.0,0.0,0.0,0,,,
84fe278be653b78ac114ce791d84af821b3b282b86ec8d2dccda843a3f57665e,1,2024-03-01 02:54:21,2024-03-01 03:36:39,484,0.9090909090909091,48.34297520661157,83.0,0.5,0.5,1.8,0,0,0,34.34527777777778,42.3,True,1.0,48.34297520661157,53.17727272727273,0,0.0,0.0,0.0
8538e45bf0d8e7f47326430e15bef82879aee4ac3780840d9dd095c7f35824e8,1,2024-03-01 11:13:56,2024-03-01 11:19:19,55,0.7818181818181819,19.490909090909092,48.599999999999994,0.7027777777777776,0.9833333333333321,3.5399999999999947,0,0,0,1.4616666666666664,5.383333333333334,True,0.0,19.490909090909092,24.930232558139537,0,0.0,0.0,0.0
8538e45bf0d8e7f47326430e15bef82879aee4ac3780840d9dd095c7f35824e8,2,2024-03-01 11:42:42,2024-03-01 11:52:59,84,0.9285714285714286,21.357142857142858,40.0,0.7409722222222213,0.681944444444444,2.4549999999999983,0,0,0,2.6022222222222227,10.283333333333333,True,0.0,21.357142857142858,23.0,0,0.0,0.0,0.0
8538e45bf0d8e7f47326430e15bef82879aee4ac3780840d9dd095c7f35824e8,3,2024-03-01 12:27:13,2024-03-01 12:35:26,95,0.8105263157894737,18.526315789473685,38.599999999999994,0.611111111111111,0.7222222222222221,2.6,0,0,0,2.5744444444444445,8.216666666666667,True,0.0,18.526315789473685,22.857142857142858,0,0.0,0.0,0.0
8538e45bf0d8e7f47326430e15bef82879aee4ac3780840d9dd095c7f35824e8,4,2024-03-01 12:41:36,2024-03-01 12:49:09,55,0.7272727272727273,16.10909090909091,31.599999999999994,0.5166666666666665,0.6999999999999996,2.5199999999999987,0,0,0,1.2316666666666667,7.55,True,0.0,16.10909090909091,22.15,0,0.0,0.0,0.0
8538e45bf0d8e7f47326430e15bef82879aee4ac3780840d9dd095c7f35824e8,5,2024-03-01 12:54:57,2024-03-01 13:06:07,109,0.7981651376146789,17.81651376146789,44.0,0.8111111111111108,0.8296296296296288,2.9866666666666637,0,0,0,2.8452777777777776,11.166666666666666,True,0.0,17.81651376146789,22.32183908045977,0,0.0,0.0,0.0
8538e45bf0d8e7f47326430e15bef82879aee4ac3780840d9dd095c7f35824e8,6,2024-03-01 14:06:23,2024-03-01 14:06:23,1,0.0,0.0,0.0,0.0,0.0,0.0,0,0,0,0.0,0.0,False,0.0,0.0,0.0,0,,,
8538e45bf0d8e7f47326430e15bef82879aee4ac3780840d9dd095c7f35824e8,7,2024-03-01 15:07:22,2024-03-01 15:07:22,1,0.0,0.0,0.0,0.0,0.0,0.0,0,0,0,0.0,0.0,False,0.0,0.0,0.0,0,,,
85577edda8de916dbd60dbdba601a855e14a72cfb7c289438b67cc8c2ea9ef01,1,2024-03-01 01:10:57,2024-03-01 01:10:57,1,0.0,0.0,0.0,0.0,0.0,0.0,0,0,0,0.0,0.0,False,1.0,0.0,0.0,0,,,
85577edda8de916dbd60dbdba601a855e14a72cfb7c289438b67cc8c2ea9ef01,2,2024-03-01 02:22:11,2024-03-01 02:22:11,1,0.0,0.0,0.0,0.0,0.0,0.0,0,0,0,0.0,0.0,False,1.0,0.0,0.0,0,,,
85577edda8de916dbd60dbdba601a855e14a72cfb7c289438b67cc8c2ea9ef01,3,2024-03-01 03:33:32,2024-03-01 03:33:32,1,0.0,0.0,0.0,0.0,0.0,0.0,0,0,0,0.0,0.0,False,1.0,0.0,0.0,0,,,
85577edda8de916dbd60dbdba601a855e14a72cfb7c289438b67cc8c2ea9ef01,4,2024-03-01 04:44:56,2024-03-01 04:44:56,1,0.0,0.0,0.0,0.0,0.0,0.0,0,0,0,0.0,0.0,False,1.0,0.0,0.0,0,,,
85577edda8de916dbd60dbdba601a855e14a72cfb7c289438b67cc8c2ea9ef01,5,2024-03-01 05:56:23,2024-03-01 05:56:23,1,0.0,0.0,0.0,0.0,0.0,0.0,0,0,0,0.0,0.0,False,1.0,0.0,0.0,0,,,
85577edda8de916dbd60dbdba601a855e14a72cfb7c289438b67cc8c2ea9ef01,6,2024-03-01 07:07:51,2024-03-01 07:28:11,232,0.7931034482758621,18.038793103448278,49.349999999999966,0.7743055555555552,1.2222222222222223,4.4,0,2,0,5.723333333333332,20.333333333333332,True,0.0,18.038793103448278,22.744565217391305,0,0.34944670937682015,0.0,0.0
85577edda8de916dbd60dbdba601a855e14a72cfb7c289438b67cc8c2ea9ef01,7,2024-03-01 08:29:05,2024-03-01 09:15:54,453,0.5739514348785872,12.818984547461369,46.799999999999955,0.5092592592592592,0.611111111111111,2.2,0,0,0,9.024722222222223,46.81666666666667,True,0.0,12.818984547461369,22.334615384615386,0,0.0,0.0,0.0
85577edda8de916dbd60dbdba601a855e14a72cfb7c289438b67cc8c2ea9ef01,8,2024-03-01 09:26:08,2024-03-01 09:41:39,162,0.8148148148148148,16.78395061728395,37.94999999999999,0.611111111111111,0.7749999999999994,2.7899999999999974,0,0,0,4.379444444444444,15.516666666666667,True,0.0,16.78395061728395,20.598484848484848,0,0.0,0.0,0.0
85577edda8de916dbd60dbdba601a855e14a72cfb7c289438b67cc8c2ea9ef01,9,2024-03-01 10:41:32,2024-03-01 10:41:32,1,0.0,0.0,0.0,0.0,0.0,0.0,0,0,0,0.0,0.0,False,0.0,0.0,0.0,0,,,
85577edda8de916dbd60dbdba601a855e14a72cfb7c289438b67cc8c2ea9ef01,10,2024-03-01 14:36:26,2024-03-01 15:15:51,472,0.8707627118644068,33.37923728813559,75.0,0.9569444444444442,0.9444444444444444,3.4,1,1,0,21.9375,39.416666666666664,True,0.0,33.37923728813559,38.333333333333336,0,0.045584045584045586,0.045584045584045586,0.0
85577edda8de916dbd60dbdba601a855e14a72cfb7c289438b67cc8c2ea9ef01,11,2024-03-01 16:12:58,2024-03-01 17:39:47,893,0.826427771556551,16.027995520716686,42.0,0.677777777777777,0.7222222222222221,2.6,2,1,0,22.12111111111111,86.81666666666666,True,0.0,16.027995520716686,19.39430894308943,0,0.04520568587071174,0.09041137174142348,0.0
85577edda8de916dbd60dbdba601a855e14a72cfb7c289438b67cc8c2ea9ef01,12,2024-03-01 17:49:32,2024-03-01 17:56:30,26,0.7692307692307693,14.0,29.0,1.087962962962963,0.6923400673400673,2.492424242424242,0,0,0,0.5883333333333334,6.966666666666667,True,0.0,14.0,18.2,0,0.0,0.0,0.0
8587f1d675203c97d90cc8570cd15eed8be9ddae51e50c70b9b1cae4d8763309,1,2024-03-01 08:31:02,2024-03-01 08:31:02,1,0.0,0.0,0.0,0.0,0.0,0.0,0,0,0,0.0,0.0,False,0.0,0.0,0.0,0,,,
8587f1d675203c97d90cc8570cd15eed8be9ddae51e50c70b9b1cae4d8763309,2,2024-03-01 08:46:25,2024-03-01 09:02:58,137,0.7591240875912408,14.145985401459853,37.0,0.7333333333333328,0.8333333333333333,3.0,0,0,0,2.762777777777778,16.55,True,0.0,14.145985401459853,18.634615384615383,0,0.0,0.0,0.0
8587f1d675203c97d90cc8570cd15eed8be9ddae51e50c70b9b1cae4d8763309,3,2024-03-01 10:03:23,2024-03-01 10:03:23,1,0.0,0.0,0.0,0.0,0.0,0.0,0,0,0,0.0,0.0,False,0.0,0.0,0.0,0,,,
8587f1d675203c97d90cc8570cd15eed8be9ddae51e50c70b9b1cae4d8763309,4,2024-03-01 10:47:48,2024-03-01 10:50:24,23,0.7391304347826086,13.695652173913043,30.799999999999997,0.8833333333333333,0.784722222222222,2.825,0,0,0,0.37166666666666665,2.6,True,0.0,13.695652173913043,18.529411764705884,0,0.0,0.0,0.0
8587f1d675203c97d90cc8570cd15eed8be9ddae51e50c70b9b1cae4d8763309,5,2024-03-01 11:05:51,2024-03-01 11:08:30,31,0.6774193548387096,8.838709677419354,24.0,0.5555555555555556,0.6342592592592592,2.283333333333333,0,0,0,0.40305555555555556,2.65,True,0.0,8.838709677419354,13.047619047619047,0,0.0,0.0,0.0
8587f1d675203c97d90cc8570cd15eed8be9ddae51e50c70b9b1cae4d8763309,6,2024-03-01 12:08:56,2024-03-01 12:08:56,1,0.0,0.0,0.0,0.0,0.0,0.0,0,0,0,0.0,0.0,False,0.0,0.0,0.0,0,,,
8587f1d675203c97d90cc8570cd15eed8be9ddae51e50c70b9b1cae4d8763309,7,2024-03-01 12:24:48,2024-03-01 12:25:41,11,0.6363636363636364,7.0,18.0,0.47685185185185186,0.3055555555555556,1.1,0,0,0,0.11361111111111112,0.8833333333333333,True,0.0,7.0,11.0,0,0.0,0.0,0.0
8587f1d675203c97d90cc8570cd15eed8be9ddae51e50c70b9b1cae4d8763309,8,2024-03-01 12:32:51,2024-03-01 12:45:01,142,0.7394366197183099,14.69718309859155,34.89999999999998,0.8861111111111105,0.7398148148148147,2.663333333333332,0,0,0,2.885,12.166666666666666,True,0.0,14.69718309859155,19.876190476190477,0,0.0,0.0,0.0
8587f1d675203c97d90cc8570cd15eed8be9ddae51e50c70b9b1cae4d8763309,9,2024-03-01 13:45:30,2024-03-01 13:45:30,1,0.0,0.0,0.0,0.0,0.0,0.0,0,0,0,0.0,0.0,False,0.0,0.0,0.0,0,,,
8587f1d675203c97d90cc8570cd15eed8be9ddae51e50c70b9b1cae4d8763309,10,2024-03-01 14:08:56,2024-03-01 14:11:35,35,0.7714285714285715,13.714285714285714,29.0,1.067129629629629,1.1111111111111114,4.0,0,0,0,0.6205555555555555,2.65,True,0.0,13.714285714285714,17.77777777777778,0,0.0,0.0,0.0
8587f1d675203c97d90cc8570cd15eed8be9ddae51e50c70b9b1cae4d8763309,11,2024-03-01 14:21:01,2024-03-01 14:23:19,27,0.8518518518518519,12.37037037037037,25.0,0.6888888888888887,0.7222222222222222,2.6,0,0,0,0.4958333333333333,2.3,True,0.0,12.37037037037037,14.521739130434783,0,0.0,0.0,0.0
8587f1d675203c97d90cc8570cd15eed8be9ddae51e50c70b9b1cae4d8763309,12,2024-03-01 14:33:46,2024-03-01 14:34:49,13,0.8461538461538461,13.76923076923077,22.0,0.45555555555555494,0.34814814814814804,1.2533333333333332,0,0,0,0.2641666666666666,1.05,True,0.0,13.76923076923077,16.272727272727273,0,0.0,0.0,0.0
8587f1d675203c97d90cc8570cd15eed8be9ddae51e50c70b9b1cae4d8763309,13,2024-03-01 15:36:16,2024-03-01 15:36:16,1,0.0,0.0,0.0,0.0,0.0,0.0,0,0,0,0.0,0.0,False,0.0,0.0,0.0,0,,,
8587f1d675203c97d90cc8570cd15eed8be9ddae51e50c70b9b1cae4d8763309,14,2024-03-01 16:07:06,2024-03-01 16:09:36,32,0.625,10.78125,27.0,0.7013888888888886,1.1337962962962957,4.081666666666665,0,0,0,0.4738888888888888,2.5,True,0.0,10.78125,17.25,0,0.0,0.0,0.0
8587f1d675203c97d90cc8570cd15eed8be9ddae51e50c70b9b1cae4d8763309,15,2024-03-01 16:24:05,2024-03-01 16:31:44,62,0.7258064516129032,11.306451612903226,25.0,0.5,0.5092592592592592,1.8333333333333333,0,0,0,1.855277777777778,7.65,True,0.0,11.306451612903226,15.577777777777778,0,0.0,0.0,0.0
8587f1d675203c97d90cc8570cd15eed8be9ddae51e50c70b9b1cae4d8763309,16,2024-03-01 17:32:06,2024-03-01 17:32:06,1,0.0,0.0,0.0,0.0,0.0,0.0,0,0,0,0.0,0.0,False,0.0,0.0,0.0,0,,,
880e50f0fc5d50db86b5ae9abdfa2e384b7169d2c4ff0acd7e5db422cac3db74,1,2024-03-01 08:21:26,2024-03-01 08:44:34,229,0.6026200873362445,13.858078602620088,46.0,0.644444444444444,0.677777777777777,2.4399999999999977,0,0,0,6.102916666666666,23.133333333333333,True,0.0,13.858078602620088,22.996376811594203,0,0.0,0.0,0.0
880e50f0fc5d50db86b5ae9abdfa2e384b7169d2c4ff0acd7e5db422cac3db74,2,2024-03-01 10:15:01,2024-03-01 10:15:40,2,0.0,0.0,0.0,0.0,0.0,0.0,0,0,0,0.0,0.65,False,0.0,0.0,0.0,0,,,
880e50f0fc5d50db86b5ae9abdfa2e384b7169d2c4ff0acd7e5db422cac3db74,3,2024-03-01 14:21:02,2024-03-01 14:26:12,49,0.9591836734693877,10.612244897959183,26.19999999999999,0.5,0.4055555555555554,1.4599999999999993,0,0,0,0.7680555555555554,5.166666666666667,True,0.0,10.612244897959183,11.063829787234043,0,0.0,0.0,0.0
880e50f0fc5d50db86b5ae9abdfa2e384b7169d2c4ff0acd7e5db422cac3db74,4,2024-03-01 15:11:13,2024-03-01 15:18:31,76,0.6578947368421053,18.460526315789473,64.0,0.861111111111111,0.75,2.7,0,0,0,1.9755555555555555,7.3,True,0.0,18.460526315789473,28.06,0,0.0,0.0,0.0
880e50f0fc5d50db86b5ae9abdfa2e384b7169d2c4ff0acd7e5db422cac3db74,5,2024-03-01 15:34:27,2024-03-01 15:37:05,7,0.0,0.0,0.0,0.0,-0.0,-0.0,0,0,0,0.0,2.6333333333333333,False,0.0,0.0,0.0,0,,,
880e50f0fc5d50db86b5ae9abdfa2e384b7169d2c4ff0acd7e5db422cac3db74,6,2024-03-01 15:51:52,2024-03-01 16:17:05,181,0.6906077348066298,18.14364640883978,48.0,0.6111111111111112,0.7222222222222221,2.6,0,0,0,5.905555555555555,25.216666666666665,True,0.0,18.14364640883978,26.272,0,0.0,0.0,0.0
880e50f0fc5d50db86b5ae9abdfa2e384b7169d2c4ff0acd7e5db422cac3db74,7,2024-03-01 16:22:37,2024-03-01 16:29:08,64,0.6875,20.359375,47.099999999999966,0.6481481481481481,0.6342592592592587,2.2833333333333314,0,0,0,1.9355555555555555,6.516666666666667,True,0.0,20.359375,29.613636363636363,0,0.0,0.0,0.0
880e50f0fc5d50db86b5ae9abdfa2e384b7169d2c4ff0acd7e5db422cac3db74,8,2024-03-01 16:43:16,2024-03-01 16:46:38,39,0.46153846153846156,6.538461538461538,24.1,0.4444444444444443,0.38888888888888906,1.4000000000000008,0,0,0,0.37666666666666665,3.3666666666666667,True,0.0,6.538461538461538,14.166666666666666,0,0.0,0.0,0.0
880e50f0fc5d50db86b5ae9abdfa2e384b7169d2c4ff0acd7e5db422cac3db74,9,2024-03-01 16:51:40,2024-03-01 16:57:53,71,0.2535211267605634,3.7464788732394365,20.0,0.3055555555555555,0.31018518518518523,1.1166666666666667,0,0,0,0.3941666666666666,6.216666666666667,True,0.0,3.7464788732394365,14.777777777777779,0,0.0,0.0,0.0
880e50f0fc5d50db86b5ae9abdfa2e384b7169d2c4ff0acd7e5db422cac3db74,10,2024-03-01 17:08:16,2024-03-01 17:16:30,83,0.6265060240963856,16.433734939759034,74.29999999999994,0.716666666666666,0.9888888888888879,3.5599999999999965,0,0,0,2.0166666666666666,8.233333333333333,True,0.0,16.433734939759034,26.23076923076923,0,0.0,0.0,0.0
880e50f0fc5d50db86b5ae9abdfa2e384b7169d2c4ff0acd7e5db422cac3db74,11,2024-03-01 17:44:07,2024-03-01 18:05:51,217,0.6589861751152074,19.170506912442395,61.19999999999999,0.7499999999999997,0.9555555555555549,3.4399999999999977,0,0,0,6.1422222222222205,21.733333333333334,True,0.0,19.170506912442395,29.09090909090909,0,0.0,0.0,0.0
881e85eed1705f1b49b11ea405d788e2a5861ca5d74b1083fed0cd08f63de521,1,2024-03-01 06:38:05,2024-03-01 06:40:22,2,0.5,0.5,0.95,0.0,0.0019261962692619628,0.006934306569343065,0,0,0,0.0,2.283333333333333,False,0.0,0.5,1.0,0,,,
881e85eed1705f1b49b11ea405d788e2a5861ca5d74b1083fed0cd08f63de521,2,2024-03-01 07:31:52,2024-03-01 07:50:16,209,0.8564593301435407,23.033492822966508,74.6,0.644444444444444,0.6999999999999996,2.5199999999999987,0,0,0,7.092222222222221,18.4,True,0.0,23.033492822966508,26.893854748603353,0,0.0,0.0,0.0
881e85eed1705f1b49b11ea405d788e2a5861ca5d74b1083fed0cd08f63de521,3,2024-03-01 12:42:05,2024-03-01 12:57:30,111,0.7117117117117117,19.585585585585587,43.0,0.5787037037037035,0.6354166666666667,2.2875,0,0,0,5.229722222222221,15.416666666666666,True,0.0,19.585585585585587,27.518987341772153,0,0.0,0.0,0.0
881e85eed1705f1b49b11ea405d788e2a5861ca5d74b1083fed0cd08f63de521,4,2024-03-01 13:57:35,2024-03-01 13:57:35,1,0.0,0.0,0.0,0.0,0.0,0.0,0,0,0,0.0,0.0,False,0.0,0.0,0.0,0,,,
881e85eed1705f1b49b11ea405d788e2a5861ca5d74b1083fed0cd08f63de521,5,2024-03-01 14:13:23,2024-03-01 14:36:07,261,0.6666666666666666,16.43295019157088,40.0,0.7222222222222221,0.7222222222222221,2.6,0,0,0,6.228611111111111,22.733333333333334,True,0.0,16.43295019157088,24.649425287356323,0,0.0,0.0,0.0
881e85eed1705f1b49b11ea405d788e2a5861ca5d74b1083fed0cd08f63de521,6,2024-03-01 17:11:50,2024-03-01 17:17:33,65,0.8769230769230769,10.892307692307693,28.599999999999994,0.4444444444444445,0.5888888888888886,2.119999999999999,0,0,0,1.038888888888889,5.716666666666667,True,0.0,10.892307692307693,12.421052631578947,0,0.0,0.0,0.0
8890ef4b37650f78d51db1a56b35d4d87c594fcd50ed3634d8a2f3033c327606,1,2024-03-01 07:27:12,2024-03-01 07:27:12,1,0.0,0.0,0.0,0.0,0.0,0.0,0,0,0,0.0,0.0,False,0.0,0.0,0.0,0,,,
8890ef4b37650f78d51db1a56b35d4d87c594fcd50ed3634d8a2f3033c327606,2,2024-03-01 13:33:27,2024-03-01 13:33:27,1,1.0,3.0,3.0,0.0,0.0,0.0,0,0,0,0.0,0.0,False,0.0,3.0,3.0,0,,,
8890ef4b37650f78d51db1a56b35d4d87c594fcd50ed3634d8a2f3033c327606,3,2024-03-01 14:46:26,2024-03-01 14:46:26,1,0.0,0.0,0.0,0.0,0.0,0.0,0,0,0,0.0,0.0,False,0.0,0.0,0.0,0,,,
8890ef4b37650f78d51db1a56b35d4d87c594fcd50ed3634d8a2f3033c327606,4,2024-03-01 15:59:21,2024-03-01 15:59:21,1,0.0,0.0,0.0,0.0,0.0,0.0,0,0,0,0.0,0.0,False,0.0,0.0,0.0,0,,,
8890ef4b37650f78d51db1a56b35d4d87c594fcd50ed3634d8a2f3033c327606,5,2024-03-01 18:25:06,2024-03-01 18:25:06,1,1.0,1.0,1.0,0.0,0.0,0.0,0,0,0,0.0,0.0,False,0.0,1.0,1.0,0,,,
8890f6cee0b053eb38b31ed7ca438fe87521ef8ee7f15285b37f5a8ffcaf4d4a,1,2024-03-01 01:48:38,2024-03-01 01:48:38,1,0.0,0.0,0.0,0.0,0.0,0.0,0,0,0,0.0,0.0,False,1.0,0.0,0.0,0,,,
8890f6cee0b053eb38b31ed7ca438fe87521ef8ee7f15285b37f5a8ffcaf4d4a,2,2024-03-01 07:33:47,2024-03-01 07:34:47,2,0.0,0.0,0.0,0.0,0.0,0.0,0,0,0,0.0,1.0,False,0.0,0.0,0.0,0,,,
8890f6cee0b053eb38b31ed7ca438fe87521ef8ee7f15285b37f5a8ffcaf4d4a,3,2024-03-01 08:06:57,2024-03-01 08:20:02,156,0.8717948717948718,33.43589743589744,70.0,0.8958333333333333,1.0694444444444444,3.8499999999999996,0,0,0,7.423611111111111,13.083333333333334,True,0.0,33.43589743589744,38.35294117647059,0,0.0,0.0,0.0
8890f6cee0b053eb38b31ed7ca438fe87521ef8ee7f15285b37f5a8ffcaf4d4a,4,2024-03-01 09:20:23,2024-03-01 09:20:23,1,0.0,0.0,0.0,0.0,0.0,0.0,0,0,0,0.0,0.0,False,0.0,0.0,0.0,0,,,
8890f6cee0b053eb38b31ed7ca438fe87521ef8ee7f15285b37f5a8ffcaf4d4a,5,2024-03-01 12:37:28,2024-03-01 12:37:28,1,0.0,0.0,0.0,0.0,0.0,0.0,0,0,0,0.0,0.0,False,0.0,0.0,0.0,0,,,
8890f6cee0b053eb38b31ed7ca438fe87521ef8ee7f15285b37f5a8ffcaf4d4a,6,2024-03-01 14:53:15,2024-03-01 14:53:15,1,0.0,0.0,0.0,0.0,0.0,0.0,0,0,0,0.0,0.0,False,0.0,0.0,0.0,0,,,
8890f6cee0b053eb38b31ed7ca438fe87521ef8ee7f15285b37f5a8ffcaf4d4a,7,2024-03-01 16:01:10,2024-03-01 16:03:26,2,0.0,0.0,0.0,0.0,0.0,0.0,0,0,0,0.0,2.2666666666666666,False,0.0,0.0,0.0,0,,,
8890f6cee0b053eb38b31ed7ca438fe87521ef8ee7f15285b37f5a8ffcaf4d4a,8,2024-03-01 17:01:24,2024-03-01 17:13:37,141,0.8439716312056738,32.0354609929078,64.0,0.611111111111111,0.5555555555555554,2.0,0,0,0,6.613888888888889,12.216666666666667,True,0.0,32.0354609929078,37.95798319327731,0,0.0,0.0,0.0
8890f6cee0b053eb38b31ed7ca438fe87521ef8ee7f15285b37f5a8ffcaf4d4a,9,2024-03-01 17:21:52,2024-03-01 17:25:22,40,0.8,25.725,50.0,0.5861111111111091,0.7305555555555552,2.6299999999999986,0,0,0,1.525555555555555,3.5,True,0.0,25.725,32.15625,0,0.0,0.0,0.0
88c9c65796ebf865f6ccdad5d0682f1daf7d94c271c75fff4b819f551fa06cc8,1,2024-03-01 08:46:16,2024-03-01 08:46:16,1,1.0,1.0,1.0,0.0,0.0,0.0,0,0,0,0.0,0.0,False,0.0,1.0,1.0,0,,,
88c9c65796ebf865f6ccdad5d0682f1daf7d94c271c75fff4b819f551fa06cc8,2,2024-03-01 09:58:33,2024-03-01 09:58:33,1,0.0,0.0,0.0,0.0,0.0,0.0,0,0,0,0.0,0.0,False,0.0,0.0,0.0,0,,,
88c9c65796ebf865f6ccdad5d0682f1daf7d94c271c75fff4b819f551fa06cc8,3,2024-03-01 10:08:00,2024-03-01 10:24:52,198,0.9646464646464646,65.13131313131314,103.0,0.8416666666666657,0.7777777777777779,2.8,0,0,0,18.8125,16.866666666666667,True,0.0,65.13131313131314,67.51832460732984,0,0.0,0.0,0.0
88c9c65796ebf865f6ccdad5d0682f1daf7d94c271c75fff4b819f551fa06cc8,4,2024-03-01 11:02:29,2024-03-01 11:14:21,131,0.9541984732824428,33.404580152671755,59.5,0.7222222222222221,0.9444444444444443,3.4,0,0,0,6.791666666666666,11.866666666666667,True,0.0,33.404580152671755,35.008,0,0.0,0.0,0.0
88c9c65796ebf865f6ccdad5d0682f1daf7d94c271c75fff4b819f551fa06cc8,5,2024-03-01 12:14:10,2024-03-01 12:14:10,1,0.0,0.0,0.0,0.0,0.0,0.0,0,0,0,0.0,0.0,False,0.0,0.0,0.0,0,,,
88c9c65796ebf865f6ccdad5d0682f1daf7d94c271c75fff4b819f551fa06cc8,6,2024-03-01 12:43:25,2024-03-01 12:44:03,2,0.0,0.0,0.0,0.0,0.0,0.0,0,0,0,0.0,0.6333333333333333,False,0.0,0.0,0.0,0,,,
88c9c65796ebf865f6ccdad5d0682f1daf7d94c271c75fff4b819f551fa06cc8,7,2024-03-01 17:26:35,2024-03-01 17:51:42,276,0.8623188405797102,43.76086956521739,90.0,0.9444444444444443,0.7731481481481479,2.783333333333333,0,1,0,17.584444444444447,25.116666666666667,True,0.0,43.76086956521739,50.747899159663866,0,0.0568684443321117,0.0,0.0
89e88bb78d0cd91a2ca58c06fdd6d9bb8fd641fd70badbee9fbbd0e388d75791,1,2024-03-01 00:14:25,2024-03-01 00:14:25,1,1.0,1.0,1.0,0.0,0.0,0.0,0,0,0,0.0,0.0,False,1.0,1.0,1.0,0,,,
89e88bb78d0cd91a2ca58c06fdd6d9bb8fd641fd70badbee9fbbd0e388d75791,2,2024-03-01 01:22:02,2024-03-01 01:22:02,1,0.0,0.0,0.0,0.0,0.0,0.0,0,0,0,0.0,0.0,False,1.0,0.0,0.0,0,,,
89e88bb78d0cd91a2ca58c06fdd6d9bb8fd641fd70badbee9fbbd0e388d75791,3,2024-03-01 05:55:59,2024-03-01 05:55:59,1,0.0,0.0,0.0,0.0,0.0,0.0,0,0,0,0.0,0.0,False,1.0,0.0,0.0,0,,,
89e88bb78d0cd91a2ca58c06fdd6d9bb8fd641fd70badbee9fbbd0e388d75791,4,2024-03-01 06:56:34,2024-03-01 08:24:05,989,0.8523761375126391,34.45652173913044,90.0,0.6111111111111113,0.6666666666666666,2.4,0,0,0,50.68333333333333,87.51666666666667,True,0.0,34.45652173913044,40.42408066429419,0,0.0,0.0,0.0
89e88bb78d0cd91a2ca58c06fdd6d9bb8fd641fd70badbee9fbbd0e388d75791,5,2024-03-01 08:30:37,2024-03-01 08:32:50,28,0.6071428571428571,11.892857142857142,32.3,0.8805555555555546,0.897222222222221,3.229999999999997,0,0,0,0.4247222222222222,2.216666666666667,True,0.0,11.892857142857142,19.58823529411765,0,0.0,0.0,0.0
89e88bb78d0cd91a2ca58c06fdd6d9bb8fd641fd70badbee9fbbd0e388d75791,6,2024-03-01 09:19:39,2024-03-01 09:19:39,1,0.0,0.0,0.0,0.0,0.0,0.0,0,0,0,0.0,0.0,False,0.0,0.0,0.0,0,,,
89e88bb78d0cd91a2ca58c06fdd6d9bb8fd641fd70badbee9fbbd0e388d75791,7,2024-03-01 10:19:25,2024-03-01 10:19:25,1,0.0,0.0,0.0,0.0,0.0,0.0,0,0,0,0.0,0.0,False,0.0,0.0,0.0,0,,,
89e88bb78d0cd91a2ca58c06fdd6d9bb8fd641fd70badbee9fbbd0e388d75791,8,2024-03-01 11:40:40,2024-03-01 11:40:40,1,0.0,0.0,0.0,0.0,0.0,0.0,0,0,0,0.0,0.0,False,0.0,0.0,0.0,0,,,
89e88bb78d0cd91a2ca58c06fdd6d9bb8fd641fd70badbee9fbbd0e388d75791,9,2024-03-01 12:48:08,2024-03-01 12:48:08,1,1.0,5.0,5.0,0.0,0.0,0.0,0,0,0,0.0,0.0,False,0.0,5.0,5.0,0,,,
89e88bb78d0cd91a2ca58c06fdd6d9bb8fd641fd70badbee9fbbd0e388d75791,10,2024-03-01 16:12:32,2024-03-01 16:12:32,1,0.0,0.0,0.0,0.0,0.0,0.0,0,0,0,0.0,0.0,False,0.0,0.0,0.0,0,,,
89e88bb78d0cd91a2ca58c06fdd6d9bb8fd641fd70badbee9fbbd0e388d75791,11,2024-03-01 17:10:32,2024-03-01 17:18:18,78,0.7435897435897436,13.256410256410257,50.14999999999999,0.7152777777777766,0.7388888888888879,2.6599999999999966,0,0,0,1.4236111111111112,7.766666666666667,True,0.0,13.256410256410257,17.82758620689655,0,0.0,0.0,0.0
89e88bb78d0cd91a2ca58c06fdd6d9bb8fd641fd70badbee9fbbd0e388d75791,12,2024-03-01 17:43:24,2024-03-01 17:44:01,8,0.0,0.0,0.0,0.0,-0.0,-0.0,0,0,0,0.0,0.6166666666666667,False,0.0,0.0,0.0,0,,,
89e88bb78d0cd91a2ca58c06fdd6d9bb8fd641fd70badbee9fbbd0e388d75791,13,2024-03-01 17:52:22,2024-03-01 18:04:32,141,0.7163120567375887,13.50354609929078,38.0,0.6481481481481481,0.7222222222222221,2.6,0,0,0,2.7555555555555555,12.166666666666666,True,0.0,13.50354609929078,18.85148514851485,0,0.0,0.0,0.0
8a206f15dbd3e8d34f10b1d0b16a778f827761e7befa026ed5afa07f6b3cd618,1,2024-03-01 08:33:37,2024-03-01 09:21:32,480,0.85,51.94375,105.0,0.611111111111111,0.6958333333333322,2.5049999999999955,0,0,0,40.71861111111111,47.916666666666664,True,0.0,51.94375,61.11029411764706,0,0.0,0.0,0.0
8a206f15dbd3e8d34f10b1d0b16a778f827761e7befa026ed5afa07f6b3cd618,2,2024-03-01 09:45:24,2024-03-01 09:49:34,54,0.9074074074074074,23.055555555555557,51.04999999999998,0.9305555555555538,1.1597222222222214,4.174999999999997,0,0,0,1.6091666666666666,4.166666666666667,True,0.0,23.055555555555557,25.408163265306122,0,0.0,0.0,0.0
8a206f15dbd3e8d34f10b1d0b16a778f827761e7befa026ed5afa07f6b3cd618,3,2024-03-01 10:07:07,2024-03-01 10:13:25,83,0.9759036144578314,40.27710843373494,68.0,1.1990740740740735,1.722222222222222,6.2,0,0,0,4.4961111111111105,6.3,True,0.0,40.27710843373494,41.27160493827161,0,0.0,0.0,0.0
8a206f15dbd3e8d34f10b1d0b16a778f827761e7befa026ed5afa07f6b3cd618,4,2024-03-01 11:13:57,2024-03-01 11:13:57,1,0.0,0.0,0.0,0.0,0.0,0.0,0,0,0,0.0,0.0,False,0.0,0.0,0.0,0,,,
8a206f15dbd3e8d34f10b1d0b16a778f827761e7befa026ed5afa07f6b3cd618,5,2024-03-01 12:16:34,2024-03-01 12:16:34,1,0.0,0.0,0.0,0.0,0.0,0.0,0,0,0,0.0,0.0,False,0.0,0.0,0.0,0,,,
8a206f15dbd3e8d34f10b1d0b16a778f827761e7befa026ed5afa07f6b3cd618,6,2024-03-01 12:43:27,2024-03-01 12:55:46,126,0.9365079365079365,49.26190476190476,88.0,0.7361111111111113,0.9444444444444445,3.4,0,0,0,9.425833333333332,12.316666666666666,True,0.0,49.26190476190476,52.601694915254235,0,0.0,0.0,0.0
8a206f15dbd3e8d34f10b1d0b16a778f827761e7befa026ed5afa07f6b3cd618,7,2024-03-01 13:15:59,2024-03-01 13:20:13,47,0.5319148936170213,16.23404255319149,56.39999999999999,0.9783950617283936,1.2083333333333328,4.349999999999998,0,0,0,1.3786111111111108,4.233333333333333,True,0.0,16.23404255319149,30.52,0,0.0,0.0,0.0
8a206f15dbd3e8d34f10b1d0b16a778f827761e7befa026ed5afa07f6b3cd618,8,2024-03-01 16:33:21,2024-03-01 16:33:21,1,0.0,0.0,0.0,0.0,0.0,0.0,0,0,0,0.0,0.0,False,0.0,0.0,0.0,0,,,
8a206f15dbd3e8d34f10b1d0b16a778f827761e7befa026ed5afa07f6b3cd618,9,2024-03-01 17:26:55,2024-03-01 17:41:05,158,0.5316455696202531,13.10759493670886,48.30000000000001,0.8924603174603174,0.9694444444444452,3.4900000000000033,0,0,0,3.4380555555555556,14.166666666666666,True,0.0,13.10759493670886,24.654761904761905,0,0.0,0.0,0.0
8a206f15dbd3e8d34f10b1d0b16a778f827761e7befa026ed5afa07f6b3cd618,10,2024-03-01 17:53:00,2024-03-01 18:20:37,298,0.8859060402684564,56.88590604026846,116.0,0.5162037037037026,0.7249999999999995,2.6099999999999985,0,1,0,27.650555555555556,27.616666666666667,True,0.0,56.88590604026846,64.21212121212122,0,0.036165638624902054,0.0,0.0
8a31321a4707437bf3345d5f9c872423aa83e6c904d450b37d441d4fb85ccabb,1,2024-03-01 01:33:30,2024-03-01 01:33:30,1,0.0,0.0,0.0,0.0,0.0,0.0,0,0,0,0.0,0.0,False,1.0,0.0,0.0,0,,,
8a31321a4707437bf3345d5f9c872423aa83e6c904d450b37d441d4fb85ccabb,2,2024-03-01 03:52:12,2024-03-01 03:52:12,1,0.0,0.0,0.0,0.0,0.0,0.0,0,0,0,0.0,0.0,False,1.0,0.0,0.0,0,,,
8a31321a4707437bf3345d5f9c872423aa83e6c904d450b37d441d4fb85ccabb,3,2024-03-01 05:02:26,2024-03-01 05:02:26,1,0.0,0.0,0.0,0.0,0.0,0.0,0,0,0,0.0,0.0,False,1.0,0.0,0.0,0,,,
8a31321a4707437bf3345d5f9c872423aa83e6c904d450b37d441d4fb85ccabb,4,2024-03-01 06:11:08,2024-03-01 06:11:08,1,1.0,5.0,5.0,0.0,0.0,0.0,0,0,0,0.0,0.0,False,0.0,5.0,5.0,0,,,
8a31321a4707437bf3345d5f9c872423aa83e6c904d450b37d441d4fb85ccabb,5,2024-03-01 07:20:39,2024-03-01 07:20:39,1,0.0,0.0,0.0,0.0,0.0,0.0,0,0,0,0.0,0.0,False,0.0,0.0,0.0,0,,,
8a31321a4707437bf3345d5f9c872423aa83e6c904d450b37d441d4fb85ccabb,6,2024-03-01 08:30:12,2024-03-01 08:32:30,2,0.0,0.0,0.0,0.0,0.0,0.0,0,0,0,0.0,2.3,False,0.0,0.0,0.0,0,,,
8a31321a4707437bf3345d5f9c872423aa83e6c904d450b37d441d4fb85ccabb,7,2024-03-01 09:20:38,2024-03-01 09:28:16,95,0.8210526315789474,22.473684210526315,46.0,1.0888888888888884,1.4166666666666665,5.099999999999999,0,0,0,2.8527777777777774,7.633333333333334,True,0.0,22.473684210526315,27.371794871794872,0,0.0,0.0,0.0
8a31321a4707437bf3345d5f9c872423aa83e6c904d450b37d441d4fb85ccabb,8,2024-03-01 09:34:05,2024-03-01 09:41:48,87,0.8850574712643678,27.701149425287355,59.0,1.038888888888889,1.15,4.140000000000001,0,0,0,3.6083333333333325,7.716666666666667,True,0.0,27.701149425287355,31.2987012987013,0,0.0,0.0,0.0
8a31321a4707437bf3345d5f9c872423aa83e6c904d450b37d441d4fb85ccabb,9,2024-03-01 10:41:52,2024-03-01 10:41:52,1,0.0,0.0,0.0,0.0,0.0,0.0,0,0,0,0.0,0.0,False,0.0,0.0,0.0,0,,,
8a31321a4707437bf3345d5f9c872423aa83e6c904d450b37d441d4fb85ccabb,10,2024-03-01 11:42:38,2024-03-01 11:42:38,1,0.0,0.0,0.0,0.0,0.0,0.0,0,0,0,0.0,0.0,False,0.0,0.0,0.0,0,,,
8a31321a4707437bf3345d5f9c872423aa83e6c904d450b37d441d4fb85ccabb,11,2024-03-01 12:51:36,2024-03-01 12:51:36,1,0.0,0.0,0.0,0.0,0.0,0.0,0,0,0,0.0,0.0,False,0.0,0.0,0.0,0,,,
8a31321a4707437bf3345d5f9c872423aa83e6c904d450b37d441d4fb85ccabb,12,2024-03-01 14:00:31,2024-03-01 14:00:31,1,0.0,0.0,0.0,0.0,0.0,0.0,0,0,0,0.0,0.0,False,0.0,0.0,0.0,0,,,
8a31321a4707437bf3345d5f9c872423aa83e6c904d450b37d441d4fb85ccabb,13,2024-03-01 15:09:23,2024-03-01 15:11:38,2,0.0,0.0,0.0,0.0,0.0,0.0,0,0,0,0.0,2.25,False,0.0,0.0,0.0,0,,,
8a31321a4707437bf3345d5f9c872423aa83e6c904d450b37d441d4fb85ccabb,14,2024-03-01 15:29:35,2024-03-01 15:35:23,72,0.9305555555555556,22.76388888888889,42.900000000000006,0.9472222222222225,1.0805555555555555,3.8900000000000006,0,0,0,2.2538888888888886,5.8,True,0.0,22.76388888888889,24.46268656716418,0,0.0,0.0,0.0
8a31321a4707437bf3345d5f9c872423aa83e6c904d450b37d441d4fb85ccabb,15,2024-03-01 15:44:00,2024-03-01 15:49:04,48,0.0,0.0,0.0,0.0,-0.0,-0.0,0,0,0,0.0,5.066666666666666,False,0.0,0.0,0.0,0,,,
8a31321a4707437bf3345d5f9c872423aa83e6c904d450b37d441d4fb85ccabb,16,2024-03-01 16:12:18,2024-03-01 16:25:19,137,0.6423357664233577,16.248175182481752,51.39999999999998,0.8444444444444439,1.1944444444444398,4.299999999999983,0,0,0,3.071944444444444,13.016666666666667,True,0.0,16.248175182481752,25.295454545454547,0,0.0,0.0,0.0
8a31321a4707437bf3345d5f9c872423aa83e6c904d450b37d441d4fb85ccabb,17,2024-03-01 17:33:42,2024-03-01 17:33:42,1,0.0,0.0,0.0,0.0,0.0,0.0,0,0,0,0.0,0.0,False,0.0,0.0,0.0,0,,,
8a6f923034fc94cd8137cc4c206ca9851d9bf64af58eaa0ded524412576095dd,1,2024-03-01 00:24:18,2024-03-01 00:24:18,1,0.0,0.0,0.0,0.0,0.0,0.0,0,0,0,0.0,0.0,False,1.0,0.0,0.0,0,,,
8a6f923034fc94cd8137cc4c206ca9851d9bf64af58eaa0ded524412576095dd,2,2024-03-01 01:35:55,2024-03-01 01:35:55,1,0.0,0.0,0.0,0.0,0.0,0.0,0,0,0,0.0,0.0,False,1.0,0.0,0.0,0,,,
8a6f923034fc94cd8137cc4c206ca9851d9bf64af58eaa0ded524412576095dd,3,2024-03-01 05:11:11,2024-03-01 05:11:11,1,1.0,3.0,3.0,0.0,0.0,0.0,0,0,0,0.0,0.0,False,1.0,3.0,3.0,0,,,
8a6f923034fc94cd8137cc4c206ca9851d9bf64af58eaa0ded524412576095dd,4,2024-03-01 06:22:59,2024-03-01 06:22:59,1,1.0,1.0,1.0,0.0,0.0,0.0,0,0,0,0.0,0.0,False,0.0,1.0,1.0,0,,,
8a6f923034fc94cd8137cc4c206ca9851d9bf64af58eaa0ded524412576095dd,5,2024-03-01 08:49:02,2024-03-01 09:11:46,158,0.9367088607594937,25.310126582278482,55.0,0.8333333333333333,1.222222222222222,4.4,0,0,0,9.03111111111111,22.733333333333334,True,0.0,25.310126582278482,27.02027027027027,0,0.0,0.0,0.0
8a6f923034fc94cd8137cc4c206ca9851d9bf64af58eaa0ded524412576095dd,6,2024-03-01 11:33:41,2024-03-01 11:33:41,1,0.0,0.0,0.0,0.0,0.0,0.0,0,0,0,0.0,0.0,False,0.0,0.0,0.0,0,,,
8a6f923034fc94cd8137cc4c206ca9851d9bf64af58eaa0ded524412576095dd,7,2024-03-01 12:44:46,2024-03-01 12:44:46,1,0.0,0.0,0.0,0.0,0.0,0.0,0,0,0,0.0,0.0,False,0.0,0.0,0.0,0,,,
8a6f923034fc94cd8137cc4c206ca9851d9bf64af58eaa0ded524412576095dd,8,2024-03-01 15:06:42,2024-03-01 15:06:42,1,0.0,0.0,0.0,0.0,0.0,0.0,0,0,0,0.0,0.0,False,0.0,0.0,0.0,0,,,
8a6f923034fc94cd8137cc4c206ca9851d9bf64af58eaa0ded524412576095dd,9,2024-03-01 16:17:42,2024-03-01 16:17:42,1,0.0,0.0,0.0,0.0,0.0,0.0,0,0,0,0.0,0.0,False,0.0,0.0,0.0,0,,,
8a6f923034fc94cd8137cc4c206ca9851d9bf64af58eaa0ded524412576095dd,10,2024-03-01 17:29:35,2024-03-01 17:30:45,2,0.0,0.0,0.0,0.0,0.0,0.0,0,0,0,0.0,1.1666666666666667,False,0.0,0.0,0.0,0,,,
8a6f923034fc94cd8137cc4c206ca9851d9bf64af58eaa0ded524412576095dd,11,2024-03-01 18:22:25,2024-03-01 18:29:59,76,0.5789473684210527,14.052631578947368,53.0,1.1249999999999996,0.9722222222222223,3.5,1,0,0,1.4063888888888887,7.566666666666666,True,0.0,14.052631578947368,24.272727272727273,0,0.0,0.711040884850879,0.0
8acf58d86a603f011a1ef0f90d67146aaac48fc3a5e669033730164c53140335,1,2024-03-01 00:15:32,2024-03-01 00:22:47,76,0.9473684210526315,31.394736842105264,66.5,0.7986111111111109,0.761574074074074,2.7416666666666667,1,0,0,3.695555555555555,7.25,True,1.0,31.394736842105264,33.138888888888886,0,0.0,0.2705953096812989,0.0
8acf58d86a603f011a1ef0f90d67146aaac48fc3a5e669033730164c53140335,2,2024-03-01 01:22:59,2024-03-01 01:22:59,1,0.0,0.0,0.0,0.0,0.0,0.0,0,0,0,0.0,0.0,False,1.0,0.0,0.0,0,,,
8acf58d86a603f011a1ef0f90d67146aaac48fc3a5e669033730164c53140335,3,2024-03-01 09:20:25,2024-03-01 10:02:13,405,0.9382716049382716,27.82469135802469,64.0,0.9212962962962953,1.0481481481481463,3.773333333333327,0,0,0,17.777222222222218,41.8,True,0.0,27.82469135802469,29.655263157894737,0,0.0,0.0,0.0
8acf58d86a603f011a1ef0f90d67146aaac48fc3a5e669033730164c53140335,4,2024-03-01 10:12:59,2024-03-01 10:14:15,4,0.0,0.0,0.0,0.0,-0.0,-0.0,0,0,0,0.0,1.2666666666666666,False,0.0,0.0,0.0,0,,,
8acf58d86a603f011a1ef0f90d67146aaac48fc3a5e669033730164c53140335,5,2024-03-01 10:33:48,2024-03-01 10:44:36,123,0.959349593495935,33.24390243902439,75.0,0.8333333333333333,0.8333333333333333,3.0,0,0,0,5.8375,10.8,True,0.0,33.24390243902439,34.652542372881356,0,0.0,0.0,0.0
8acf58d86a603f011a1ef0f90d67146aaac48fc3a5e669033730164c53140335,6,2024-03-01 11:46:06,2024-03-01 11:46:06,1,0.0,0.0,0.0,0.0,0.0,0.0,0,0,0,0.0,0.0,False,0.0,0.0,0.0,0,,,
8acf58d86a603f011a1ef0f90d67146aaac48fc3a5e669033730164c53140335,7,2024-03-01 13:52:49,2024-03-01 14:16:18,127,0.5748031496062992,10.283464566929133,30.399999999999977,0.5388888888888882,0.4888888888888885,1.7599999999999985,0,0,0,2.0233333333333334,23.483333333333334,True,0.0,10.283464566929133,17.89041095890411,0,0.0,0.0,0.0
8acf58d86a603f011a1ef0f90d67146aaac48fc3a5e669033730164c53140335,8,2024-03-01 14:23:08,2024-03-01 14:57:36,381,0.7322834645669292,20.89501312335958,57.0,0.888888888888889,0.8796296296296294,3.1666666666666665,0,0,0,12.779722222222222,34.46666666666667,True,0.0,20.89501312335958,28.53405017921147,0,0.0,0.0,0.0
8acf58d86a603f011a1ef0f90d67146aaac48fc3a5e669033730164c53140335,9,2024-03-01 15:57:48,2024-03-01 15:57:48,1,0.0,0.0,0.0,0.0,0.0,0.0,0,0,0,0.0,0.0,False,0.0,0.0,0.0,0,,,
8acf58d86a603f011a1ef0f90d67146aaac48fc3a5e669033730164c53140335,10,2024-03-01 16:05:32,2024-03-01 16:13:38,93,0.6774193548387096,15.559139784946236,40.79999999999998,0.7222222222222221,0.8777777777777768,3.1599999999999966,0,0,0,2.201666666666666,8.1,True,0.0,15.559139784946236,22.96825396825397,0,0.0,0.0,0.0
8acf58d86a603f011a1ef0f90d67146aaac48fc3a5e669033730164c53140335,11,2024-03-01 16:19:58,2024-03-01 17:10:12,524,0.7805343511450382,16.56965648854962,53.0,0.5555555555555556,0.548611111111109,1.9749999999999943,0,0,0,12.887916666666667,50.233333333333334,True,0.0,16.56965648854962,21.228606356968214,0,0.0,0.0,0.0
8ae9ef3c42eb4679a12e9e084f78e9d2de320040028b9bc34dbd13dd35c68c3c,1,2024-03-01 01:45:42,2024-03-01 01:45:42,1,1.0,1.0,1.0,0.0,0.0,0.0,0,0,0,0.0,0.0,False,1.0,1.0,1.0,0,,,
8ae9ef3c42eb4679a12e9e084f78e9d2de320040028b9bc34dbd13dd35c68c3c,2,2024-03-01 03:59:11,2024-03-01 03:59:11,1,1.0,1.0,1.0,0.0,0.0,0.0,0,0,0,0.0,0.0,False,1.0,1.0,1.0,0,,,
8ae9ef3c42eb4679a12e9e084f78e9d2de320040028b9bc34dbd13dd35c68c3c,3,2024-03-01 05:05:57,2024-03-01 05:05:57,1,0.0,0.0,0.0,0.0,0.0,0.0,0,0,0,0.0,0.0,False,1.0,0.0,0.0,0,,,
8ae9ef3c42eb4679a12e9e084f78e9d2de320040028b9bc34dbd13dd35c68c3c,4,2024-03-01 06:12:43,2024-03-01 06:12:43,1,0.0,0.0,0.0,0.0,0.0,0.0,0,0,0,0.0,0.0,False,0.0,0.0,0.0,0,,,
8ae9ef3c42eb4679a12e9e084f78e9d2de320040028b9bc34dbd13dd35c68c3c,5,2024-03-01 07:19:34,2024-03-01 07:21:50,2,0.5,15.5,29.45,0.0,0.06015114379084967,0.2165441176470588,0,0,0,0.0,2.2666666666666666,False,0.0,15.5,31.0,0,,,
8ae9ef3c42eb4679a12e9e084f78e9d2de320040028b9bc34dbd13dd35c68c3c,6,2024-03-01 08:05:31,2024-03-01 08:28:15,220,0.8954545454545455,26.172727272727272,57.0,0.723148148148148,0.8333333333333333,3.0,0,0,0,8.81388888888889,22.733333333333334,True,0.0,26.172727272727272,29.228426395939085,0,0.0,0.0,0.0
8ae9ef3c42eb4679a12e9e084f78e9d2de320040028b9bc34dbd13dd35c68c3c,7,2024-03-01 09:28:15,2024-03-01 09:28:15,1,0.0,0.0,0.0,0.0,0.0,0.0,0,0,0,0.0,0.0,False,0.0,0.0,0.0,0,,,
8ae9ef3c42eb4679a12e9e084f78e9d2de320040028b9bc34dbd13dd35c68c3c,8,2024-03-01 10:07:11,2024-03-01 10:07:52,2,0.0,0.0,0.0,0.0,0.0,0.0,0,0,0,0.0,0.6833333333333333,False,0.0,0.0,0.0,0,,,
8ae9ef3c42eb4679a12e9e084f78e9d2de320040028b9bc34dbd13dd35c68c3c,9,2024-03-01 11:37:37,2024-03-01 11:37:37,1,0.0,0.0,0.0,0.0,0.0,0.0,0,0,0,0.0,0.0,False,0.0,0.0,0.0,0,,,
8ae9ef3c42eb4679a12e9e084f78e9d2de320040028b9bc34dbd13dd35c68c3c,10,2024-03-01 13:06:05,2024-03-01 13:06:05,1,0.0,0.0,0.0,0.0,0.0,0.0,0,0,0,0.0,0.0,False,0.0,0.0,0.0,0,,,
8b039455541c18091450c0878be472a9a3f5ecc0b399f9e2a587088459f4fb29,1,2024-03-01 00:46:30,2024-03-01 00:46:30,1,1.0,1.0,1.0,0.0,0.0,0.0,0,0,0,0.0,0.0,False,1.0,1.0,1.0,0,,,
8b039455541c18091450c0878be472a9a3f5ecc0b399f9e2a587088459f4fb29,2,2024-03-01 03:08:27,2024-03-01 03:08:27,1,0.0,0.0,0.0,0.0,0.0,0.0,0,0,0,0.0,0.0,False,1.0,0.0,0.0,0,,,
8b039455541c18091450c0878be472a9a3f5ecc0b399f9e2a587088459f4fb29,3,2024-03-01 04:19:24,2024-03-01 04:19:24,1,1.0,1.0,1.0,0.0,0.0,0.0,0,0,0,0.0,0.0,False,1.0,1.0,1.0,0,,,
8b039455541c18091450c0878be472a9a3f5ecc0b399f9e2a587088459f4fb29,4,2024-03-01 05:30:39,2024-03-01 05:30:39,1,1.0,1.0,1.0,0.0,0.0,0.0,0,0,0,0.0,0.0,False,1.0,1.0,1.0,0,,,
8b039455541c18091450c0878be472a9a3f5ecc0b399f9e2a587088459f4fb29,5,2024-03-01 06:41:55,2024-03-01 06:41:55,1,0.0,0.0,0.0,0.0,0.0,0.0,0,0,0,0.0,0.0,False,0.0,0.0,0.0,0,,,
8b039455541c18091450c0878be472a9a3f5ecc0b399f9e2a587088459f4fb29,6,2024-03-01 07:53:38,2024-03-01 07:53:38,1,0.0,0.0,0.0,0.0,0.0,0.0,0,0,0,0.0,0.0,False,0.0,0.0,0.0,0,,,
8b039455541c18091450c0878be472a9a3f5ecc0b399f9e2a587088459f4fb29,7,2024-03-01 09:04:53,2024-03-01 09:07:00,2,0.0,0.0,0.0,0.0,0.0,0.0,0,0,0,0.0,2.1166666666666667,False,0.0,0.0,0.0,0,,,
8b039455541c18091450c0878be472a9a3f5ecc0b399f9e2a587088459f4fb29,8,2024-03-01 09:45:16,2024-03-01 10:11:03,234,0.7051282051282052,19.51068376068376,52.349999999999994,0.7972222222222218,0.9180555555555551,3.3049999999999984,0,1,0,6.56388888888889,25.783333333333335,True,0.0,19.51068376068376,27.669696969696968,0,0.1523487092678798,0.0,0.0
8b039455541c18091450c0878be472a9a3f5ecc0b399f9e2a587088459f4fb29,9,2024-03-01 11:19:00,2024-03-01 11:29:09,102,0.7254901960784313,17.401960784313726,37.94999999999999,0.5,0.49722222222222157,1.7899999999999978,0,0,0,2.6524999999999994,10.15,True,0.0,17.401960784313726,23.986486486486488,0,0.0,0.0,0.0
8b039455541c18091450c0878be472a9a3f5ecc0b399f9e2a587088459f4fb29,10,2024-03-01 11:48:31,2024-03-01 11:57:07,77,0.2597402597402597,2.207792207792208,18.0,0.1444444444444449,0.16666666666666705,0.6000000000000014,0,0,0,0.24833333333333332,8.6,True,0.0,2.207792207792208,8.5,0,0.0,0.0,0.0
8b039455541c18091450c0878be472a9a3f5ecc0b399f9e2a587088459f4fb29,11,2024-03-01 13:58:06,2024-03-01 13:58:06,1,0.0,0.0,0.0,0.0,0.0,0.0,0,0,0,0.0,0.0,False,0.0,0.0,0.0,0,,,
8b039455541c18091450c0878be472a9a3f5ecc0b399f9e2a587088459f4fb29,12,2024-03-01 16:18:53,2024-03-01 16:35:30,112,0.6964285714285714,21.044642857142858,58.799999999999955,1.3958333333333295,1.3888888888888888,5.0,0,1,0,3.067222222222222,16.616666666666667,True,0.0,21.044642857142858,30.21794871794872,0,0.3260278934975548,0.0,0.0
8b039455541c18091450c0878be472a9a3f5ecc0b399f9e2a587088459f4fb29,13,2024-03-01 17:55:34,2024-03-01 17:56:17,9,0.5555555555555556,1.2222222222222223,4.199999999999999,0.15740740740740733,0.1111111111111111,0.4,0,0,0,0.016944444444444443,0.7166666666666667,True,0.0,1.2222222222222223,2.2,0,0.0,0.0,0.0
8b802d8bd5a19492018e4662c1e2bfee3cf417a9f8f5a0757984a52f8e43c594,1,2024-03-01 08:41:09,2024-03-01 08:47:48,44,0.6818181818181818,36.13636363636363,75.0,0.5865740740740741,0.611111111111111,2.2,0,0,0,2.3033333333333332,6.65,True,0.0,36.13636363636363,53.0,0,0.0,0.0,0.0
8b802d8bd5a19492018e4662c1e2bfee3cf417a9f8f5a0757984a52f8e43c594,2,2024-03-01 09:48:15,2024-03-01 09:48:15,1,0.0,0.0,0.0,0.0,0.0,0.0,0,0,0,0.0,0.0,False,0.0,0.0,0.0,0,,,
8b802d8bd5a19492018e4662c1e2bfee3cf417a9f8f5a0757984a52f8e43c594,3,2024-03-01 10:49:11,2024-03-01 10:49:11,1,0.0,0.0,0.0,0.0,0.0,0.0,0,0,0,0.0,0.0,False,0.0,0.0,0.0,0,,,
8b802d8bd5a19492018e4662c1e2bfee3cf417a9f8f5a0757984a52f8e43c594,4,2024-03-01 13:15:35,2024-03-01 13:15:35,1,0.0,0.0,0.0,0.0,0.0,0.0,0,0,0,0.0,0.0,False,0.0,0.0,0.0,0,,,
8b802d8bd5a19492018e4662c1e2bfee3cf417a9f8f5a0757984a52f8e43c594,5,2024-03-01 15:11:08,2024-03-01 15:11:13,2,1.0,17.0,19.7,0.31666666666666665,0.0,0.0,0,0,0,0.02777777777777778,0.08333333333333333,False,0.0,17.0,17.0,0,0.0,0.0,0.0
8b802d8bd5a19492018e4662c1e2bfee3cf417a9f8f5a0757984a52f8e43c594,6,2024-03-01 15:24:29,2024-03-01 15:30:26,70,0.5571428571428572,20.042857142857144,77.0,0.863888888888889,0.7662037037037035,2.758333333333333,0,0,0,1.922222222222222,5.95,True,0.0,20.042857142857144,35.97435897435897,0,0.0,0.0,0.0
8b802d8bd5a19492018e4662c1e2bfee3cf417a9f8f5a0757984a52f8e43c594,7,2024-03-01 15:51:18,2024-03-01 15:57:47,71,0.676056338028169,30.08450704225352,75.0,0.962962962962963,1.1111111111111112,4.0,0,0,0,2.958333333333333,6.483333333333333,True,0.0,30.08450704225352,44.5,0,0.0,0.0,0.0
8b802d8bd5a19492018e4662c1e2bfee3cf417a9f8f5a0757984a52f8e43c594,8,2024-03-01 16:34:13,2024-03-01 17:02:26,320,0.5125,10.5125,46.10000000000002,0.7645833333333335,0.7893518518518524,2.8416666666666686,0,0,0,4.838333333333334,28.216666666666665,True,0.0,10.5125,20.51219512195122,0,0.0,0.0,0.0
8bd619106ae4ad56415b9afc250c7677edd17ea4753f91742e487e4b6e04405d,1,2024-03-01 09:36:04,2024-03-01 09:53:22,198,0.9242424242424242,44.535353535353536,72.0,0.6236111111111095,0.611111111111111,2.2,0,0,0,12.971944444444443,17.3,True,0.0,44.535353535353536,48.185792349726775,0,0.0,0.0,0.0
8bd619106ae4ad56415b9afc250c7677edd17ea4753f91742e487e4b6e04405d,2,2024-03-01 10:53:18,2024-03-01 10:53:18,1,0.0,0.0,0.0,0.0,0.0,0.0,0,0,0,0.0,0.0,False,0.0,0.0,0.0,0,,,
8bd619106ae4ad56415b9afc250c7677edd17ea4753f91742e487e4b6e04405d,3,2024-03-01 12:23:20,2024-03-01 13:20:53,585,0.9384615384615385,34.95897435897436,74.0,0.5555555555555557,0.611111111111111,2.2,0,0,0,35.09138888888889,57.55,True,0.0,34.95897435897436,37.25136612021858,0,0.0,0.0,0.0
8bd619106ae4ad56415b9afc250c7677edd17ea4753f91742e487e4b6e04405d,4,2024-03-01 13:49:35,2024-03-01 13:58:33,104,0.7884615384615384,13.432692307692308,32.69999999999999,0.7180555555555552,0.5958333333333327,2.1449999999999982,0,0,0,1.9905555555555552,8.966666666666667,True,0.0,13.432692307692308,17.036585365853657,0,0.0,0.0,0.0
8bd619106ae4ad56415b9afc250c7677edd17ea4753f91742e487e4b6e04405d,5,2024-03-01 14:58:29,2024-03-01 14:58:29,1,0.0,0.0,0.0,0.0,0.0,0.0,0,0,0,0.0,0.0,False,0.0,0.0,0.0,0,,,
8bd619106ae4ad56415b9afc250c7677edd17ea4753f91742e487e4b6e04405d,6,2024-03-01 17:03:36,2024-03-01 17:22:43,211,0.7251184834123223,10.033175355450236,38.0,0.7314814814814814,0.5787037037037037,2.083333333333333,0,0,0,2.91,19.116666666666667,True,0.0,10.033175355450236,13.836601307189543,0,0.0,0.0,0.0
8bd619106ae4ad56415b9afc250c7677edd17ea4753f91742e487e4b6e04405d,7,2024-03-01 18:26:26,2024-03-01 18:30:00,39,0.28205128205128205,2.5128205128205128,12.200000000000003,0.33888888888888896,0.2388888888888891,0.8600000000000009,0,0,0,0.14,3.566666666666667,True,0.0,2.5128205128205128,8.909090909090908,0,0.0,0.0,0.0
8be9da82c722c7d938bdd31bdfa52915828d12b45d08f50593a4504aeb00e978,1,2024-03-01 08:36:34,2024-03-01 08:36:34,1,0.0,0.0,0.0,0.0,0.0,0.0,0,0,0,0.0,0.0,False,0.0,0.0,0.0,0,,,
8be9da82c722c7d938bdd31bdfa52915828d12b45d08f50593a4504aeb00e978,2,2024-03-01 09:27:05,2024-03-01 09:29:52,22,0.9090909090909091,21.954545454545453,50.849999999999994,0.8277777777777776,0.9893518518518517,3.561666666666666,0,0,0,0.6591666666666666,2.783333333333333,True,0.0,21.954545454545453,24.15,0,0.0,0.0,0.0
8be9da82c722c7d938bdd31bdfa52915828d12b45d08f50593a4504aeb00e978,3,2024-03-01 10:15:26,2024-03-01 10:26:06,68,0.8088235294117647,15.735294117647058,31.0,0.4805555555555555,0.6652777777777775,2.3949999999999996,0,0,0,1.601111111111111,10.666666666666666,True,0.0,15.735294117647058,19.454545454545453,0,0.0,0.0,0.0
8be9da82c722c7d938bdd31bdfa52915828d12b45d08f50593a4504aeb00e978,4,2024-03-01 11:26:31,2024-03-01 11:26:31,1,0.0,0.0,0.0,0.0,0.0,0.0,0,0,0,0.0,0.0,False,0.0,0.0,0.0,0,,,
8be9da82c722c7d938bdd31bdfa52915828d12b45d08f50593a4504aeb00e978,5,2024-03-01 13:07:23,2024-03-01 13:14:07,75,0.88,25.293333333333333,59.0,0.3666666666666664,0.44444444444444436,1.6,0,0,0,2.8905555555555553,6.733333333333333,True,0.0,25.293333333333333,28.742424242424242,0,0.0,0.0,0.0
8be9da82c722c7d938bdd31bdfa52915828d12b45d08f50593a4504aeb00e978,6,2024-03-01 14:14:26,2024-03-01 14:14:26,1,0.0,0.0,0.0,0.0,0.0,0.0,0,0,0,0.0,0.0,False,0.0,0.0,0.0,0,,,
8be9da82c722c7d938bdd31bdfa52915828d12b45d08f50593a4504aeb00e978,7,2024-03-01 17:32:39,2024-03-01 17:32:39,1,0.0,0.0,0.0,0.0,0.0,0.0,0,0,0,0.0,0.0,False,0.0,0.0,0.0,0,,,
8be9da82c722c7d938bdd31bdfa52915828d12b45d08f50593a4504aeb00e978,8,2024-03-01 18:29:04,2024-03-01 18:30:03,12,1.0,26.25,31.0,0.6050925925925923,0.6060185185185184,2.1816666666666666,0,0,0,0.42472222222222217,0.9833333333333333,True,0.0,26.25,26.25,0,0.0,0.0,0.0
8c17f9e5573293f7361f46f6dd4d46feba2dccbf523b2f1b053477d4c3f1ddd7,1,2024-03-01 02:05:01,2024-03-01 02:05:01,1,0.0,0.0,0.0,0.0,0.0,0.0,0,0,0,0.0,0.0,False,1.0,0.0,0.0,0,,,
8c17f9e5573293f7361f46f6dd4d46feba2dccbf523b2f1b053477d4c3f1ddd7,2,2024-03-01 08:25:34,2024-03-01 08:33:43,93,0.7311827956989247,24.956989247311828,53.0,0.5462962962962954,0.611111111111111,2.2,0,0,0,3.4552777777777774,8.15,True,0.0,24.956989247311828,34.13235294117647,0,0.0,0.0,0.0
8c17f9e5573293f7361f46f6dd4d46feba2dccbf523b2f1b053477d4c3f1ddd7,3,2024-03-01 09:34:08,2024-03-01 09:34:08,1,0.0,0.0,0.0,0.0,0.0,0.0,0,0,0,0.0,0.0,False,0.0,0.0,0.0,0,,,
8c17f9e5573293f7361f46f6dd4d46feba2dccbf523b2f1b053477d4c3f1ddd7,4,2024-03-01 11:42:00,2024-03-01 11:42:00,1,0.0,0.0,0.0,0.0,0.0,0.0,0,0,0,0.0,0.0,False,0.0,0.0,0.0,0,,,
8c17f9e5573293f7361f46f6dd4d46feba2dccbf523b2f1b053477d4c3f1ddd7,5,2024-03-01 12:52:00,2024-03-01 12:52:00,1,1.0,3.0,3.0,0.0,0.0,0.0,0,0,0,0.0,0.0,False,0.0,3.0,3.0,0,,,
8c17f9e5573293f7361f46f6dd4d46feba2dccbf523b2f1b053477d4c3f1ddd7,6,2024-03-01 14:04:06,2024-03-01 14:04:06,1,0.0,0.0,0.0,0.0,0.0,0.0,0,0,0,0.0,0.0,False,0.0,0.0,0.0,0,,,
8c17f9e5573293f7361f46f6dd4d46feba2dccbf523b2f1b053477d4c3f1ddd7,7,2024-03-01 14:18:10,2024-03-01 14:34:23,90,0.8111111111111111,16.166666666666668,40.0,0.5305555555555553,0.611111111111111,2.2,0,0,0,2.8261111111111115,16.216666666666665,True,0.0,16.166666666666668,19.931506849315067,0,0.0,0.0,0.0
8c17f9e5573293f7361f46f6dd4d46feba2dccbf523b2f1b053477d4c3f1ddd7,8,2024-03-01 15:14:37,2024-03-01 15:36:29,230,0.7434782608695653,15.182608695652174,48.0,0.5555555555555555,0.611111111111111,2.2,0,0,0,5.173055555555555,21.866666666666667,True,0.0,15.182608695652174,20.42105263157895,0,0.0,0.0,0.0
8c17f9e5573293f7361f46f6dd4d46feba2dccbf523b2f1b053477d4c3f1ddd7,9,2024-03-01 16:55:10,2024-03-01 17:19:48,252,0.7738095238095238,12.702380952380953,29.0,0.5092592592592592,0.5555555555555555,2.0,0,0,0,5.425833333333333,24.633333333333333,True,0.0,12.702380952380953,16.415384615384614,0,0.0,0.0,0.0
8cb4dc3590963eb671a86abb30f1216fcef350290dccb9a266ac711c36aa9924,1,2024-03-01 08:13:28,2024-03-01 08:24:21,121,0.859504132231405,20.483471074380166,53.0,0.6666666666666666,1.0,3.6,0,0,0,3.511388888888889,10.883333333333333,True,0.0,20.483471074380166,23.83173076923077,0,0.0,0.0,0.0
8cb4dc3590963eb671a86abb30f1216fcef350290dccb9a266ac711c36aa9924,2,2024-03-01 09:24:45,2024-03-01 09:24:45,1,0.0,0.0,0.0,0.0,0.0,0.0,0,0,0,0.0,0.0,False,0.0,0.0,0.0,0,,,
8cb4dc3590963eb671a86abb30f1216fcef350290dccb9a266ac711c36aa9924,3,2024-03-01 12:48:38,2024-03-01 13:06:34,164,0.8353658536585366,30.878048780487806,66.0,0.8333333333333334,1.038888888888888,3.7399999999999975,0,0,0,8.288055555555555,17.933333333333334,True,0.0,30.878048780487806,36.96350364963504,0,0.0,0.0,0.0
8cb4dc3590963eb671a86abb30f1216fcef350290dccb9a266ac711c36aa9924,4,2024-03-01 14:06:57,2024-03-01 14:06:57,1,0.0,0.0,0.0,0.0,0.0,0.0,0,0,0,0.0,0.0,False,0.0,0.0,0.0,0,,,
9063327d8f1552bf2589e881f31601d4534e1f85b65bc6b961bc50e840d6fad8,1,2024-03-01 00:00:02,2024-03-01 00:42:30,504,0.7023809523809523,34.73313492063492,79.0,1.2194444444444437,1.7694444444444422,6.369999999999994,0,3,0,25.61986111111111,42.46666666666667,True,1.0,34.73313492063492,49.45056497175141,0,0.11709665352943409,0.0,0.0
9063327d8f1552bf2589e881f31601d4534e1f85b65bc6b961bc50e840d6fad8,2,2024-03-01 00:48:15,2024-03-01 00:48:21,2,0.0,0.0,0.0,0.0,0.0,0.0,0,0,0,0.0,0.1,False,1.0,0.0,0.0,0,,,
9063327d8f1552bf2589e881f31601d4534e1f85b65bc6b961bc50e840d6fad8,3,2024-03-01 01:02:48,2024-03-01 01:13:55,127,0.7637795275590551,38.874015748031496,86.39999999999998,1.1111111111111112,1.5472222222222218,5.5699999999999985,0,0,0,6.8919444444444435,11.116666666666667,True,1.0,38.874015748031496,50.896907216494846,0,0.0,0.0,0.0
9063327d8f1552bf2589e881f31601d4534e1f85b65bc6b961bc50e840d6fad8,4,2024-03-01 01:28:13,2024-03-01 01:35:08,97,0.8556701030927835,38.824742268041234,85.39999999999998,1.3037037037037031,1.8555555555555543,6.679999999999995,0,2,1,4.776666666666666,6.916666666666667,True,1.0,38.824742268041234,45.373493975903614,0,0.41870202372644805,0.0,0.0
9063327d8f1552bf2589e881f31601d4534e1f85b65bc6b961bc50e840d6fad8,5,2024-03-01 02:35:18,2024-03-01 02:35:18,1,0.0,0.0,0.0,0.0,0.0,0.0,0,0,0,0.0,0.0,False,1.0,0.0,0.0,0,,,
9063327d8f1552bf2589e881f31601d4534e1f85b65bc6b961bc50e840d6fad8,6,2024-03-01 03:36:33,2024-03-01 03:36:33,1,0.0,0.0,0.0,0.0,0.0,0.0,0,0,0,0.0,0.0,False,1.0,0.0,0.0,0,,,
9063327d8f1552bf2589e881f31601d4534e1f85b65bc6b961bc50e840d6fad8,7,2024-03-01 04:50:30,2024-03-01 04:50:30,1,0.0,0.0,0.0,0.0,0.0,0.0,0,0,0,0.0,0.0,False,1.0,0.0,0.0,0,,,
9063327d8f1552bf2589e881f31601d4534e1f85b65bc6b961bc50e840d6fad8,8,2024-03-01 06:05:10,2024-03-01 06:05:10,1,0.0,0.0,0.0,0.0,0.0,0.0,0,0,0,0.0,0.0,False,0.0,0.0,0.0,0,,,
9063327d8f1552bf2589e881f31601d4534e1f85b65bc6b961bc50e840d6fad8,9,2024-03-01 07:19:51,2024-03-01 07:22:07,2,0.0,0.0,0.0,0.0,0.0,0.0,0,0,0,0.0,2.2666666666666666,False,0.0,0.0,0.0,0,,,
9063327d8f1552bf2589e881f31601d4534e1f85b65bc6b961bc50e840d6fad8,10,2024-03-01 07:36:16,2024-03-01 08:30:24,549,0.30783242258652094,9.005464480874316,44.0,0.7546296296296301,0.8611111111111122,3.1000000000000036,0,1,0,6.7747222222222225,54.13333333333333,True,0.0,9.005464480874316,29.254437869822485,0,0.14760752798392718,0.0,0.0
9063327d8f1552bf2589e881f31601d4534e1f85b65bc6b961bc50e840d6fad8,11,2024-03-01 09:44:15,2024-03-01 09:44:15,1,0.0,0.0,0.0,0.0,0.0,0.0,0,0,0,0.0,0.0,False,0.0,0.0,0.0,0,,,
9063327d8f1552bf2589e881f31601d4534e1f85b65bc6b961bc50e840d6fad8,12,2024-03-01 10:58:53,2024-03-01 11:00:44,2,0.0,0.0,0.0,0.0,0.0,0.0,0,0,0,0.0,1.85,False,0.0,0.0,0.0,0,,,
9063327d8f1552bf2589e881f31601d4534e1f85b65bc6b961bc50e840d6fad8,13,2024-03-01 12:01:34,2024-03-01 12:13:50,150,0.5933333333333334,19.3,60.64999999999995,1.1111111111111112,1.7430555555555531,6.2749999999999915,0,1,0,4.1325,12.266666666666667,True,0.0,19.3,32.52808988764045,0,0.24198427102238354,0.0,0.0
9063327d8f1552bf2589e881f31601d4534e1f85b65bc6b961bc50e840d6fad8,14,2024-03-01 13:13:59,2024-03-01 13:19:19,33,0.7575757575757576,16.96969696969697,36.99999999999999,1.2111111111111108,0.9611111111111104,3.459999999999998,0,1,0,0.8125,5.333333333333333,True,0.0,16.96969696969697,22.4,0,1.2307692307692308,0.0,0.0
9063327d8f1552bf2589e881f31601d4534e1f85b65bc6b961bc50e840d6fad8,15,2024-03-01 13:24:38,2024-03-01 13:35:37,120,0.825,30.066666666666666,62.099999999999994,1.0583333333333333,0.8999999999999995,3.239999999999998,0,0,0,5.327499999999999,10.983333333333333,True,0.0,30.066666666666666,36.44444444444444,0,0.0,0.0,0.0
9063327d8f1552bf2589e881f31601d4534e1f85b65bc6b961bc50e840d6fad8,16,2024-03-01 14:02:03,2024-03-01 14:09:46,99,0.8888888888888888,26.050505050505052,57.19999999999999,1.2249999999999996,1.3472222222222219,4.849999999999999,0,0,0,3.5322222222222224,7.716666666666667,True,0.0,26.050505050505052,29.306818181818183,0,0.0,0.0,0.0
9063327d8f1552bf2589e881f31601d4534e1f85b65bc6b961bc50e840d6fad8,17,2024-03-01 15:09:55,2024-03-01 15:09:55,1,0.0,0.0,0.0,0.0,0.0,0.0,0,0,0,0.0,0.0,False,0.0,0.0,0.0,0,,,
9063327d8f1552bf2589e881f31601d4534e1f85b65bc6b961bc50e840d6fad8,18,2024-03-01 16:10:49,2024-03-01 16:10:49,1,0.0,0.0,0.0,0.0,0.0,0.0,0,0,0,0.0,0.0,False,0.0,0.0,0.0,0,,,
9063327d8f1552bf2589e881f31601d4534e1f85b65bc6b961bc50e840d6fad8,19,2024-03-01 17:24:28,2024-03-01 17:59:13,405,0.582716049382716,17.881481481481483,56.59999999999991,1.1805555555555558,1.1999999999999948,4.3199999999999825,0,0,0,9.454722222222223,34.75,True,0.0,17.881481481481483,30.6864406779661,0,0.0,0.0,0.0
9107774ab360f9ccd572ad3353511a12feee37a8f7901227c41e722176f9da35,1,2024-03-01 11:19:23,2024-03-01 11:40:59,225,0.5644444444444444,38.257777777777775,109.0,0.4111111111111107,0.26851851851851744,0.9666666666666638,0,0,0,16.003055555555555,21.6,True,0.0,38.257777777777775,67.77952755905511,0,0.0,0.0,0.0
9107774ab360f9ccd572ad3353511a12feee37a8f7901227c41e722176f9da35,2,2024-03-01 11:50:29,2024-03-01 11:58:15,58,0.7758620689655172,34.44827586206897,90.3,0.6277777777777775,0.6611111111111106,2.3799999999999986,0,0,0,2.953333333333333,7.766666666666667,True,0.0,34.44827586206897,44.4,0,0.0,0.0,0.0
9107774ab360f9ccd572ad3353511a12feee37a8f7901227c41e722176f9da35,3,2024-03-01 12:59:32,2024-03-01 12:59:32,1,0.0,0.0,0.0,0.0,0.0,0.0,0,0,0,0.0,0.0,False,0.0,0.0,0.0,0,,,
9107774ab360f9ccd572ad3353511a12feee37a8f7901227c41e722176f9da35,4,2024-03-01 14:47:21,2024-03-01 15:13:25,213,0.8309859154929577,51.27230046948357,94.0,0.4166666666666668,0.46666666666666534,1.6799999999999955,0,0,0,19.251666666666665,26.066666666666666,True,0.0,51.27230046948357,61.70056497175141,0,0.0,0.0,0.0
916bcb49fbaa4e035208e89ecf844fc6ab5b6a6b66329baed6b9485f1a516cd8,1,2024-03-01 00:00:01,2024-03-01 00:38:41,418,0.9114832535885168,56.88277511961722,88.0,0.3333333333333333,0.3888888888888886,1.4,1,0,0,37.05944444444444,38.666666666666664,True,1.0,56.88277511961722,62.40682414698163,0,0.0,0.0269836748766996,0.0
916bcb49fbaa4e035208e89ecf844fc6ab5b6a6b66329baed6b9485f1a516cd8,2,2024-03-01 00:51:01,2024-03-01 01:36:33,499,0.9218436873747495,46.60120240480962,94.0,0.5,0.4194444444444435,1.5099999999999967,0,0,0,36.12861111111111,45.53333333333333,True,1.0,46.60120240480962,50.552173913043475,0,0.0,0.0,0.0
916bcb49fbaa4e035208e89ecf844fc6ab5b6a6b66329baed6b9485f1a516cd8,3,2024-03-01 02:36:48,2024-03-01 02:36:48,1,0.0,0.0,0.0,0.0,0.0,0.0,0,0,0,0.0,0.0,False,1.0,0.0,0.0,0,,,
916bcb49fbaa4e035208e89ecf844fc6ab5b6a6b66329baed6b9485f1a516cd8,4,2024-03-01 12:22:54,2024-03-01 12:25:34,31,1.0,9.935483870967742,23.5,0.41666666666666663,0.5092592592592592,1.8333333333333333,0,0,0,0.42833333333333334,2.6666666666666665,True,0.0,9.935483870967742,9.935483870967742,0,0.0,0.0,0.0
916bcb49fbaa4e035208e89ecf844fc6ab5b6a6b66329baed6b9485f1a516cd8,5,2024-03-01 13:25:50,2024-03-01 13:25:50,1,0.0,0.0,0.0,0.0,0.0,0.0,0,0,0,0.0,0.0,False,0.0,0.0,0.0,0,,,
916e6ca8ec471df7ab316eb3e923c167e35384f0bb16aa754af67862b763f84f,1,2024-03-01 00:56:30,2024-03-01 00:56:30,1,0.0,0.0,0.0,0.0,0.0,0.0,0,0,0,0.0,0.0,False,1.0,0.0,0.0,0,,,
916e6ca8ec471df7ab316eb3e923c167e35384f0bb16aa754af67862b763f84f,2,2024-03-01 15:15:20,2024-03-01 16:10:23,514,0.4727626459143969,24.31614785992218,87.0,0.4444444444444443,0.38888888888888895,1.4,0,0,0,22.06111111111111,55.05,True,0.0,24.31614785992218,51.434156378600825,0,0.0,0.0,0.0
916e6ca8ec471df7ab316eb3e923c167e35384f0bb16aa754af67862b763f84f,3,2024-03-01 17:11:18,2024-03-01 17:28:11,198,0.7474747474747475,19.28787878787879,74.0,0.6277777777777752,0.9444444444444443,3.4,0,0,0,5.554444444444444,16.883333333333333,True,0.0,19.28787878787879,25.804054054054053,0,0.0,0.0,0.0
916e6ca8ec471df7ab316eb3e923c167e35384f0bb16aa754af67862b763f84f,4,2024-03-01 18:28:01,2024-03-01 18:28:01,1,0.0,0.0,0.0,0.0,0.0,0.0,0,0,0,0.0,0.0,False,0.0,0.0,0.0,0,,,
91b27e9d2c7bfc0877715a6df2d733d547b1edc20302445ac90caadb7627e730,1,2024-03-01 00:28:05,2024-03-01 00:28:05,1,0.0,0.0,0.0,0.0,0.0,0.0,0,0,0,0.0,0.0,False,1.0,0.0,0.0,0,,,
91b27e9d2c7bfc0877715a6df2d733d547b1edc20302445ac90caadb7627e730,2,2024-03-01 01:28:44,2024-03-01 01:28:44,1,1.0,3.0,3.0,0.0,0.0,0.0,0,0,0,0.0,0.0,False,1.0,3.0,3.0,0,,,
91b27e9d2c7bfc0877715a6df2d733d547b1edc20302445ac90caadb7627e730,3,2024-03-01 05:56:45,2024-03-01 05:56:45,1,0.0,0.0,0.0,0.0,0.0,0.0,0,0,0,0.0,0.0,False,1.0,0.0,0.0,0,,,
91b27e9d2c7bfc0877715a6df2d733d547b1edc20302445ac90caadb7627e730,4,2024-03-01 07:03:49,2024-03-01 07:03:49,1,1.0,1.0,1.0,0.0,0.0,0.0,0,0,0,0.0,0.0,False,0.0,1.0,1.0,0,,,
91b27e9d2c7bfc0877715a6df2d733d547b1edc20302445ac90caadb7627e730,5,2024-03-01 08:10:56,2024-03-01 08:10:56,1,0.0,0.0,0.0,0.0,0.0,0.0,0,0,0,0.0,0.0,False,0.0,0.0,0.0,0,,,
91b27e9d2c7bfc0877715a6df2d733d547b1edc20302445ac90caadb7627e730,6,2024-03-01 09:18:02,2024-03-01 09:18:02,1,1.0,5.0,5.0,0.0,0.0,0.0,0,0,0,0.0,0.0,False,0.0,5.0,5.0,0,,,
91b27e9d2c7bfc0877715a6df2d733d547b1edc20302445ac90caadb7627e730,7,2024-03-01 09:29:26,2024-03-01 09:41:29,143,0.6713286713286714,17.314685314685313,48.0,0.8277777777777786,0.9222222222222234,3.3200000000000043,0,0,0,3.4994444444444444,12.05,True,0.0,17.314685314685313,25.791666666666668,0,0.0,0.0,0.0
91b27e9d2c7bfc0877715a6df2d733d547b1edc20302445ac90caadb7627e730,8,2024-03-01 09:47:02,2024-03-01 09:47:52,12,0.6666666666666666,12.083333333333334,40.14999999999999,0.42222222222222194,0.8541666666666665,3.0749999999999997,0,0,0,0.13194444444444442,0.8333333333333334,True,0.0,12.083333333333334,18.125,0,0.0,0.0,0.0
91b27e9d2c7bfc0877715a6df2d733d547b1edc20302445ac90caadb7627e730,9,2024-03-01 10:47:43,2024-03-01 10:47:43,1,0.0,0.0,0.0,0.0,0.0,0.0,0,0,0,0.0,0.0,False,0.0,0.0,0.0,0,,,
91b27e9d2c7bfc0877715a6df2d733d547b1edc20302445ac90caadb7627e730,10,2024-03-01 16:12:05,2024-03-01 16:12:05,1,0.0,0.0,0.0,0.0,0.0,0.0,0,0,0,0.0,0.0,False,0.0,0.0,0.0,0,,,
91b27e9d2c7bfc0877715a6df2d733d547b1edc20302445ac90caadb7627e730,11,2024-03-01 18:26:48,2024-03-01 18:29:59,37,0.4864864864864865,4.405405405405405,25.799999999999983,0.22407407407407398,0.2166666666666656,0.7799999999999961,0,0,0,0.24111111111111108,3.183333333333333,True,0.0,4.405405405405405,9.055555555555555,0,0.0,0.0,0.0
94145db01e774ff02ebff98769b3c109b84683a0a3e87de25d1761bb72d51d2f,1,2024-03-01 08:06:03,2024-03-01 08:06:03,1,0.0,0.0,0.0,0.0,0.0,0.0,0,0,0,0.0,0.0,False,0.0,0.0,0.0,0,,,
94145db01e774ff02ebff98769b3c109b84683a0a3e87de25d1761bb72d51d2f,2,2024-03-01 14:15:26,2024-03-01 14:15:26,1,0.0,0.0,0.0,0.0,0.0,0.0,0,0,0,0.0,0.0,False,0.0,0.0,0.0,0,,,
94b36aaeeffb80b68b84521b80c61f8015a6bc5b1b5759d2d967dadf1897722a,1,2024-03-01 00:24:27,2024-03-01 00:24:27,1,0.0,0.0,0.0,0.0,0.0,0.0,0,0,0,0.0,0.0,False,1.0,0.0,0.0,0,,,
94b36aaeeffb80b68b84521b80c61f8015a6bc5b1b5759d2d967dadf1897722a,2,2024-03-01 01:25:31,2024-03-01 01:25:31,1,0.0,0.0,0.0,0.0,0.0,0.0,0,0,0,0.0,0.0,False,1.0,0.0,0.0,0,,,
94b36aaeeffb80b68b84521b80c61f8015a6bc5b1b5759d2d967dadf1897722a,3,2024-03-01 03:42:56,2024-03-01 03:42:56,1,1.0,1.0,1.0,0.0,0.0,0.0,0,0,0,0.0,0.0,False,1.0,1.0,1.0,0,,,
94b36aaeeffb80b68b84521b80c61f8015a6bc5b1b5759d2d967dadf1897722a,4,2024-03-01 04:54:29,2024-03-01 04:54:29,1,0.0,0.0,0.0,0.0,0.0,0.0,0,0,0,0.0,0.0,False,1.0,0.0,0.0,0,,,
94b36aaeeffb80b68b84521b80c61f8015a6bc5b1b5759d2d967dadf1897722a,5,2024-03-01 05:32:31,2024-03-01 05:53:23,232,0.9525862068965517,82.91379310344827,146.0,0.7069444444444439,0.815972222222221,2.937499999999995,0,0,0,27.781666666666666,20.866666666666667,True,1.0,82.91379310344827,87.04072398190046,0,0.0,0.0,0.0
956d9e19bf551901d58b540107c6ec8273c96faf25e116787343ae6138cbbd23,1,2024-03-01 11:25:37,2024-03-01 11:25:37,1,0.0,0.0,0.0,0.0,0.0,0.0,0,0,0,0.0,0.0,False,0.0,0.0,0.0,0,,,
956d9e19bf551901d58b540107c6ec8273c96faf25e116787343ae6138cbbd23,2,2024-03-01 12:13:35,2024-03-01 12:36:30,216,0.8148148148148148,40.111111111111114,98.0,1.097222222222222,1.1111111111111112,4.0,0,0,0,14.45611111111111,22.916666666666668,True,0.0,40.111111111111114,49.22727272727273,0,0.0,0.0,0.0
956d9e19bf551901d58b540107c6ec8273c96faf25e116787343ae6138cbbd23,3,2024-03-01 13:36:56,2024-03-01 13:36:56,1,0.0,0.0,0.0,0.0,0.0,0.0,0,0,0,0.0,0.0,False,0.0,0.0,0.0,0,,,
956d9e19bf551901d58b540107c6ec8273c96faf25e116787343ae6138cbbd23,4,2024-03-01 18:06:37,2024-03-01 18:06:37,1,0.0,0.0,0.0,0.0,0.0,0.0,0,0,0,0.0,0.0,False,0.0,0.0,0.0,0,,,
956d9e19bf551901d58b540107c6ec8273c96faf25e116787343ae6138cbbd23,5,2024-03-01 18:21:06,2024-03-01 18:30:00,55,0.6909090909090909,18.30909090909091,46.599999999999994,0.6944444444444443,0.566666666666666,2.039999999999998,0,0,0,4.9863888888888885,8.9,True,0.0,18.30909090909091,26.5,0,0.0,0.0,0.0
9623e22a1b258efb40353e7e817c0abd9983cdfa8539088e45236654a64c7d13,1,2024-03-01 14:55:38,2024-03-01 14:55:38,1,0.0,0.0,0.0,0.0,0.0,0.0,0,0,0,0.0,0.0,False,0.0,0.0,0.0,0,,,
9623e22a1b258efb40353e7e817c0abd9983cdfa8539088e45236654a64c7d13,2,2024-03-01 15:39:31,2024-03-01 15:46:22,80,0.6125,11.6875,33.0,0.7805555555555554,0.6680555555555554,2.405,0,0,0,1.3497222222222223,6.85,True,0.0,11.6875,19.081632653061224,0,0.0,0.0,0.0
9623e22a1b258efb40353e7e817c0abd9983cdfa8539088e45236654a64c7d13,3,2024-03-01 15:58:50,2024-03-01 16:04:59,65,0.5846153846153846,18.184615384615384,61.8,0.5444444444444443,0.5666666666666661,2.039999999999998,0,0,0,1.74,6.15,True,0.0,18.184615384615384,31.105263157894736,0,0.0,0.0,0.0
9623e22a1b258efb40353e7e817c0abd9983cdfa8539088e45236654a64c7d13,4,2024-03-01 16:10:21,2024-03-01 16:31:16,225,0.6222222222222222,27.133333333333333,66.0,0.5,0.6777777777777763,2.439999999999995,0,0,0,9.256944444444443,20.916666666666668,True,0.0,27.133333333333333,43.607142857142854,0,0.0,0.0,0.0
9623e22a1b258efb40353e7e817c0abd9983cdfa8539088e45236654a64c7d13,5,2024-03-01 16:58:49,2024-03-01 17:01:14,18,0.9444444444444444,31.77777777777778,46.74999999999999,0.49444444444444385,0.4291666666666666,1.5449999999999995,0,0,0,0.7972222222222222,2.4166666666666665,True,0.0,31.77777777777778,33.64705882352941,0,0.0,0.0,0.0
9623e22a1b258efb40353e7e817c0abd9983cdfa8539088e45236654a64c7d13,6,2024-03-01 17:52:14,2024-03-01 17:56:15,32,0.03125,0.03125,0.0,0.0,0.0,0.0,0,0,0,0.001388888888888889,4.016666666666667,False,0.0,0.03125,1.0,0,0.0,0.0,0.0
9623e22a1b258efb40353e7e817c0abd9983cdfa8539088e45236654a64c7d13,7,2024-03-01 18:10:58,2024-03-01 18:14:20,39,0.6923076923076923,12.538461538461538,31.0,0.27777777777777773,0.3601851851851856,1.296666666666668,0,0,0,0.6755555555555556,3.3666666666666667,True,0.0,12.538461538461538,18.11111111111111,0,0.0,0.0,0.0
96ffdf752eb238c84259a37b96a85265b2b067911e1189d6c98344b91e3de33b,1,2024-03-01 09:34:25,2024-03-01 09:34:25,1,0.0,0.0,0.0,0.0,0.0,0.0,0,0,0,0.0,0.0,False,0.0,0.0,0.0,0,,,
96ffdf752eb238c84259a37b96a85265b2b067911e1189d6c98344b91e3de33b,2,2024-03-01 10:46:10,2024-03-01 10:48:27,2,0.0,0.0,0.0,0.0,0.0,0.0,0,0,0,0.0,2.283333333333333,False,0.0,0.0,0.0,0,,,
96ffdf752eb238c84259a37b96a85265b2b067911e1189d6c98344b91e3de33b,3,2024-03-01 10:55:53,2024-03-01 11:17:29,252,0.9246031746031746,39.54761904761905,83.0,0.9444444444444443,1.0499999999999987,3.7799999999999954,0,0,0,14.493888888888886,21.6,True,0.0,39.54761904761905,42.772532188841204,0,0.0,0.0,0.0
96ffdf752eb238c84259a37b96a85265b2b067911e1189d6c98344b91e3de33b,4,2024-03-01 11:28:31,2024-03-01 11:40:37,134,0.7761194029850746,25.791044776119403,75.69999999999999,0.8722222222222215,0.8657407407407403,3.116666666666665,0,0,0,4.8022222222222215,12.1,True,0.0,25.791044776119403,33.23076923076923,0,0.0,0.0,0.0
96ffdf752eb238c84259a37b96a85265b2b067911e1189d6c98344b91e3de33b,5,2024-03-01 12:04:17,2024-03-01 12:24:43,193,0.8290155440414507,34.61658031088083,79.0,0.7222222222222221,0.8055555555555542,2.8999999999999964,0,0,0,11.435555555555554,20.433333333333334,True,0.0,34.61658031088083,41.75625,0,0.0,0.0,0.0
96ffdf752eb238c84259a37b96a85265b2b067911e1189d6c98344b91e3de33b,6,2024-03-01 13:24:52,2024-03-01 13:24:52,1,0.0,0.0,0.0,0.0,0.0,0.0,0,0,0,0.0,0.0,False,0.0,0.0,0.0,0,,,
96ffdf752eb238c84259a37b96a85265b2b067911e1189d6c98344b91e3de33b,7,2024-03-01 14:28:00,2024-03-01 14:28:00,1,0.0,0.0,0.0,0.0,0.0,0.0,0,0,0,0.0,0.0,False,0.0,0.0,0.0,0,,,
96ffdf752eb238c84259a37b96a85265b2b067911e1189d6c98344b91e3de33b,8,2024-03-01 14:56:21,2024-03-01 15:18:51,250,0.924,41.672,79.0,1.0861111111111101,1.333333333333333,4.8,1,0,0,15.105277777777777,22.5,True,0.0,41.672,45.099567099567096,0,0.0,0.06620202651758951,0.0
96ffdf752eb238c84259a37b96a85265b2b067911e1189d6c98344b91e3de33b,9,2024-03-01 15:32:09,2024-03-01 15:32:09,1,0.0,0.0,0.0,0.0,0.0,0.0,0,0,0,0.0,0.0,False,0.0,0.0,0.0,0,,,
96ffdf752eb238c84259a37b96a85265b2b067911e1189d6c98344b91e3de33b,10,2024-03-01 15:52:18,2024-03-01 16:22:34,285,0.6912280701754386,14.073684210526316,65.60000000000002,0.8194444444444453,0.635185185185187,2.286666666666673,0,1,0,6.222777777777777,30.266666666666666,True,0.0,14.073684210526316,20.360406091370557,0,0.16069993750557987,0.0,0.0
96ffdf752eb238c84259a37b96a85265b2b067911e1189d6c98344b91e3de33b,11,2024-03-01 16:56:17,2024-03-01 16:57:10,12,0.8333333333333334,12.583333333333334,27.699999999999996,1.2965277777777777,0.958333333333333,3.4499999999999993,0,0,0,0.19555555555555554,0.8833333333333333,True,0.0,12.583333333333334,15.1,0,0.0,0.0,0.0
96ffdf752eb238c84259a37b96a85265b2b067911e1189d6c98344b91e3de33b,12,2024-03-01 17:02:27,2024-03-01 17:17:21,164,0.7682926829268293,14.902439024390244,47.69999999999999,0.7060185185185173,0.6944444444444443,2.5,0,0,0,3.3574999999999995,14.9,True,0.0,14.902439024390244,19.396825396825395,0,0.0,0.0,0.0
96ffdf752eb238c84259a37b96a85265b2b067911e1189d6c98344b91e3de33b,13,2024-03-01 18:09:38,2024-03-01 18:23:40,171,0.7485380116959064,20.444444444444443,62.5,1.1111111111111112,1.1388888888888888,4.1,0,0,0,4.884722222222223,14.033333333333333,True,0.0,20.444444444444443,27.3125,0,0.0,0.0,0.0
97fbc8244028e9d9e18081c238c8290e4e9cefb9976f67b989f5db5a3a4f6fb8,1,2024-03-01 01:01:55,2024-03-01 01:01:55,1,1.0,1.0,1.0,0.0,0.0,0.0,0,0,0,0.0,0.0,False,1.0,1.0,1.0,0,,,
97fbc8244028e9d9e18081c238c8290e4e9cefb9976f67b989f5db5a3a4f6fb8,2,2024-03-01 06:51:07,2024-03-01 06:51:07,1,1.0,1.0,1.0,0.0,0.0,0.0,0,0,0,0.0,0.0,False,0.0,1.0,1.0,0,,,
97fbc8244028e9d9e18081c238c8290e4e9cefb9976f67b989f5db5a3a4f6fb8,3,2024-03-01 09:13:24,2024-03-01 09:13:24,1,0.0,0.0,0.0,0.0,0.0,0.0,0,0,0,0.0,0.0,False,0.0,0.0,0.0,0,,,
97fbc8244028e9d9e18081c238c8290e4e9cefb9976f67b989f5db5a3a4f6fb8,4,2024-03-01 09:41:58,2024-03-01 10:17:41,407,0.8476658476658476,38.83292383292383,77.0,0.977777777777777,0.9148148148148144,3.293333333333332,0,0,0,23.549166666666665,35.71666666666667,True,0.0,38.83292383292383,45.81159420289855,0,0.0,0.0,0.0
97fbc8244028e9d9e18081c238c8290e4e9cefb9976f67b989f5db5a3a4f6fb8,5,2024-03-01 11:38:59,2024-03-01 11:39:40,2,0.0,0.0,0.0,0.0,0.0,0.0,0,0,0,0.0,0.6833333333333333,False,0.0,0.0,0.0,0,,,
97fbc8244028e9d9e18081c238c8290e4e9cefb9976f67b989f5db5a3a4f6fb8,6,2024-03-01 12:39:51,2024-03-01 12:52:37,131,0.916030534351145,54.83969465648855,87.5,0.6388888888888888,0.4444444444444444,1.6,0,0,0,11.54,12.766666666666667,True,0.0,54.83969465648855,59.86666666666667,0,0.0,0.0,0.0
97fbc8244028e9d9e18081c238c8290e4e9cefb9976f67b989f5db5a3a4f6fb8,7,2024-03-01 13:52:59,2024-03-01 13:52:59,1,0.0,0.0,0.0,0.0,0.0,0.0,0,0,0,0.0,0.0,False,0.0,0.0,0.0,0,,,
97fbc8244028e9d9e18081c238c8290e4e9cefb9976f67b989f5db5a3a4f6fb8,8,2024-03-01 14:15:33,2024-03-01 14:17:09,19,0.10526315789473684,0.10526315789473684,1.0,0.04722222222222221,0.05555555555555556,0.2,0,0,0,0.0030555555555555553,1.6,False,0.0,0.10526315789473684,1.0,0,0.0,0.0,0.0
97fbc8244028e9d9e18081c238c8290e4e9cefb9976f67b989f5db5a3a4f6fb8,9,2024-03-01 15:18:16,2024-03-01 15:18:16,1,0.0,0.0,0.0,0.0,0.0,0.0,0,0,0,0.0,0.0,False,0.0,0.0,0.0,0,,,
97fbc8244028e9d9e18081c238c8290e4e9cefb9976f67b989f5db5a3a4f6fb8,10,2024-03-01 15:53:00,2024-03-01 16:14:10,187,0.8663101604278075,42.00534759358289,81.0,0.541666666666666,0.4444444444444443,1.6,0,0,0,12.381944444444441,21.166666666666668,True,0.0,42.00534759358289,48.48765432098765,0,0.0,0.0,0.0
97fbc8244028e9d9e18081c238c8290e4e9cefb9976f67b989f5db5a3a4f6fb8,11,2024-03-01 16:22:41,2024-03-01 16:25:32,29,0.7241379310344828,19.96551724137931,58.199999999999996,0.922222222222222,0.5666666666666664,2.039999999999999,0,0,0,0.8897222222222222,2.85,True,0.0,19.96551724137931,27.571428571428573,0,0.0,0.0,0.0
97fbc8244028e9d9e18081c238c8290e4e9cefb9976f67b989f5db5a3a4f6fb8,12,2024-03-01 17:25:58,2024-03-01 17:25:58,1,0.0,0.0,0.0,0.0,0.0,0.0,0,0,0,0.0,0.0,False,0.0,0.0,0.0,0,,,
97fbc8244028e9d9e18081c238c8290e4e9cefb9976f67b989f5db5a3a4f6fb8,13,2024-03-01 18:22:04,2024-03-01 18:30:03,93,0.6129032258064516,11.96774193548387,50.39999999999999,0.7833333333333325,0.9333333333333331,3.3599999999999994,0,0,0,1.614722222222222,7.983333333333333,True,0.0,11.96774193548387,19.526315789473685,0,0.0,0.0,0.0
98af9c27b78fc88e1b77fc1677ade929da0e3925ae4c63daf0d6362c72cd1767,1,2024-03-01 00:04:35,2024-03-01 00:19:51,172,0.7151162790697675,43.616279069767444,92.89999999999998,0.6361111111111103,0.4694444444444437,1.6899999999999977,0,0,0,11.163055555555555,15.266666666666667,True,1.0,43.616279069767444,60.99186991869919,0,0.0,0.0,0.0
98af9c27b78fc88e1b77fc1677ade929da0e3925ae4c63daf0d6362c72cd1767,2,2024-03-01 01:19:58,2024-03-01 01:19:58,1,0.0,0.0,0.0,0.0,0.0,0.0,0,0,0,0.0,0.0,False,1.0,0.0,0.0,0,,,
98af9c27b78fc88e1b77fc1677ade929da0e3925ae4c63daf0d6362c72cd1767,3,2024-03-01 07:02:20,2024-03-01 07:02:20,1,0.0,0.0,0.0,0.0,0.0,0.0,0,0,0,0.0,0.0,False,0.0,0.0,0.0,0,,,
98af9c27b78fc88e1b77fc1677ade929da0e3925ae4c63daf0d6362c72cd1767,4,2024-03-01 09:25:43,2024-03-01 09:25:43,1,0.0,0.0,0.0,0.0,0.0,0.0,0,0,0,0.0,0.0,False,0.0,0.0,0.0,0,,,
98af9c27b78fc88e1b77fc1677ade929da0e3925ae4c63daf0d6362c72cd1767,5,2024-03-01 09:45:01,2024-03-01 10:02:07,140,0.9357142857142857,56.285714285714285,105.0,0.6129629629629623,0.7231481481481478,2.603333333333332,0,0,0,12.142777777777777,17.1,True,0.0,56.285714285714285,60.152671755725194,0,0.0,0.0,0.0
98af9c27b78fc88e1b77fc1677ade929da0e3925ae4c63daf0d6362c72cd1767,6,2024-03-01 11:02:16,2024-03-01 11:02:16,1,0.0,0.0,0.0,0.0,0.0,0.0,0,0,0,0.0,0.0,False,0.0,0.0,0.0,0,,,
98af9c27b78fc88e1b77fc1677ade929da0e3925ae4c63daf0d6362c72cd1767,7,2024-03-01 15:30:20,2024-03-01 15:32:36,2,0.0,0.0,0.0,0.0,0.0,0.0,0,0,0,0.0,2.2666666666666666,False,0.0,0.0,0.0,0,,,
98af9c27b78fc88e1b77fc1677ade929da0e3925ae4c63daf0d6362c72cd1767,8,2024-03-01 16:23:49,2024-03-01 16:29:41,72,0.75,21.319444444444443,55.0,0.8583333333333335,0.897222222222223,3.230000000000004,0,0,0,2.0888888888888886,5.866666666666666,True,0.0,21.319444444444443,28.425925925925927,0,0.0,0.0,0.0
98af9c27b78fc88e1b77fc1677ade929da0e3925ae4c63daf0d6362c72cd1767,9,2024-03-01 16:39:20,2024-03-01 16:39:20,1,0.0,0.0,0.0,0.0,0.0,0.0,0,0,0,0.0,0.0,False,0.0,0.0,0.0,0,,,
98af9c27b78fc88e1b77fc1677ade929da0e3925ae4c63daf0d6362c72cd1767,10,2024-03-01 16:53:25,2024-03-01 16:58:20,28,0.9642857142857143,22.535714285714285,49.24999999999999,0.41666666666666685,0.7958333333333325,2.864999999999997,0,0,0,0.8174999999999999,4.916666666666667,True,0.0,22.535714285714285,23.37037037037037,0,0.0,0.0,0.0
98af9c27b78fc88e1b77fc1677ade929da0e3925ae4c63daf0d6362c72cd1767,11,2024-03-01 18:09:02,2024-03-01 18:09:02,1,0.0,0.0,0.0,0.0,0.0,0.0,0,0,0,0.0,0.0,False,0.0,0.0,0.0,0,,,
98dca32bcd1bfb24a1ad66fe0f0682b7a69d495ad57ef61665b0ae4f5b735bf3,1,2024-03-01 09:20:04,2024-03-01 09:51:20,357,1.0,66.8515406162465,96.0,0.5018518518518518,0.6111111111111108,2.2,0,0,0,35.18333333333333,31.266666666666666,True,0.0,66.8515406162465,66.8515406162465,0,0.0,0.0,0.0
997eec0f6932738ae2898a013029fbfbbf296ea6993f0b14000cdb6bfe7f8ea3,1,2024-03-01 16:35:35,2024-03-01 16:48:01,134,0.7238805970149254,19.074626865671643,51.0,0.8333333333333334,0.8722222222222216,3.139999999999998,0,0,0,3.674166666666666,12.433333333333334,True,0.0,19.074626865671643,26.350515463917525,0,0.0,0.0,0.0
997eec0f6932738ae2898a013029fbfbbf296ea6993f0b14000cdb6bfe7f8ea3,2,2024-03-01 17:32:22,2024-03-01 17:47:57,168,0.5476190476190477,15.952380952380953,51.0,0.7222222222222222,0.8171296296296299,2.9416666666666678,0,0,0,3.898333333333333,15.583333333333334,True,0.0,15.952380952380953,29.130434782608695,0,0.0,0.0,0.0
9a1afdb14b001d89247c039281eb03deefc770f84abd38afef1fa39f75f1b262,1,2024-03-01 08:17:03,2024-03-01 08:34:48,213,0.7981220657276995,29.781690140845072,77.79999999999995,1.133333333333332,1.1111111111111112,4.0,0,0,0,8.664444444444445,17.75,True,0.0,29.781690140845072,37.31470588235294,0,0.0,0.0,0.0
9a1afdb14b001d89247c039281eb03deefc770f84abd38afef1fa39f75f1b262,2,2024-03-01 08:40:19,2024-03-01 09:00:02,188,0.8776595744680851,27.3031914893617,64.60000000000002,0.9444444444444444,0.9611111111111118,3.4600000000000026,0,0,0,7.376944444444445,19.716666666666665,True,0.0,27.3031914893617,31.10909090909091,0,0.0,0.0,0.0
9a1afdb14b001d89247c039281eb03deefc770f84abd38afef1fa39f75f1b262,3,2024-03-01 16:51:38,2024-03-01 16:51:59,5,0.0,0.0,0.0,0.0,-0.0,-0.0,0,0,0,0.0,0.35,False,0.0,0.0,0.0,0,,,
9a1afdb14b001d89247c039281eb03deefc770f84abd38afef1fa39f75f1b262,4,2024-03-01 16:58:35,2024-03-01 17:01:10,26,0.9615384615384616,14.307692307692308,37.0,0.5856481481481481,0.4930555555555555,1.775,0,0,0,0.5430555555555555,2.5833333333333335,True,0.0,14.307692307692308,14.88,0,0.0,0.0,0.0
9a1afdb14b001d89247c039281eb03deefc770f84abd38afef1fa39f75f1b262,5,2024-03-01 18:20:35,2024-03-01 18:21:06,7,0.8571428571428571,9.142857142857142,20.799999999999997,0.12962962962962946,0.49444444444444413,1.7799999999999991,0,0,0,0.07138888888888889,0.5166666666666667,True,0.0,9.142857142857142,10.666666666666666,0,0.0,0.0,0.0
9a9a4ef67fd5c325bef257f9e752b28025bf5bd0511ede5b37ad587227d5eed8,1,2024-03-01 00:05:29,2024-03-01 00:05:29,1,0.0,0.0,0.0,0.0,0.0,0.0,0,0,0,0.0,0.0,False,1.0,0.0,0.0,0,,,
9a9a4ef67fd5c325bef257f9e752b28025bf5bd0511ede5b37ad587227d5eed8,2,2024-03-01 02:23:09,2024-03-01 02:23:09,1,1.0,1.0,1.0,0.0,0.0,0.0,0,0,0,0.0,0.0,False,1.0,1.0,1.0,0,,,
9a9a4ef67fd5c325bef257f9e752b28025bf5bd0511ede5b37ad587227d5eed8,3,2024-03-01 04:41:02,2024-03-01 04:43:20,2,0.0,0.0,0.0,0.0,0.0,0.0,0,0,0,0.0,2.3,False,1.0,0.0,0.0,0,,,
9a9a4ef67fd5c325bef257f9e752b28025bf5bd0511ede5b37ad587227d5eed8,4,2024-03-01 05:10:31,2024-03-01 05:40:48,361,0.9196675900277008,44.48199445983379,103.0,0.888888888888889,0.9444444444444443,3.4,0,2,0,22.953055555555554,30.283333333333335,True,1.0,44.48199445983379,48.36746987951807,0,0.08713436845735863,0.0,0.0
9a9a4ef67fd5c325bef257f9e752b28025bf5bd0511ede5b37ad587227d5eed8,5,2024-03-01 06:08:59,2024-03-01 07:03:43,651,0.717357910906298,22.362519201228878,64.0,0.888888888888889,0.9166666666666666,3.3,2,0,0,20.60833333333333,54.733333333333334,True,0.0,22.362519201228878,31.173447537473233,0,0.0,0.09704811969268097,0.0
9a9a4ef67fd5c325bef257f9e752b28025bf5bd0511ede5b37ad587227d5eed8,6,2024-03-01 08:03:57,2024-03-01 08:03:57,1,0.0,0.0,0.0,0.0,0.0,0.0,0,0,0,0.0,0.0,False,0.0,0.0,0.0,0,,,
9a9a4ef67fd5c325bef257f9e752b28025bf5bd0511ede5b37ad587227d5eed8,7,2024-03-01 08:37:15,2024-03-01 08:39:06,12,0.5,1.1666666666666667,3.8999999999999986,0.15555555555555542,0.1111111111111111,0.4,0,0,0,0.02027777777777778,1.85,True,0.0,1.1666666666666667,2.3333333333333335,0,0.0,0.0,0.0
9b2c630647d74a0450384c5faa4f141710ba0d45f6be34539c20549b9c7cf038,1,2024-03-01 03:56:23,2024-03-01 03:56:23,1,0.0,0.0,0.0,0.0,0.0,0.0,0,0,0,0.0,0.0,False,1.0,0.0,0.0,0,,,
9b2c630647d74a0450384c5faa4f141710ba0d45f6be34539c20549b9c7cf038,2,2024-03-01 06:25:36,2024-03-01 06:25:36,1,1.0,5.0,5.0,0.0,0.0,0.0,0,0,0,0.0,0.0,False,0.0,5.0,5.0,0,,,
9b2c630647d74a0450384c5faa4f141710ba0d45f6be34539c20549b9c7cf038,3,2024-03-01 07:40:22,2024-03-01 07:40:22,1,0.0,0.0,0.0,0.0,0.0,0.0,0,0,0,0.0,0.0,False,0.0,0.0,0.0,0,,,
9b2c630647d74a0450384c5faa4f141710ba0d45f6be34539c20549b9c7cf038,4,2024-03-01 08:55:12,2024-03-01 08:55:12,1,0.0,0.0,0.0,0.0,0.0,0.0,0,0,0,0.0,0.0,False,0.0,0.0,0.0,0,,,
9b2c630647d74a0450384c5faa4f141710ba0d45f6be34539c20549b9c7cf038,5,2024-03-01 10:12:18,2024-03-01 10:12:18,1,0.0,0.0,0.0,0.0,0.0,0.0,0,0,0,0.0,0.0,False,0.0,0.0,0.0,0,,,
9b2c630647d74a0450384c5faa4f141710ba0d45f6be34539c20549b9c7cf038,6,2024-03-01 10:28:29,2024-03-01 10:39:03,111,0.8198198198198198,44.7027027027027,105.0,0.8333333333333335,1.1944444444444442,4.300000000000001,0,0,0,8.827222222222222,10.566666666666666,True,0.0,44.7027027027027,54.527472527472526,0,0.0,0.0,0.0
9b2c630647d74a0450384c5faa4f141710ba0d45f6be34539c20549b9c7cf038,7,2024-03-01 10:46:03,2024-03-01 10:58:17,116,0.6896551724137931,21.336206896551722,56.5,1.2083333333333333,1.3055555555555554,4.7,0,0,0,4.397777777777778,12.233333333333333,True,0.0,21.336206896551722,30.9375,0,0.0,0.0,0.0
9b2c630647d74a0450384c5faa4f141710ba0d45f6be34539c20549b9c7cf038,8,2024-03-01 11:04:04,2024-03-01 11:05:13,16,1.0,18.1875,31.5,0.8888888888888888,1.6666666666666665,6.0,0,0,0,0.3775,1.15,True,0.0,18.1875,18.1875,0,0.0,0.0,0.0
9b2c630647d74a0450384c5faa4f141710ba0d45f6be34539c20549b9c7cf038,9,2024-03-01 11:37:16,2024-03-01 11:45:21,94,0.7978723404255319,13.797872340425531,31.0,0.6018518518518517,0.5416666666666661,1.949999999999998,0,0,0,1.9025,8.083333333333334,True,0.0,13.797872340425531,17.293333333333333,0,0.0,0.0,0.0
9b2c630647d74a0450384c5faa4f141710ba0d45f6be34539c20549b9c7cf038,10,2024-03-01 11:52:17,2024-03-01 11:53:47,19,0.3684210526315789,8.842105263157896,32.29999999999997,0.7777777777777753,0.7499999999999979,2.699999999999992,0,0,0,0.21166666666666667,1.5,True,0.0,8.842105263157896,24.0,0,0.0,0.0,0.0
9b2c630647d74a0450384c5faa4f141710ba0d45f6be34539c20549b9c7cf038,11,2024-03-01 11:59:41,2024-03-01 12:44:35,491,0.6863543788187373,17.90835030549898,53.0,0.8564814814814814,0.8333333333333333,3.0,0,1,0,12.449166666666667,44.9,True,0.0,17.90835030549898,26.0919881305638,0,0.08032666175781511,0.0,0.0
9b2c630647d74a0450384c5faa4f141710ba0d45f6be34539c20549b9c7cf038,12,2024-03-01 13:18:50,2024-03-01 13:35:27,189,0.7195767195767195,13.65079365079365,37.0,0.7962962962962957,0.722222222222222,2.5999999999999988,0,0,0,3.7608333333333333,16.616666666666667,True,0.0,13.65079365079365,18.970588235294116,0,0.0,0.0,0.0
9b2c630647d74a0450384c5faa4f141710ba0d45f6be34539c20549b9c7cf038,13,2024-03-01 13:52:24,2024-03-01 13:53:49,16,0.6875,2.3125,8.0,0.25,0.1111111111111111,0.4,0,0,0,0.059444444444444446,1.4166666666666667,True,0.0,2.3125,3.3636363636363638,0,0.0,0.0,0.0
9b2c630647d74a0450384c5faa4f141710ba0d45f6be34539c20549b9c7cf038,14,2024-03-01 14:54:54,2024-03-01 14:54:54,1,0.0,0.0,0.0,0.0,0.0,0.0,0,0,0,0.0,0.0,False,0.0,0.0,0.0,0,,,
9b2c630647d74a0450384c5faa4f141710ba0d45f6be34539c20549b9c7cf038,15,2024-03-01 15:44:59,2024-03-01 15:45:39,2,0.0,0.0,0.0,0.0,0.0,0.0,0,0,0,0.0,0.6666666666666666,False,0.0,0.0,0.0,0,,,
9b32e0a0c57477499410d08198b9716013632bcb5bbde12baa991e722ed78af2,1,2024-03-01 00:00:05,2024-03-01 08:30:57,5668,0.0,0.0,0.0,0.0,-0.0,-0.0,0,0,0,0.0,510.8666666666667,False,0.7041284403669725,0.0,0.0,0,,,
9b32e0a0c57477499410d08198b9716013632bcb5bbde12baa991e722ed78af2,2,2024-03-01 09:17:01,2024-03-01 10:31:14,822,0.0,0.0,0.0,0.0,-0.0,-0.0,0,0,0,0.0,74.21666666666667,False,0.0,0.0,0.0,0,,,
9b32e0a0c57477499410d08198b9716013632bcb5bbde12baa991e722ed78af2,3,2024-03-01 11:11:01,2024-03-01 12:01:08,487,0.5605749486652978,51.84394250513347,126.09999999999997,0.5555555555555556,0.40833333333333305,1.4699999999999989,1,0,0,49.35111111111111,50.11666666666667,True,0.0,51.84394250513347,92.48351648351648,0,0.0,0.020262968299711817,0.0
9b32e0a0c57477499410d08198b9716013632bcb5bbde12baa991e722ed78af2,4,2024-03-01 13:31:01,2024-03-01 14:40:51,736,0.010869565217391304,0.10597826086956522,0.0,0.0,0.0,0.0,1,0,0,0.11416666666666665,69.83333333333333,False,0.0,0.10597826086956522,9.75,0,0.0,8.759124087591243,0.0
9b32e0a0c57477499410d08198b9716013632bcb5bbde12baa991e722ed78af2,5,2024-03-01 14:47:15,2024-03-01 16:17:14,987,0.0,0.0,0.0,0.0,-0.0,-0.0,0,0,0,0.0,89.98333333333333,False,0.0,0.0,0.0,0,,,
9b32e0a0c57477499410d08198b9716013632bcb5bbde12baa991e722ed78af2,6,2024-03-01 16:34:25,2024-03-01 18:30:00,1255,0.8310756972111554,62.36254980079681,153.0,0.9097222222222209,1.0296296296296281,3.7066666666666603,2,2,0,126.28555555555555,115.58333333333333,True,0.0,62.36254980079681,75.03835091083413,0,0.015837123978285544,0.015837123978285544,0.0
9b3e06d66b0fe44028e90213d7cab3b732c2f63467cc1122f7ce151d4227000d,1,2024-03-01 15:35:16,2024-03-01 15:35:37,5,0.0,0.0,0.0,0.0,-0.0,-0.0,0,0,0,0.0,0.35,False,0.0,0.0,0.0,0,,,
9bb52cb77101707aaae6fb733697ff6623a8fb7c5c0d43d05c7ab97844ee6ccf,1,2024-03-01 06:39:39,2024-03-01 06:39:39,1,0.0,0.0,0.0,0.0,0.0,0.0,0,0,0,0.0,0.0,False,0.0,0.0,0.0,0,,,
9bd76ae71bcef5fa9fe1901804f3f0a578201d26fa2dc438a1087c05c12b4330,1,2024-03-01 07:45:52,2024-03-01 08:33:09,518,0.8127413127413128,17.66988416988417,48.0,0.611111111111111,0.7222222222222221,2.6,0,0,0,13.7075,47.28333333333333,True,0.0,17.66988416988417,21.741092636579573,0,0.0,0.0,0.0
9bd76ae71bcef5fa9fe1901804f3f0a578201d26fa2dc438a1087c05c12b4330,2,2024-03-01 13:26:18,2024-03-01 13:29:23,35,0.7428571428571429,17.714285714285715,40.599999999999994,0.7555555555555551,1.1768518518518516,4.236666666666666,0,0,0,0.9311111111111111,3.0833333333333335,True,0.0,17.714285714285715,23.846153846153847,0,0.0,0.0,0.0
9bd76ae71bcef5fa9fe1901804f3f0a578201d26fa2dc438a1087c05c12b4330,3,2024-03-01 13:34:55,2024-03-01 13:46:15,96,0.8125,20.416666666666668,55.0,0.8159722222222221,0.673611111111111,2.425,0,0,0,2.8580555555555556,11.333333333333334,True,0.0,20.416666666666668,25.128205128205128,0,0.0,0.0,0.0
9bd76ae71bcef5fa9fe1901804f3f0a578201d26fa2dc438a1087c05c12b4330,4,2024-03-01 14:07:55,2024-03-01 14:26:09,198,0.9343434343434344,28.156565656565657,62.59999999999991,0.611111111111111,0.7222222222222221,2.6,0,0,0,8.103333333333333,18.233333333333334,True,0.0,28.156565656565657,30.135135135135137,0,0.0,0.0,0.0
9bd76ae71bcef5fa9fe1901804f3f0a578201d26fa2dc438a1087c05c12b4330,5,2024-03-01 14:55:45,2024-03-01 15:00:55,60,0.5666666666666667,7.983333333333333,24.049999999999997,0.5578703703703702,0.5171296296296292,1.861666666666665,0,0,0,0.6977777777777778,5.166666666666667,True,0.0,7.983333333333333,14.088235294117647,0,0.0,0.0,0.0
9bd76ae71bcef5fa9fe1901804f3f0a578201d26fa2dc438a1087c05c12b4330,6,2024-03-01 15:12:35,2024-03-01 15:41:38,304,0.9506578947368421,28.94407894736842,72.0,0.5555555555555556,0.5486111111111095,1.9749999999999943,0,0,0,13.544444444444444,29.05,True,0.0,28.94407894736842,30.44636678200692,0,0.0,0.0,0.0
9bd76ae71bcef5fa9fe1901804f3f0a578201d26fa2dc438a1087c05c12b4330,7,2024-03-01 17:27:40,2024-03-01 17:27:40,1,0.0,0.0,0.0,0.0,0.0,0.0,0,0,0,0.0,0.0,False,0.0,0.0,0.0,0,,,
9bd76ae71bcef5fa9fe1901804f3f0a578201d26fa2dc438a1087c05c12b4330,8,2024-03-01 17:44:37,2024-03-01 17:44:42,2,0.0,0.0,0.0,0.0,0.0,0.0,0,0,0,0.0,0.08333333333333333,False,0.0,0.0,0.0,0,,,
9d0df91af2155932f19196487e1ce09b2d5ef84fd9072e9e14ac608dd348e00e,1,2024-03-01 12:00:27,2024-03-01 12:02:02,20,0.7,9.15,20.200000000000003,0.8912037037037038,0.6152777777777778,2.2150000000000003,0,0,0,0.24055555555555552,1.5833333333333333,True,0.0,9.15,13.071428571428571,0,0.0,0.0,0.0
9d0df91af2155932f19196487e1ce09b2d5ef84fd9072e9e14ac608dd348e00e,2,2024-03-01 12:09:35,2024-03-01 12:12:37,26,0.6923076923076923,19.03846153846154,42.0,0.9652777777777779,0.6805555555555554,2.45,0,0,0,0.6791666666666666,3.033333333333333,True,0.0,19.03846153846154,27.5,0,0.0,0.0,0.0
9d0df91af2155932f19196487e1ce09b2d5ef84fd9072e9e14ac608dd348e00e,3,2024-03-01 12:41:59,2024-03-01 12:52:14,102,0.803921568627451,17.166666666666668,41.89999999999998,1.2458333333333325,0.970833333333333,3.4949999999999988,0,0,0,2.3716666666666666,10.25,True,0.0,17.166666666666668,21.353658536585368,0,0.0,0.0,0.0
9d0df91af2155932f19196487e1ce09b2d5ef84fd9072e9e14ac608dd348e00e,4,2024-03-01 13:52:13,2024-03-01 13:52:13,1,0.0,0.0,0.0,0.0,0.0,0.0,0,0,0,0.0,0.0,False,0.0,0.0,0.0,0,,,
9d0df91af2155932f19196487e1ce09b2d5ef84fd9072e9e14ac608dd348e00e,5,2024-03-01 15:17:08,2024-03-01 15:20:16,11,0.18181818181818182,0.7272727272727273,4.0,0.19444444444444445,0.1412037037037037,0.5083333333333333,0,0,0,0.011388888888888888,3.1333333333333333,False,0.0,0.7272727272727273,4.0,0,0.0,0.0,0.0
9d0df91af2155932f19196487e1ce09b2d5ef84fd9072e9e14ac608dd348e00e,6,2024-03-01 15:43:58,2024-03-01 15:45:56,13,0.6923076923076923,18.153846153846153,34.99999999999999,0.2629629629629628,0.8999999999999997,3.2399999999999993,0,0,0,0.2916666666666667,1.9666666666666666,True,0.0,18.153846153846153,26.22222222222222,0,0.0,0.0,0.0
9d0df91af2155932f19196487e1ce09b2d5ef84fd9072e9e14ac608dd348e00e,7,2024-03-01 17:13:02,2024-03-01 18:04:43,462,0.7640692640692641,16.64069264069264,42.0,0.7208333333333329,0.7222222222222222,2.6,1,0,0,13.124444444444446,51.68333333333333,True,0.0,16.64069264069264,21.77903682719547,0,0.0,0.07619370132069081,0.0
9d3e95b0d8ca9bb914b9a6672d8d1cc9a36389088d11be0b3c321fdfc3d7bad7,1,2024-03-01 07:38:56,2024-03-01 08:16:17,392,0.8316326530612245,24.446428571428573,64.0,0.8333333333333333,0.934259259259259,3.3633333333333324,0,0,0,15.58388888888889,37.35,True,0.0,24.446428571428573,29.395705521472394,0,0.0,0.0,0.0
9d3e95b0d8ca9bb914b9a6672d8d1cc9a36389088d11be0b3c321fdfc3d7bad7,2,2024-03-01 14:00:03,2024-03-01 14:03:43,32,0.6875,7.875,24.45,0.5944444444444441,0.6560185185185184,2.3616666666666664,0,0,0,0.36527777777777776,3.6666666666666665,True,0.0,7.875,11.454545454545455,0,0.0,0.0,0.0
9d3e95b0d8ca9bb914b9a6672d8d1cc9a36389088d11be0b3c321fdfc3d7bad7,3,2024-03-01 14:25:01,2024-03-01 14:28:03,29,0.7241379310344828,12.931034482758621,27.0,1.1666666666666654,1.0666666666666664,3.839999999999999,0,0,0,0.5016666666666666,3.033333333333333,True,0.0,12.931034482758621,17.857142857142858,0,0.0,0.0,0.0
9d3e95b0d8ca9bb914b9a6672d8d1cc9a36389088d11be0b3c321fdfc3d7bad7,4,2024-03-01 15:10:08,2024-03-01 16:36:10,932,0.5590128755364807,23.473175965665234,81.0,0.5,0.5555555555555556,2.0,0,2,0,32.33027777777778,86.03333333333333,True,0.0,23.473175965665234,41.990403071017276,0,0.06186151612265763,0.0,0.0
9d3e95b0d8ca9bb914b9a6672d8d1cc9a36389088d11be0b3c321fdfc3d7bad7,5,2024-03-01 17:53:38,2024-03-01 17:53:38,1,0.0,0.0,0.0,0.0,0.0,0.0,0,0,0,0.0,0.0,False,0.0,0.0,0.0,0,,,
9dda3e9291ea4319578f0ff64d885cf51754799388ca2ea7abe3ff65d6967894,1,2024-03-01 00:49:39,2024-03-01 00:49:39,1,0.0,0.0,0.0,0.0,0.0,0.0,0,0,0,0.0,0.0,False,1.0,0.0,0.0,0,,,
9dda3e9291ea4319578f0ff64d885cf51754799388ca2ea7abe3ff65d6967894,2,2024-03-01 04:46:40,2024-03-01 04:46:40,1,1.0,7.0,7.0,0.0,0.0,0.0,0,0,0,0.0,0.0,False,1.0,7.0,7.0,0,,,
9dda3e9291ea4319578f0ff64d885cf51754799388ca2ea7abe3ff65d6967894,3,2024-03-01 07:25:02,2024-03-01 07:25:02,1,1.0,3.0,3.0,0.0,0.0,0.0,0,0,0,0.0,0.0,False,0.0,3.0,3.0,0,,,
9dda3e9291ea4319578f0ff64d885cf51754799388ca2ea7abe3ff65d6967894,4,2024-03-01 14:02:49,2024-03-01 14:02:49,1,0.0,0.0,0.0,0.0,0.0,0.0,0,0,0,0.0,0.0,False,0.0,0.0,0.0,0,,,
9dda3e9291ea4319578f0ff64d885cf51754799388ca2ea7abe3ff65d6967894,5,2024-03-01 15:06:09,2024-03-01 15:44:57,418,0.9617224880382775,46.627990430622006,103.0,0.8333333333333334,0.8944444444444436,3.219999999999997,1,0,0,27.33875,38.8,True,0.0,46.627990430622006,48.483830845771145,0,0.0,0.03657811714142015,0.0
9dda3e9291ea4319578f0ff64d885cf51754799388ca2ea7abe3ff65d6967894,6,2024-03-01 17:46:05,2024-03-01 17:46:05,1,0.0,0.0,0.0,0.0,0.0,0.0,0,0,0,0.0,0.0,False,0.0,0.0,0.0,0,,,
9df4bd446c6dbbc0873357da1b8ee04f7f2d10da41429d0f90eb19def0a4496f,1,2024-03-01 02:21:32,2024-03-01 02:21:32,1,1.0,11.0,11.0,0.0,0.0,0.0,0,0,0,0.0,0.0,False,1.0,11.0,11.0,0,,,
9df4bd446c6dbbc0873357da1b8ee04f7f2d10da41429d0f90eb19def0a4496f,2,2024-03-01 05:53:47,2024-03-01 05:53:47,1,0.0,0.0,0.0,0.0,0.0,0.0,0,0,0,0.0,0.0,False,1.0,0.0,0.0,0,,,
9df4bd446c6dbbc0873357da1b8ee04f7f2d10da41429d0f90eb19def0a4496f,3,2024-03-01 07:03:59,2024-03-01 07:03:59,1,1.0,7.0,7.0,0.0,0.0,0.0,0,0,0,0.0,0.0,False,0.0,7.0,7.0,0,,,
9df4bd446c6dbbc0873357da1b8ee04f7f2d10da41429d0f90eb19def0a4496f,4,2024-03-01 10:36:10,2024-03-01 10:36:10,1,1.0,1.0,1.0,0.0,0.0,0.0,0,0,0,0.0,0.0,False,0.0,1.0,1.0,0,,,
9e2fb3780541803018fd3ef1344d99774822508bdfac084fb36225a72f856766,1,2024-03-01 00:35:48,2024-03-01 00:35:48,1,0.0,0.0,0.0,0.0,0.0,0.0,0,0,0,0.0,0.0,False,1.0,0.0,0.0,0,,,
9e2fb3780541803018fd3ef1344d99774822508bdfac084fb36225a72f856766,2,2024-03-01 00:54:40,2024-03-01 00:58:45,49,0.6530612244897959,15.775510204081632,37.599999999999994,0.8666666666666664,0.8888888888888873,3.1999999999999944,0,0,0,1.1191666666666664,4.083333333333333,True,1.0,15.775510204081632,24.15625,0,0.0,0.0,0.0
9e2fb3780541803018fd3ef1344d99774822508bdfac084fb36225a72f856766,3,2024-03-01 01:07:00,2024-03-01 01:08:46,21,0.42857142857142855,8.571428571428571,25.0,0.5,0.32407407407407407,1.1666666666666667,0,0,0,0.2613888888888889,1.7666666666666666,True,1.0,8.571428571428571,20.0,0,0.0,0.0,0.0
9e2fb3780541803018fd3ef1344d99774822508bdfac084fb36225a72f856766,4,2024-03-01 01:15:53,2024-03-01 01:20:30,54,0.9074074074074074,33.06481481481482,65.39999999999998,0.8495370370370368,0.8495370370370368,3.0583333333333322,0,0,0,2.5979166666666664,4.616666666666666,True,1.0,33.06481481481482,36.43877551020408,0,0.0,0.0,0.0
9e2fb3780541803018fd3ef1344d99774822508bdfac084fb36225a72f856766,5,2024-03-01 02:20:28,2024-03-01 02:20:28,1,0.0,0.0,0.0,0.0,0.0,0.0,0,0,0,0.0,0.0,False,1.0,0.0,0.0,0,,,
9e2fb3780541803018fd3ef1344d99774822508bdfac084fb36225a72f856766,6,2024-03-01 03:23:13,2024-03-01 03:23:13,1,0.0,0.0,0.0,0.0,0.0,0.0,0,0,0,0.0,0.0,False,1.0,0.0,0.0,0,,,
9e2fb3780541803018fd3ef1344d99774822508bdfac084fb36225a72f856766,7,2024-03-01 04:32:49,2024-03-01 04:32:49,1,0.0,0.0,0.0,0.0,0.0,0.0,0,0,0,0.0,0.0,False,1.0,0.0,0.0,0,,,
9e2fb3780541803018fd3ef1344d99774822508bdfac084fb36225a72f856766,8,2024-03-01 06:56:36,2024-03-01 06:56:36,1,0.0,0.0,0.0,0.0,0.0,0.0,0,0,0,0.0,0.0,False,0.0,0.0,0.0,0,,,
9e2fb3780541803018fd3ef1344d99774822508bdfac084fb36225a72f856766,9,2024-03-01 08:09:31,2024-03-01 08:09:31,1,0.0,0.0,0.0,0.0,0.0,0.0,0,0,0,0.0,0.0,False,0.0,0.0,0.0,0,,,
9e2fb3780541803018fd3ef1344d99774822508bdfac084fb36225a72f856766,10,2024-03-01 09:20:46,2024-03-01 09:20:46,1,1.0,1.0,1.0,0.0,0.0,0.0,0,0,0,0.0,0.0,False,0.0,1.0,1.0,0,,,
9e2fb3780541803018fd3ef1344d99774822508bdfac084fb36225a72f856766,11,2024-03-01 11:45:39,2024-03-01 11:45:39,1,0.0,0.0,0.0,0.0,0.0,0.0,0,0,0,0.0,0.0,False,0.0,0.0,0.0,0,,,
9e2fb3780541803018fd3ef1344d99774822508bdfac084fb36225a72f856766,12,2024-03-01 14:08:32,2024-03-01 14:10:49,2,0.0,0.0,0.0,0.0,0.0,0.0,0,0,0,0.0,2.283333333333333,False,0.0,0.0,0.0,0,,,
9e2fb3780541803018fd3ef1344d99774822508bdfac084fb36225a72f856766,13,2024-03-01 14:37:02,2024-03-01 14:47:43,108,0.7037037037037037,21.75925925925926,59.599999999999966,0.7222222222222222,0.6620370370370362,2.3833333333333306,0,0,0,3.4661111111111107,10.683333333333334,True,0.0,21.75925925925926,30.92105263157895,0,0.0,0.0,0.0
9e2fb3780541803018fd3ef1344d99774822508bdfac084fb36225a72f856766,14,2024-03-01 15:55:31,2024-03-01 16:10:44,116,0.7586206896551724,22.405172413793103,48.0,1.3356481481481481,1.0694444444444442,3.8499999999999996,0,0,0,3.511944444444444,15.216666666666667,True,0.0,22.405172413793103,29.53409090909091,0,0.0,0.0,0.0
9e2fb3780541803018fd3ef1344d99774822508bdfac084fb36225a72f856766,15,2024-03-01 16:21:28,2024-03-01 16:30:34,106,1.0,50.4622641509434,75.0,0.8055555555555555,0.9351851851851852,3.3666666666666667,0,0,0,7.8175,9.1,True,0.0,50.4622641509434,50.4622641509434,0,0.0,0.0,0.0
9e2fb3780541803018fd3ef1344d99774822508bdfac084fb36225a72f856766,16,2024-03-01 16:36:42,2024-03-01 16:38:35,12,0.3333333333333333,2.8333333333333335,13.799999999999997,0.4166666666666663,0.42222222222222194,1.5199999999999987,0,0,0,0.04305555555555555,1.8833333333333333,True,0.0,2.8333333333333335,8.5,0,0.0,0.0,0.0
9e2fb3780541803018fd3ef1344d99774822508bdfac084fb36225a72f856766,17,2024-03-01 17:02:16,2024-03-01 17:07:42,56,0.5,7.767857142857143,29.0,1.0277777777777777,1.2847222222222223,4.625,0,0,0,0.5994444444444443,5.433333333333334,True,0.0,7.767857142857143,15.535714285714286,0,0.0,0.0,0.0
9e2fb3780541803018fd3ef1344d99774822508bdfac084fb36225a72f856766,18,2024-03-01 18:23:02,2024-03-01 18:30:01,83,0.6024096385542169,21.457831325301203,81.0,0.9583333333333321,1.0999999999999988,3.9599999999999964,0,0,0,2.4272222222222224,6.983333333333333,True,0.0,21.457831325301203,35.62,0,0.0,0.0,0.0
9f295d6958292a94ae4f6fc80dce8b52bef0bc804888827a8643dd631bf68819,1,2024-03-01 12:56:13,2024-03-01 12:56:13,1,0.0,0.0,0.0,0.0,0.0,0.0,0,0,0,0.0,0.0,False,0.0,0.0,0.0,0,,,
9f295d6958292a94ae4f6fc80dce8b52bef0bc804888827a8643dd631bf68819,2,2024-03-01 17:21:21,2024-03-01 17:21:58,5,0.2,0.2,0.7999999999999998,0.02222222222222222,0.0,0.0,0,0,0,0.002777777777777778,0.6166666666666667,True,0.0,0.2,1.0,0,0.0,0.0,0.0
a06e5233a4413b7b182ceb895d404014ed0fd2dce09c9d84fbf4a8218ea27054,1,2024-03-01 03:25:44,2024-03-01 03:25:44,1,0.0,0.0,0.0,0.0,0.0,0.0,0,0,0,0.0,0.0,False,1.0,0.0,0.0,0,,,
a06e5233a4413b7b182ceb895d404014ed0fd2dce09c9d84fbf4a8218ea27054,2,2024-03-01 04:35:03,2024-03-01 04:35:03,1,0.0,0.0,0.0,0.0,0.0,0.0,0,0,0,0.0,0.0,False,1.0,0.0,0.0,0,,,
a06e5233a4413b7b182ceb895d404014ed0fd2dce09c9d84fbf4a8218ea27054,3,2024-03-01 08:08:07,2024-03-01 08:08:07,1,0.0,0.0,0.0,0.0,0.0,0.0,0,0,0,0.0,0.0,False,0.0,0.0,0.0,0,,,
a06e5233a4413b7b182ceb895d404014ed0fd2dce09c9d84fbf4a8218ea27054,4,2024-03-01 09:09:26,2024-03-01 10:22:17,524,0.9790076335877863,57.24618320610687,103.0,0.8333333333333334,0.7522727272727262,2.7081818181818136,1,0,0,54.23583333333333,72.85,True,0.0,57.24618320610687,58.473684210526315,0,0.0,0.018437994560791603,0.0
a06e5233a4413b7b182ceb895d404014ed0fd2dce09c9d84fbf4a8218ea27054,5,2024-03-01 10:38:12,2024-03-01 10:44:04,74,0.8783783783783784,29.77027027027027,61.44999999999996,1.1111111111111112,1.254629629629628,4.516666666666661,0,0,0,3.057777777777778,5.866666666666666,True,0.0,29.77027027027027,33.89230769230769,0,0.0,0.0,0.0
a06e5233a4413b7b182ceb895d404014ed0fd2dce09c9d84fbf4a8218ea27054,6,2024-03-01 11:40:25,2024-03-01 11:40:25,1,0.0,0.0,0.0,0.0,0.0,0.0,0,0,0,0.0,0.0,False,0.0,0.0,0.0,0,,,
a06e5233a4413b7b182ceb895d404014ed0fd2dce09c9d84fbf4a8218ea27054,7,2024-03-01 15:04:12,2024-03-01 15:04:12,1,0.0,0.0,0.0,0.0,0.0,0.0,0,0,0,0.0,0.0,False,0.0,0.0,0.0,0,,,
a06e5233a4413b7b182ceb895d404014ed0fd2dce09c9d84fbf4a8218ea27054,8,2024-03-01 16:14:04,2024-03-01 16:14:04,1,0.0,0.0,0.0,0.0,0.0,0.0,0,0,0,0.0,0.0,False,0.0,0.0,0.0,0,,,
a07a6eb8ad7cca76d17fe1b3d5b8283b7bb9b87f398c86d05c33db9c3161d650,1,2024-03-01 09:09:56,2024-03-01 09:28:09,208,0.5769230769230769,11.927884615384615,35.0,0.6078703703703701,0.5555555555555555,2.0,0,0,0,3.6175,18.216666666666665,True,0.0,11.927884615384615,20.675,0,0.0,0.0,0.0
a07a6eb8ad7cca76d17fe1b3d5b8283b7bb9b87f398c86d05c33db9c3161d650,2,2024-03-01 10:28:18,2024-03-01 10:28:18,1,0.0,0.0,0.0,0.0,0.0,0.0,0,0,0,0.0,0.0,False,0.0,0.0,0.0,0,,,
a07a6eb8ad7cca76d17fe1b3d5b8283b7bb9b87f398c86d05c33db9c3161d650,3,2024-03-01 12:33:42,2024-03-01 12:33:42,1,0.0,0.0,0.0,0.0,0.0,0.0,0,0,0,0.0,0.0,False,0.0,0.0,0.0,0,,,
a07a6eb8ad7cca76d17fe1b3d5b8283b7bb9b87f398c86d05c33db9c3161d650,4,2024-03-01 12:44:01,2024-03-01 12:45:58,21,1.0,21.666666666666668,37.0,0.888888888888889,1.0555555555555554,3.8,0,0,0,0.7252777777777777,1.95,True,0.0,21.666666666666668,21.666666666666668,0,0.0,0.0,0.0
a07a6eb8ad7cca76d17fe1b3d5b8283b7bb9b87f398c86d05c33db9c3161d650,5,2024-03-01 15:27:42,2024-03-01 15:33:08,64,0.859375,13.3125,32.69999999999999,0.7138888888888885,0.8166666666666658,2.9399999999999977,0,0,0,1.2002777777777778,5.433333333333334,True,0.0,13.3125,15.49090909090909,0,0.0,0.0,0.0
a07a6eb8ad7cca76d17fe1b3d5b8283b7bb9b87f398c86d05c33db9c3161d650,6,2024-03-01 17:31:25,2024-03-01 17:31:25,1,0.0,0.0,0.0,0.0,0.0,0.0,0,0,0,0.0,0.0,False,0.0,0.0,0.0,0,,,
a0e9f509242defeaf7c56e758e44ea238a35b006fc6b56bb33a64482c71f881f,1,2024-03-01 08:08:27,2024-03-01 08:56:19,512,0.671875,16.87109375,51.89999999999998,0.611111111111111,0.7222222222222223,2.6,0,0,0,13.885833333333332,47.86666666666667,True,0.0,16.87109375,25.11046511627907,0,0.0,0.0,0.0
a0e9f509242defeaf7c56e758e44ea238a35b006fc6b56bb33a64482c71f881f,2,2024-03-01 09:07:26,2024-03-01 12:18:06,2049,0.0,0.0,0.0,0.0,-0.0,-0.0,0,0,0,0.0,190.66666666666666,False,0.0,0.0,0.0,0,,,
a0e9f509242defeaf7c56e758e44ea238a35b006fc6b56bb33a64482c71f881f,3,2024-03-01 12:24:08,2024-03-01 17:57:08,3639,0.0,0.0,0.0,0.0,0.0,0.0,0,0,0,0.0,333.0,False,0.0,0.0,0.0,0,,,
a0e9f509242defeaf7c56e758e44ea238a35b006fc6b56bb33a64482c71f881f,4,2024-03-01 18:29:00,2024-03-01 18:30:05,9,0.4444444444444444,4.333333333333333,14.399999999999997,0.19999999999999987,0.23333333333333328,0.8399999999999999,0,0,0,0.1363888888888889,1.0833333333333333,True,0.0,4.333333333333333,9.75,0,0.0,0.0,0.0
a111a8406fc2c7cbd29afd7c40e0bd5e44b742b3481b6ee5e6bb4d8aae85dc57,1,2024-03-01 01:00:11,2024-03-01 01:00:11,1,0.0,0.0,0.0,0.0,0.0,0.0,0,0,0,0.0,0.0,False,1.0,0.0,0.0,0,,,
a111a8406fc2c7cbd29afd7c40e0bd5e44b742b3481b6ee5e6bb4d8aae85dc57,2,2024-03-01 03:23:28,2024-03-01 03:23:28,1,1.0,24.0,24.0,0.0,0.0,0.0,0,0,0,0.0,0.0,False,1.0,24.0,24.0,0,,,
a111a8406fc2c7cbd29afd7c40e0bd5e44b742b3481b6ee5e6bb4d8aae85dc57,3,2024-03-01 04:35:14,2024-03-01 04:35:14,1,0.0,0.0,0.0,0.0,0.0,0.0,0,0,0,0.0,0.0,False,1.0,0.0,0.0,0,,,
a111a8406fc2c7cbd29afd7c40e0bd5e44b742b3481b6ee5e6bb4d8aae85dc57,4,2024-03-01 05:47:08,2024-03-01 05:47:08,1,0.0,0.0,0.0,0.0,0.0,0.0,0,0,0,0.0,0.0,False,1.0,0.0,0.0,0,,,
a111a8406fc2c7cbd29afd7c40e0bd5e44b742b3481b6ee5e6bb4d8aae85dc57,5,2024-03-01 06:59:05,2024-03-01 06:59:05,1,0.0,0.0,0.0,0.0,0.0,0.0,0,0,0,0.0,0.0,False,0.0,0.0,0.0,0,,,
a111a8406fc2c7cbd29afd7c40e0bd5e44b742b3481b6ee5e6bb4d8aae85dc57,6,2024-03-01 10:34:58,2024-03-01 10:34:58,1,0.0,0.0,0.0,0.0,0.0,0.0,0,0,0,0.0,0.0,False,0.0,0.0,0.0,0,,,
a111a8406fc2c7cbd29afd7c40e0bd5e44b742b3481b6ee5e6bb4d8aae85dc57,7,2024-03-01 15:21:26,2024-03-01 15:21:26,1,0.0,0.0,0.0,0.0,0.0,0.0,0,0,0,0.0,0.0,False,0.0,0.0,0.0,0,,,
a111a8406fc2c7cbd29afd7c40e0bd5e44b742b3481b6ee5e6bb4d8aae85dc57,8,2024-03-01 16:32:47,2024-03-01 16:32:47,1,1.0,1.0,1.0,0.0,0.0,0.0,0,0,0,0.0,0.0,False,0.0,1.0,1.0,0,,,
a166ed005dc8c3fd40260f4a539ee766d5adade00648de0cb166a64b7d3e1210,1,2024-03-01 00:00:36,2024-03-01 00:07:18,60,0.9333333333333333,28.5,62.099999999999994,0.88287037037037,1.0451388888888886,3.7624999999999993,0,0,0,3.2177777777777767,6.7,True,1.0,28.5,30.535714285714285,0,0.0,0.0,0.0
a166ed005dc8c3fd40260f4a539ee766d5adade00648de0cb166a64b7d3e1210,2,2024-03-01 01:08:13,2024-03-01 01:08:13,1,0.0,0.0,0.0,0.0,0.0,0.0,0,0,0,0.0,0.0,False,1.0,0.0,0.0,0,,,
a166ed005dc8c3fd40260f4a539ee766d5adade00648de0cb166a64b7d3e1210,3,2024-03-01 02:09:36,2024-03-01 02:09:36,1,1.0,3.0,3.0,0.0,0.0,0.0,0,0,0,0.0,0.0,False,1.0,3.0,3.0,0,,,
a166ed005dc8c3fd40260f4a539ee766d5adade00648de0cb166a64b7d3e1210,4,2024-03-01 05:28:05,2024-03-01 05:28:05,1,1.0,1.0,1.0,0.0,0.0,0.0,0,0,0,0.0,0.0,False,1.0,1.0,1.0,0,,,
a166ed005dc8c3fd40260f4a539ee766d5adade00648de0cb166a64b7d3e1210,5,2024-03-01 07:42:30,2024-03-01 07:42:30,1,0.0,0.0,0.0,0.0,0.0,0.0,0,0,0,0.0,0.0,False,0.0,0.0,0.0,0,,,
a166ed005dc8c3fd40260f4a539ee766d5adade00648de0cb166a64b7d3e1210,6,2024-03-01 08:00:00,2024-03-01 08:25:45,265,0.8264150943396227,30.649056603773584,61.0,0.7222222222222221,1.0148148148148144,3.653333333333332,0,1,0,13.175833333333332,25.75,True,0.0,30.649056603773584,37.08675799086758,0,0.07589652773385619,0.0,0.0
a166ed005dc8c3fd40260f4a539ee766d5adade00648de0cb166a64b7d3e1210,7,2024-03-01 09:26:39,2024-03-01 09:26:39,1,0.0,0.0,0.0,0.0,0.0,0.0,0,0,0,0.0,0.0,False,0.0,0.0,0.0,0,,,
a166ed005dc8c3fd40260f4a539ee766d5adade00648de0cb166a64b7d3e1210,8,2024-03-01 10:07:40,2024-03-01 10:07:40,1,0.0,0.0,0.0,0.0,0.0,0.0,0,0,0,0.0,0.0,False,0.0,0.0,0.0,0,,,
a166ed005dc8c3fd40260f4a539ee766d5adade00648de0cb166a64b7d3e1210,9,2024-03-01 13:45:48,2024-03-01 13:45:48,1,0.0,0.0,0.0,0.0,0.0,0.0,0,0,0,0.0,0.0,False,0.0,0.0,0.0,0,,,
a166ed005dc8c3fd40260f4a539ee766d5adade00648de0cb166a64b7d3e1210,10,2024-03-01 14:51:39,2024-03-01 14:51:39,1,1.0,1.0,1.0,0.0,0.0,0.0,0,0,0,0.0,0.0,False,0.0,1.0,1.0,0,,,
a166ed005dc8c3fd40260f4a539ee766d5adade00648de0cb166a64b7d3e1210,11,2024-03-01 17:03:20,2024-03-01 17:03:20,1,1.0,1.0,1.0,0.0,0.0,0.0,0,0,0,0.0,0.0,False,0.0,1.0,1.0,0,,,
a166ed005dc8c3fd40260f4a539ee766d5adade00648de0cb166a64b7d3e1210,12,2024-03-01 18:09:11,2024-03-01 18:11:29,2,0.0,0.0,0.0,0.0,0.0,0.0,0,0,0,0.0,2.3,False,0.0,0.0,0.0,0,,,
a180bda949b164a951d696ec36875187a6ba0bfbf91f776113f614b69fda1624,1,2024-03-01 01:49:14,2024-03-01 01:49:14,1,0.0,0.0,0.0,0.0,0.0,0.0,0,0,0,0.0,0.0,False,1.0,0.0,0.0,0,,,
a180bda949b164a951d696ec36875187a6ba0bfbf91f776113f614b69fda1624,2,2024-03-01 05:19:28,2024-03-01 05:19:28,1,1.0,1.0,1.0,0.0,0.0,0.0,0,0,0,0.0,0.0,False,1.0,1.0,1.0,0,,,
a180bda949b164a951d696ec36875187a6ba0bfbf91f776113f614b69fda1624,3,2024-03-01 06:29:35,2024-03-01 06:29:35,1,0.0,0.0,0.0,0.0,0.0,0.0,0,0,0,0.0,0.0,False,0.0,0.0,0.0,0,,,
a180bda949b164a951d696ec36875187a6ba0bfbf91f776113f614b69fda1624,4,2024-03-01 08:49:58,2024-03-01 08:49:58,1,0.0,0.0,0.0,0.0,0.0,0.0,0,0,0,0.0,0.0,False,0.0,0.0,0.0,0,,,
a180bda949b164a951d696ec36875187a6ba0bfbf91f776113f614b69fda1624,5,2024-03-01 10:00:06,2024-03-01 10:00:06,1,0.0,0.0,0.0,0.0,0.0,0.0,0,0,0,0.0,0.0,False,0.0,0.0,0.0,0,,,
a180bda949b164a951d696ec36875187a6ba0bfbf91f776113f614b69fda1624,6,2024-03-01 12:20:07,2024-03-01 12:20:07,1,1.0,1.0,1.0,0.0,0.0,0.0,0,0,0,0.0,0.0,False,0.0,1.0,1.0,0,,,
a180bda949b164a951d696ec36875187a6ba0bfbf91f776113f614b69fda1624,7,2024-03-01 14:39:39,2024-03-01 14:39:39,1,1.0,1.0,1.0,0.0,0.0,0.0,0,0,0,0.0,0.0,False,0.0,1.0,1.0,0,,,
a180bda949b164a951d696ec36875187a6ba0bfbf91f776113f614b69fda1624,8,2024-03-01 15:49:18,2024-03-01 15:49:18,1,1.0,1.0,1.0,0.0,0.0,0.0,0,0,0,0.0,0.0,False,0.0,1.0,1.0,0,,,
a180bda949b164a951d696ec36875187a6ba0bfbf91f776113f614b69fda1624,9,2024-03-01 18:08:33,2024-03-01 18:08:33,1,0.0,0.0,0.0,0.0,0.0,0.0,0,0,0,0.0,0.0,False,0.0,0.0,0.0,0,,,
a1860ae732232b128fce33ba288d2ae6b854f37174c633c719bef38111c7b4bf,1,2024-03-01 07:58:36,2024-03-01 08:06:06,49,0.8367346938775511,14.73469387755102,41.19999999999996,0.5777777777777774,0.6574074074074069,2.366666666666665,0,0,0,1.5252777777777775,7.5,True,0.0,14.73469387755102,17.609756097560975,0,0.0,0.0,0.0
a1860ae732232b128fce33ba288d2ae6b854f37174c633c719bef38111c7b4bf,2,2024-03-01 09:46:00,2024-03-01 09:47:01,11,0.6363636363636364,5.7272727272727275,12.0,0.5833333333333333,0.3611111111111111,1.3,0,0,0,0.09083333333333331,1.0166666666666666,True,0.0,5.7272727272727275,9.0,0,0.0,0.0,0.0
a1860ae732232b128fce33ba288d2ae6b854f37174c633c719bef38111c7b4bf,3,2024-03-01 16:18:35,2024-03-01 16:33:53,110,0.8636363636363636,15.545454545454545,35.0,0.7708333333333329,0.783333333333333,2.819999999999999,0,0,0,3.6297222222222216,15.3,True,0.0,15.545454545454545,18.0,0,0.0,0.0,0.0
a1860ae732232b128fce33ba288d2ae6b854f37174c633c719bef38111c7b4bf,4,2024-03-01 17:00:59,2024-03-01 17:02:52,13,0.9230769230769231,14.538461538461538,25.799999999999997,1.3333333333333317,0.5,1.8,0,0,0,0.24777777777777776,1.8833333333333333,True,0.0,14.538461538461538,15.75,0,0.0,0.0,0.0
a1860ae732232b128fce33ba288d2ae6b854f37174c633c719bef38111c7b4bf,5,2024-03-01 17:24:03,2024-03-01 18:10:26,524,0.4541984732824427,3.4580152671755724,21.699999999999932,0.2777777777777778,0.23148148148148148,0.8333333333333334,0,0,0,2.6552777777777776,46.38333333333333,True,0.0,3.4580152671755724,7.61344537815126,0,0.0,0.0,0.0
a1860ae732232b128fce33ba288d2ae6b854f37174c633c719bef38111c7b4bf,6,2024-03-01 18:19:33,2024-03-01 18:30:00,118,1.0,35.889830508474574,83.0,0.3388888888888886,0.3333333333333332,1.2,0,0,0,6.309722222222222,10.45,True,0.0,35.889830508474574,35.889830508474574,0,0.0,0.0,0.0
a1bb9075a2962a876fd5b59ed43d28c2e24c66c93a5212af1bc901608d727f40,1,2024-03-01 01:51:57,2024-03-01 01:51:57,1,1.0,1.0,1.0,0.0,0.0,0.0,0,0,0,0.0,0.0,False,1.0,1.0,1.0,0,,,
a1bb9075a2962a876fd5b59ed43d28c2e24c66c93a5212af1bc901608d727f40,2,2024-03-01 04:04:42,2024-03-01 04:04:42,1,0.0,0.0,0.0,0.0,0.0,0.0,0,0,0,0.0,0.0,False,1.0,0.0,0.0,0,,,
a1bb9075a2962a876fd5b59ed43d28c2e24c66c93a5212af1bc901608d727f40,3,2024-03-01 04:29:25,2024-03-01 04:52:57,267,0.9737827715355806,67.81647940074906,107.0,0.5,0.5879629629629624,2.1166666666666645,0,0,0,26.66166666666667,23.533333333333335,True,1.0,67.81647940074906,69.6423076923077,0,0.0,0.0,0.0
a2c939cb35a546e7c62ebfa0b3cca548c24fda34003a57bce7e893756ca07623,1,2024-03-01 07:15:45,2024-03-01 07:15:45,1,0.0,0.0,0.0,0.0,0.0,0.0,0,0,0,0.0,0.0,False,0.0,0.0,0.0,0,,,
a2c939cb35a546e7c62ebfa0b3cca548c24fda34003a57bce7e893756ca07623,2,2024-03-01 09:02:00,2024-03-01 09:39:51,392,0.9209183673469388,46.599489795918366,94.89999999999998,0.6111111111111112,0.7305555555555555,2.629999999999999,0,0,0,30.439444444444444,37.85,True,0.0,46.599489795918366,50.601108033241,0,0.0,0.0,0.0
a2c939cb35a546e7c62ebfa0b3cca548c24fda34003a57bce7e893756ca07623,3,2024-03-01 11:07:39,2024-03-01 11:33:52,295,0.8847457627118644,42.010169491525424,94.0,0.702777777777778,0.8500000000000008,3.0600000000000023,0,0,0,18.412222222222223,26.216666666666665,True,0.0,42.010169491525424,47.48275862068966,0,0.0,0.0,0.0
a2c939cb35a546e7c62ebfa0b3cca548c24fda34003a57bce7e893756ca07623,4,2024-03-01 12:33:37,2024-03-01 12:33:37,1,0.0,0.0,0.0,0.0,0.0,0.0,0,0,0,0.0,0.0,False,0.0,0.0,0.0,0,,,
a2c939cb35a546e7c62ebfa0b3cca548c24fda34003a57bce7e893756ca07623,5,2024-03-01 12:46:19,2024-03-01 12:58:19,129,0.4418604651162791,5.3023255813953485,24.0,0.5888888888888886,0.5462962962962954,1.9666666666666637,0,0,0,0.9680555555555554,12.0,True,0.0,5.3023255813953485,12.0,0,0.0,0.0,0.0
a2c939cb35a546e7c62ebfa0b3cca548c24fda34003a57bce7e893756ca07623,6,2024-03-01 13:51:56,2024-03-01 14:05:29,149,0.610738255033557,11.570469798657719,38.0,0.7888888888888882,0.8333333333333334,3.0,0,0,0,2.4025,13.55,True,0.0,11.570469798657719,18.945054945054945,0,0.0,0.0,0.0
a2c939cb35a546e7c62ebfa0b3cca548c24fda34003a57bce7e893756ca07623,7,2024-03-01 14:59:01,2024-03-01 15:46:36,499,0.8016032064128257,17.649298597194388,62.0,0.6944444444444444,0.7833333333333313,2.819999999999993,0,0,0,13.163055555555555,47.583333333333336,True,0.0,17.649298597194388,22.0175,0,0.0,0.0,0.0
a2c939cb35a546e7c62ebfa0b3cca548c24fda34003a57bce7e893756ca07623,8,2024-03-01 16:04:47,2024-03-01 16:40:28,383,0.6501305483028721,12.164490861618798,38.0,0.6101851851851849,0.6055555555555542,2.1799999999999957,0,0,0,7.616944444444443,35.68333333333333,True,0.0,12.164490861618798,18.710843373493976,0,0.0,0.0,0.0
a2c939cb35a546e7c62ebfa0b3cca548c24fda34003a57bce7e893756ca07623,9,2024-03-01 17:40:17,2024-03-01 17:40:17,1,0.0,0.0,0.0,0.0,0.0,0.0,0,0,0,0.0,0.0,False,0.0,0.0,0.0,0,,,
a30e58ee84127d7ec3c91c70cf0ef12ba32fa8d121010050ef9cdfda049ae6c8,1,2024-03-01 08:40:20,2024-03-01 10:56:18,1462,0.9589603283173734,66.4500683994528,100.0,0.4430555555555567,0.4430555555555567,1.5950000000000046,0,0,0,152.50277777777777,135.96666666666667,True,0.0,66.4500683994528,69.29386590584879,0,0.0,0.0,0.0
a30e58ee84127d7ec3c91c70cf0ef12ba32fa8d121010050ef9cdfda049ae6c8,2,2024-03-01 11:04:11,2024-03-01 11:09:21,49,0.7142857142857143,7.448979591836735,20.0,0.5,0.39999999999999936,1.4399999999999977,0,0,0,0.54,5.166666666666667,True,0.0,7.448979591836735,10.428571428571429,0,0.0,0.0,0.0
a30e58ee84127d7ec3c91c70cf0ef12ba32fa8d121010050ef9cdfda049ae6c8,3,2024-03-01 11:35:45,2024-03-01 11:40:07,41,0.6585365853658537,5.780487804878049,14.0,0.4166666666666667,0.3888888888888889,1.4,0,0,0,0.34055555555555556,4.366666666666666,True,0.0,5.780487804878049,8.777777777777779,0,0.0,0.0,0.0
a30e58ee84127d7ec3c91c70cf0ef12ba32fa8d121010050ef9cdfda049ae6c8,4,2024-03-01 11:55:08,2024-03-01 13:04:12,777,0.8005148005148005,41.14221364221364,81.39999999999986,0.611111111111111,0.523809523809521,1.8857142857142761,0,0,0,47.40277777777778,69.06666666666666,True,0.0,41.14221364221364,51.394694533762056,0,0.0,0.0,0.0
a30e58ee84127d7ec3c91c70cf0ef12ba32fa8d121010050ef9cdfda049ae6c8,5,2024-03-01 13:37:09,2024-03-01 14:29:46,551,0.941923774954628,52.148820326678766,87.0,0.6388888888888888,0.8101851851851849,2.916666666666667,1,1,0,42.14944444444444,52.61666666666667,True,0.0,52.148820326678766,55.36416184971098,0,0.023725105115396276,0.023725105115396276,0.0
a30e58ee84127d7ec3c91c70cf0ef12ba32fa8d121010050ef9cdfda049ae6c8,6,2024-03-01 15:12:58,2024-03-01 15:30:18,196,0.7193877551020408,13.816326530612244,29.5,0.3888888888888889,0.45833333333333337,1.6500000000000001,0,0,0,4.0438888888888895,17.333333333333332,True,0.0,13.816326530612244,19.20567375886525,0,0.0,0.0,0.0
a30e58ee84127d7ec3c91c70cf0ef12ba32fa8d121010050ef9cdfda049ae6c8,7,2024-03-01 15:36:40,2024-03-01 15:45:02,85,0.9529411764705882,18.105882352941176,35.0,0.46296296296296297,0.5444444444444442,1.9599999999999995,0,0,0,2.2844444444444445,8.366666666666667,True,0.0,18.105882352941176,19.0,0,0.0,0.0,0.0
a30e58ee84127d7ec3c91c70cf0ef12ba32fa8d121010050ef9cdfda049ae6c8,8,2024-03-01 16:30:24,2024-03-01 16:46:25,184,0.9402173913043478,20.380434782608695,38.0,0.7055555555555548,0.6425925925925925,2.3133333333333326,0,0,0,5.504444444444444,16.016666666666666,True,0.0,20.380434782608695,21.67630057803468,0,0.0,0.0,0.0
a30e58ee84127d7ec3c91c70cf0ef12ba32fa8d121010050ef9cdfda049ae6c8,9,2024-03-01 16:55:30,2024-03-01 17:31:31,399,0.8345864661654135,21.73308270676692,46.19999999999993,0.6027777777777774,0.611111111111111,2.2,0,0,0,12.896805555555554,36.016666666666666,True,0.0,21.73308270676692,26.04054054054054,0,0.0,0.0,0.0
a30e58ee84127d7ec3c91c70cf0ef12ba32fa8d121010050ef9cdfda049ae6c8,10,2024-03-01 17:41:33,2024-03-01 17:52:15,112,0.7946428571428571,22.607142857142858,51.89999999999998,0.4527777777777776,0.46944444444444383,1.6899999999999977,0,0,0,3.6941666666666664,10.7,True,0.0,22.607142857142858,28.44943820224719,0,0.0,0.0,0.0
a3503305080d189eba682885d208ceabe923e9d2819d7e2e99563f90de2d52e9,1,2024-03-01 07:45:26,2024-03-01 07:54:07,95,0.9052631578947369,24.842105263157894,61.89999999999999,0.7805555555555556,0.8361111111111107,3.009999999999998,0,0,0,3.450277777777778,8.683333333333334,True,0.0,24.842105263157894,27.441860465116278,0,0.0,0.0,0.0
a3503305080d189eba682885d208ceabe923e9d2819d7e2e99563f90de2d52e9,2,2024-03-01 11:01:16,2024-03-01 11:01:16,1,1.0,1.0,1.0,0.0,0.0,0.0,0,0,0,0.0,0.0,False,0.0,1.0,1.0,0,,,
a3503305080d189eba682885d208ceabe923e9d2819d7e2e99563f90de2d52e9,3,2024-03-01 14:28:26,2024-03-01 14:28:26,1,0.0,0.0,0.0,0.0,0.0,0.0,0,0,0,0.0,0.0,False,0.0,0.0,0.0,0,,,
a3503305080d189eba682885d208ceabe923e9d2819d7e2e99563f90de2d52e9,4,2024-03-01 16:46:10,2024-03-01 16:46:10,1,0.0,0.0,0.0,0.0,0.0,0.0,0,0,0,0.0,0.0,False,0.0,0.0,0.0,0,,,
a3503305080d189eba682885d208ceabe923e9d2819d7e2e99563f90de2d52e9,5,2024-03-01 17:55:04,2024-03-01 17:55:04,1,0.0,0.0,0.0,0.0,0.0,0.0,0,0,0,0.0,0.0,False,0.0,0.0,0.0,0,,,
a3503305080d189eba682885d208ceabe923e9d2819d7e2e99563f90de2d52e9,6,2024-03-01 18:09:38,2024-03-01 18:30:03,233,0.759656652360515,18.334763948497855,51.799999999999955,0.7055555555555549,0.611111111111111,2.2,0,0,0,6.366388888888888,20.416666666666668,True,0.0,18.334763948497855,24.135593220338983,0,0.0,0.0,0.0
a44daa96490181c404789161a1c836034c79ab8ccd966e7b1fa4a3408ee990fb,1,2024-03-01 00:11:56,2024-03-01 00:11:56,1,0.0,0.0,0.0,0.0,0.0,0.0,0,0,0,0.0,0.0,False,1.0,0.0,0.0,0,,,
a44daa96490181c404789161a1c836034c79ab8ccd966e7b1fa4a3408ee990fb,2,2024-03-01 04:45:28,2024-03-01 04:45:28,1,0.0,0.0,0.0,0.0,0.0,0.0,0,0,0,0.0,0.0,False,1.0,0.0,0.0,0,,,
a44daa96490181c404789161a1c836034c79ab8ccd966e7b1fa4a3408ee990fb,3,2024-03-01 07:02:32,2024-03-01 07:04:48,2,0.5,0.5,0.95,0.0,0.001940359477124183,0.006985294117647058,0,0,0,0.0,2.2666666666666666,False,0.0,0.5,1.0,0,,,
a44daa96490181c404789161a1c836034c79ab8ccd966e7b1fa4a3408ee990fb,4,2024-03-01 07:51:19,2024-03-01 08:50:14,683,0.8228404099560761,54.61420204978038,141.79999999999995,1.0185185185185184,1.2037037037037042,4.333333333333333,0,2,0,54.20583333333333,58.916666666666664,True,0.0,54.61420204978038,66.37277580071175,0,0.03689639798914631,0.0,0.0
a44daa96490181c404789161a1c836034c79ab8ccd966e7b1fa4a3408ee990fb,5,2024-03-01 09:58:58,2024-03-01 09:59:39,2,0.0,0.0,0.0,0.0,0.0,0.0,0,0,0,0.0,0.6833333333333333,False,0.0,0.0,0.0,0,,,
a45a3e03c08ac09a81963c2932eca523e8e6bdde6cabe9e3f04da6e9dfd70737,1,2024-03-01 06:15:28,2024-03-01 06:42:04,289,0.9550173010380623,32.1522491349481,66.0,0.96111111111111,1.2666666666666657,4.559999999999996,0,1,0,14.709166666666667,26.6,True,0.0,32.1522491349481,33.666666666666664,0,0.06798481672426492,0.0,0.0
a6d84c2c4339064cb499fa7884ba0066c5a62bd445b38a666d267ad39a6b20aa,1,2024-03-01 01:37:28,2024-03-01 01:37:28,1,0.0,0.0,0.0,0.0,0.0,0.0,0,0,0,0.0,0.0,False,1.0,0.0,0.0,0,,,
a7090135c33249092d927745352edc0f22a2d4c114fe196d197383dd3e121665,1,2024-03-01 10:41:33,2024-03-01 10:54:00,108,0.6296296296296297,16.055555555555557,49.29999999999998,0.6962962962962956,0.9624999999999996,3.464999999999999,0,0,0,2.4361111111111104,12.45,True,0.0,16.055555555555557,25.5,0,0.0,0.0,0.0
a7090135c33249092d927745352edc0f22a2d4c114fe196d197383dd3e121665,2,2024-03-01 11:50:59,2024-03-01 11:50:59,1,0.0,0.0,0.0,0.0,0.0,0.0,0,0,0,0.0,0.0,False,0.0,0.0,0.0,0,,,
a7090135c33249092d927745352edc0f22a2d4c114fe196d197383dd3e121665,3,2024-03-01 12:01:37,2024-03-01 12:29:11,273,0.8864468864468864,28.98901098901099,74.0,0.611111111111111,0.7055555555555549,2.539999999999998,0,0,0,13.748333333333331,27.566666666666666,True,0.0,28.98901098901099,32.70247933884298,0,0.0,0.0,0.0
a7090135c33249092d927745352edc0f22a2d4c114fe196d197383dd3e121665,4,2024-03-01 13:30:11,2024-03-01 13:56:31,246,0.9634146341463414,54.09756097560975,129.0,0.7152777777777777,0.8750000000000001,3.1500000000000004,0,0,0,20.475277777777777,26.333333333333332,True,0.0,54.09756097560975,56.151898734177216,0,0.0,0.0,0.0
a7090135c33249092d927745352edc0f22a2d4c114fe196d197383dd3e121665,5,2024-03-01 14:18:10,2024-03-01 14:22:15,52,0.9230769230769231,33.5,68.44999999999999,1.2722222222222217,0.8324074074074065,2.9966666666666635,0,1,0,2.3552777777777774,4.083333333333333,True,0.0,33.5,36.291666666666664,0,0.4245783700908127,0.0,0.0
a7090135c33249092d927745352edc0f22a2d4c114fe196d197383dd3e121665,6,2024-03-01 15:22:18,2024-03-01 15:22:18,1,0.0,0.0,0.0,0.0,0.0,0.0,0,0,0,0.0,0.0,False,0.0,0.0,0.0,0,,,
a7090135c33249092d927745352edc0f22a2d4c114fe196d197383dd3e121665,7,2024-03-01 16:25:26,2024-03-01 16:25:26,1,0.0,0.0,0.0,0.0,0.0,0.0,0,0,0,0.0,0.0,False,0.0,0.0,0.0,0,,,
a7090135c33249092d927745352edc0f22a2d4c114fe196d197383dd3e121665,8,2024-03-01 17:11:02,2024-03-01 17:22:56,134,0.917910447761194,25.96268656716418,61.349999999999994,0.9833333333333325,0.9324074074074072,3.3566666666666665,0,0,0,4.703611111111111,11.9,True,0.0,25.96268656716418,28.284552845528456,0,0.0,0.0,0.0
a7090135c33249092d927745352edc0f22a2d4c114fe196d197383dd3e121665,9,2024-03-01 18:24:57,2024-03-01 18:27:03,24,0.75,11.208333333333334,23.699999999999996,0.9111111111111106,1.3472222222222217,4.849999999999998,0,0,0,0.3894444444444445,2.1,True,0.0,11.208333333333334,14.944444444444445,0,0.0,0.0,0.0
a7a0d49a30aafe2ddf8fb01ae0cb42b785d829a40603e6560b254c23a9c5bfef,1,2024-03-01 04:51:15,2024-03-01 04:51:15,1,1.0,1.0,1.0,0.0,0.0,0.0,0,0,0,0.0,0.0,False,1.0,1.0,1.0,0,,,
a7a0d49a30aafe2ddf8fb01ae0cb42b785d829a40603e6560b254c23a9c5bfef,2,2024-03-01 09:54:26,2024-03-01 09:54:26,1,0.0,0.0,0.0,0.0,0.0,0.0,0,0,0,0.0,0.0,False,0.0,0.0,0.0,0,,,
a80b072104e5bfa0acbeffced4998b6fa6e736891ad88e8c05bfde71353dcf97,1,2024-03-01 01:26:13,2024-03-01 01:26:13,1,1.0,1.0,1.0,0.0,0.0,0.0,0,0,0,0.0,0.0,False,1.0,1.0,1.0,0,,,
a80b072104e5bfa0acbeffced4998b6fa6e736891ad88e8c05bfde71353dcf97,2,2024-03-01 04:48:57,2024-03-01 04:48:57,1,0.0,0.0,0.0,0.0,0.0,0.0,0,0,0,0.0,0.0,False,1.0,0.0,0.0,0,,,
a80b072104e5bfa0acbeffced4998b6fa6e736891ad88e8c05bfde71353dcf97,3,2024-03-01 10:52:57,2024-03-01 10:58:38,66,0.7121212121212122,12.742424242424242,27.0,0.4375,0.48611111111111105,1.75,0,0,0,1.19,5.683333333333334,True,0.0,12.742424242424242,17.893617021276597,0,0.0,0.0,0.0
a80b072104e5bfa0acbeffced4998b6fa6e736891ad88e8c05bfde71353dcf97,4,2024-03-01 11:27:07,2024-03-01 11:27:07,1,0.0,0.0,0.0,0.0,0.0,0.0,0,0,0,0.0,0.0,False,0.0,0.0,0.0,0,,,
a80b072104e5bfa0acbeffced4998b6fa6e736891ad88e8c05bfde71353dcf97,5,2024-03-01 12:27:22,2024-03-01 12:27:22,1,0.0,0.0,0.0,0.0,0.0,0.0,0,0,0,0.0,0.0,False,0.0,0.0,0.0,0,,,
a80b072104e5bfa0acbeffced4998b6fa6e736891ad88e8c05bfde71353dcf97,6,2024-03-01 14:26:35,2024-03-01 14:35:08,97,0.8556701030927835,22.587628865979383,44.0,0.6222222222222215,0.8981481481481469,3.2333333333333294,0,0,0,3.1655555555555552,8.55,True,0.0,22.587628865979383,26.397590361445783,0,0.0,0.0,0.0
a80b072104e5bfa0acbeffced4998b6fa6e736891ad88e8c05bfde71353dcf97,7,2024-03-01 15:35:18,2024-03-01 15:35:18,1,0.0,0.0,0.0,0.0,0.0,0.0,0,0,0,0.0,0.0,False,0.0,0.0,0.0,0,,,
a80b072104e5bfa0acbeffced4998b6fa6e736891ad88e8c05bfde71353dcf97,8,2024-03-01 18:08:26,2024-03-01 18:10:12,21,0.9047619047619048,19.333333333333332,33.0,0.4444444444444443,0.6481481481481481,2.3333333333333335,0,0,0,0.5472222222222222,1.7666666666666666,True,0.0,19.333333333333332,21.36842105263158,0,0.0,0.0,0.0
a80d5a7de219b3c64c71888b54936d468989a6a0972f8a062b59c99df8c344a2,1,2024-03-01 00:45:08,2024-03-01 00:45:08,1,1.0,3.0,3.0,0.0,0.0,0.0,0,0,0,0.0,0.0,False,1.0,3.0,3.0,0,,,
a80d5a7de219b3c64c71888b54936d468989a6a0972f8a062b59c99df8c344a2,2,2024-03-01 01:52:54,2024-03-01 01:52:54,1,0.0,0.0,0.0,0.0,0.0,0.0,0,0,0,0.0,0.0,False,1.0,0.0,0.0,0,,,
a80d5a7de219b3c64c71888b54936d468989a6a0972f8a062b59c99df8c344a2,3,2024-03-01 06:19:36,2024-03-01 06:19:36,1,1.0,1.0,1.0,0.0,0.0,0.0,0,0,0,0.0,0.0,False,0.0,1.0,1.0,0,,,
a80d5a7de219b3c64c71888b54936d468989a6a0972f8a062b59c99df8c344a2,4,2024-03-01 07:10:33,2024-03-01 09:06:54,1285,0.9649805447470817,65.90661478599222,109.0,0.5000000000000006,0.6111111111111107,2.2,0,0,0,127.1475,116.35,True,0.0,65.90661478599222,68.29838709677419,0,0.0,0.0,0.0
a80d5a7de219b3c64c71888b54936d468989a6a0972f8a062b59c99df8c344a2,5,2024-03-01 09:19:20,2024-03-01 10:33:54,764,0.9594240837696335,97.21531413612566,150.85000000000002,0.5,0.548611111111112,1.9750000000000039,0,1,0,119.79027777777777,74.56666666666666,True,0.0,97.21531413612566,101.32673942701228,0,0.00834792287446811,0.0,0.0
a80d5a7de219b3c64c71888b54936d468989a6a0972f8a062b59c99df8c344a2,6,2024-03-01 11:34:07,2024-03-01 11:34:07,1,0.0,0.0,0.0,0.0,0.0,0.0,0,0,0,0.0,0.0,False,0.0,0.0,0.0,0,,,
a80d5a7de219b3c64c71888b54936d468989a6a0972f8a062b59c99df8c344a2,7,2024-03-01 13:37:55,2024-03-01 13:49:30,74,0.6216216216216216,5.824324324324325,16.69999999999999,0.3888888888888889,0.4638888888888886,1.669999999999999,0,0,0,0.6425,11.583333333333334,True,0.0,5.824324324324325,9.369565217391305,0,0.0,0.0,0.0
a80d5a7de219b3c64c71888b54936d468989a6a0972f8a062b59c99df8c344a2,8,2024-03-01 14:10:53,2024-03-01 14:13:33,22,0.36363636363636365,3.3636363636363638,11.95,0.48263888888888884,0.1842592592592592,0.6633333333333332,0,0,0,0.09305555555555554,2.6666666666666665,True,0.0,3.3636363636363638,9.25,0,0.0,0.0,0.0
a80d5a7de219b3c64c71888b54936d468989a6a0972f8a062b59c99df8c344a2,9,2024-03-01 14:30:28,2024-03-01 14:47:32,118,0.788135593220339,16.889830508474578,35.0,0.5166666666666657,0.6236111111111103,2.2449999999999974,0,0,0,3.448611111111111,17.066666666666666,True,0.0,16.889830508474578,21.43010752688172,0,0.0,0.0,0.0
a80d5a7de219b3c64c71888b54936d468989a6a0972f8a062b59c99df8c344a2,10,2024-03-01 16:11:00,2024-03-01 16:11:00,1,0.0,0.0,0.0,0.0,0.0,0.0,0,0,0,0.0,0.0,False,0.0,0.0,0.0,0,,,
a82685b87430299e6d5c6aab0a5a895a45230e2fc51e1aed9212e79486d10e7f,1,2024-03-01 07:36:46,2024-03-01 07:39:00,2,0.0,0.0,0.0,0.0,0.0,0.0,0,0,0,0.0,2.2333333333333334,False,0.0,0.0,0.0,0,,,
a82685b87430299e6d5c6aab0a5a895a45230e2fc51e1aed9212e79486d10e7f,2,2024-03-01 08:42:21,2024-03-01 09:13:40,360,0.6972222222222222,11.683333333333334,29.0,0.7777777777777778,0.7430555555555561,2.6750000000000016,0,0,0,6.054722222222223,31.316666666666666,True,0.0,11.683333333333334,16.756972111553786,0,0.0,0.0,0.0
a82685b87430299e6d5c6aab0a5a895a45230e2fc51e1aed9212e79486d10e7f,3,2024-03-01 17:09:20,2024-03-01 17:19:07,113,0.5663716814159292,8.849557522123893,38.79999999999998,0.5722222222222207,0.5277777777777772,1.8999999999999986,0,0,0,1.4308333333333332,9.783333333333333,True,0.0,8.849557522123893,15.625,0,0.0,0.0,0.0
a82685b87430299e6d5c6aab0a5a895a45230e2fc51e1aed9212e79486d10e7f,4,2024-03-01 17:28:03,2024-03-01 17:28:03,1,0.0,0.0,0.0,0.0,0.0,0.0,0,0,0,0.0,0.0,False,0.0,0.0,0.0,0,,,
a82685b87430299e6d5c6aab0a5a895a45230e2fc51e1aed9212e79486d10e7f,5,2024-03-01 17:40:26,2024-03-01 17:47:32,70,0.5,12.042857142857143,42.0,1.010185185185185,1.0106481481481477,3.6383333333333323,0,0,0,1.1091666666666664,7.1,True,0.0,12.042857142857143,24.085714285714285,0,0.0,0.0,0.0
a82685b87430299e6d5c6aab0a5a895a45230e2fc51e1aed9212e79486d10e7f,6,2024-03-01 18:01:03,2024-03-01 18:01:03,1,0.0,0.0,0.0,0.0,0.0,0.0,0,0,0,0.0,0.0,False,0.0,0.0,0.0,0,,,
a8c709b95275e459120657c496df5ca42e7c95db9ac2c83c2d6ddf0df98e9586,1,2024-03-01 03:12:38,2024-03-01 03:12:38,1,0.0,0.0,0.0,0.0,0.0,0.0,0,0,0,0.0,0.0,False,1.0,0.0,0.0,0,,,
a8c709b95275e459120657c496df5ca42e7c95db9ac2c83c2d6ddf0df98e9586,2,2024-03-01 05:34:49,2024-03-01 05:34:49,1,1.0,3.0,3.0,0.0,0.0,0.0,0,0,0,0.0,0.0,False,1.0,3.0,3.0,0,,,
a8c709b95275e459120657c496df5ca42e7c95db9ac2c83c2d6ddf0df98e9586,3,2024-03-01 07:58:08,2024-03-01 07:58:08,1,0.0,0.0,0.0,0.0,0.0,0.0,0,0,0,0.0,0.0,False,0.0,0.0,0.0,0,,,
a8c709b95275e459120657c496df5ca42e7c95db9ac2c83c2d6ddf0df98e9586,4,2024-03-01 08:15:26,2024-03-01 08:43:14,345,0.8753623188405797,25.71014492753623,53.0,1.1111111111111112,1.1990740740740742,4.316666666666667,1,1,0,12.024166666666666,27.8,True,0.0,25.71014492753623,29.370860927152318,0,0.0831658465590131,0.0831658465590131,0.0
a8c709b95275e459120657c496df5ca42e7c95db9ac2c83c2d6ddf0df98e9586,5,2024-03-01 09:43:59,2024-03-01 09:43:59,1,0.0,0.0,0.0,0.0,0.0,0.0,0,0,0,0.0,0.0,False,0.0,0.0,0.0,0,,,
a8c709b95275e459120657c496df5ca42e7c95db9ac2c83c2d6ddf0df98e9586,6,2024-03-01 11:52:35,2024-03-01 11:52:35,1,0.0,0.0,0.0,0.0,0.0,0.0,0,0,0,0.0,0.0,False,0.0,0.0,0.0,0,,,
a8c709b95275e459120657c496df5ca42e7c95db9ac2c83c2d6ddf0df98e9586,7,2024-03-01 16:17:40,2024-03-01 16:33:24,185,0.8972972972972973,22.535135135135135,50.0,0.9555555555555542,0.8222222222222212,2.9599999999999964,1,0,0,5.981111111111112,15.733333333333333,True,0.0,22.535135135135135,25.1144578313253,0,0.0,0.16719301504737133,0.0
a8c709b95275e459120657c496df5ca42e7c95db9ac2c83c2d6ddf0df98e9586,8,2024-03-01 16:41:16,2024-03-01 16:54:04,129,0.7984496124031008,20.968992248062015,38.0,0.6111111111111112,0.5333333333333329,1.9199999999999988,0,0,0,4.204444444444444,12.8,True,0.0,20.968992248062015,26.262135922330096,0,0.0,0.0,0.0
a8c709b95275e459120657c496df5ca42e7c95db9ac2c83c2d6ddf0df98e9586,9,2024-03-01 17:08:46,2024-03-01 17:13:51,48,0.7708333333333334,10.916666666666666,27.599999999999994,0.8847222222222219,0.41666666666666674,1.5,0,0,0,0.7447222222222222,5.083333333333333,True,0.0,10.916666666666666,14.162162162162161,0,0.0,0.0,0.0
a8c709b95275e459120657c496df5ca42e7c95db9ac2c83c2d6ddf0df98e9586,10,2024-03-01 17:52:23,2024-03-01 17:53:58,15,0.9333333333333333,20.866666666666667,29.0,0.48888888888888854,0.7046296296296292,2.5366666666666653,0,0,0,0.5761111111111111,1.5833333333333333,True,0.0,20.866666666666667,22.357142857142858,0,0.0,0.0,0.0
a8c709b95275e459120657c496df5ca42e7c95db9ac2c83c2d6ddf0df98e9586,11,2024-03-01 18:00:02,2024-03-01 18:00:34,7,1.0,19.571428571428573,23.499999999999996,0.26111111111111107,0.3249999999999998,1.1699999999999993,0,0,0,0.17194444444444446,0.5333333333333333,True,0.0,19.571428571428573,19.571428571428573,0,0.0,0.0,0.0
a924858e4cd6991bd4a6c382619721fcbbd0ee9a48b640dc7dd34022a21929b1,1,2024-03-01 05:07:35,2024-03-01 05:48:09,449,0.9688195991091314,72.70489977728285,107.0,0.4166666666666667,0.4944444444444438,1.7799999999999983,0,0,0,48.26375,40.56666666666667,True,1.0,72.70489977728285,75.04482758620689,0,0.0,0.0,0.0
a9e4557f3a2048e7d0114013dfd7d6f982de82877ee9c238f10c3f3ce2f45d7d,1,2024-03-01 07:28:58,2024-03-01 07:41:16,130,0.9615384615384616,36.261538461538464,63.099999999999994,0.8124999999999998,1.197222222222222,4.31,0,0,0,6.973333333333333,12.3,True,0.0,36.261538461538464,37.712,0,0.0,0.0,0.0
a9e4557f3a2048e7d0114013dfd7d6f982de82877ee9c238f10c3f3ce2f45d7d,2,2024-03-01 08:11:12,2024-03-01 08:16:37,50,0.84,26.38,60.099999999999994,0.6416666666666665,0.8638888888888888,3.1099999999999994,0,0,0,2.118333333333333,5.416666666666667,True,0.0,26.38,31.404761904761905,0,0.0,0.0,0.0
a9e4557f3a2048e7d0114013dfd7d6f982de82877ee9c238f10c3f3ce2f45d7d,3,2024-03-01 18:21:05,2024-03-01 18:30:05,99,0.8282828282828283,22.90909090909091,44.0,0.7870370370370369,0.7333333333333326,2.639999999999998,0,0,0,3.4780555555555557,9.0,True,0.0,22.90909090909091,27.658536585365855,0,0.0,0.0,0.0
aa1b2e7c62c3bc6213c5190a08fda773f6c7b5098c2518c61ce1369c738a02b6,1,2024-03-01 00:46:54,2024-03-01 00:46:54,1,1.0,5.0,5.0,0.0,0.0,0.0,0,0,0,0.0,0.0,False,1.0,5.0,5.0,0,,,
aa1b2e7c62c3bc6213c5190a08fda773f6c7b5098c2518c61ce1369c738a02b6,2,2024-03-01 02:57:18,2024-03-01 02:57:18,1,1.0,11.0,11.0,0.0,0.0,0.0,0,0,0,0.0,0.0,False,1.0,11.0,11.0,0,,,
aa1b2e7c62c3bc6213c5190a08fda773f6c7b5098c2518c61ce1369c738a02b6,3,2024-03-01 04:02:22,2024-03-01 04:02:22,1,0.0,0.0,0.0,0.0,0.0,0.0,0,0,0,0.0,0.0,False,1.0,0.0,0.0,0,,,
aa1b2e7c62c3bc6213c5190a08fda773f6c7b5098c2518c61ce1369c738a02b6,4,2024-03-01 07:18:00,2024-03-01 07:18:00,1,1.0,1.0,1.0,0.0,0.0,0.0,0,0,0,0.0,0.0,False,0.0,1.0,1.0,0,,,
aa1b2e7c62c3bc6213c5190a08fda773f6c7b5098c2518c61ce1369c738a02b6,5,2024-03-01 08:23:17,2024-03-01 08:23:17,1,1.0,3.0,3.0,0.0,0.0,0.0,0,0,0,0.0,0.0,False,0.0,3.0,3.0,0,,,
aa1b2e7c62c3bc6213c5190a08fda773f6c7b5098c2518c61ce1369c738a02b6,6,2024-03-01 09:28:36,2024-03-01 09:28:36,1,1.0,1.0,1.0,0.0,0.0,0.0,0,0,0,0.0,0.0,False,0.0,1.0,1.0,0,,,
aa1b2e7c62c3bc6213c5190a08fda773f6c7b5098c2518c61ce1369c738a02b6,7,2024-03-01 10:33:52,2024-03-01 10:33:52,1,0.0,0.0,0.0,0.0,0.0,0.0,0,0,0,0.0,0.0,False,0.0,0.0,0.0,0,,,
aa1b2e7c62c3bc6213c5190a08fda773f6c7b5098c2518c61ce1369c738a02b6,8,2024-03-01 11:39:05,2024-03-01 11:39:05,1,0.0,0.0,0.0,0.0,0.0,0.0,0,0,0,0.0,0.0,False,0.0,0.0,0.0,0,,,
aa1b2e7c62c3bc6213c5190a08fda773f6c7b5098c2518c61ce1369c738a02b6,9,2024-03-01 12:44:15,2024-03-01 12:44:15,1,1.0,3.0,3.0,0.0,0.0,0.0,0,0,0,0.0,0.0,False,0.0,3.0,3.0,0,,,
aa1b2e7c62c3bc6213c5190a08fda773f6c7b5098c2518c61ce1369c738a02b6,10,2024-03-01 18:08:42,2024-03-01 18:08:42,1,0.0,0.0,0.0,0.0,0.0,0.0,0,0,0,0.0,0.0,False,0.0,0.0,0.0,0,,,
ab865e8b13c8eb20ddf3e1b2d9f31a7ac7f726691bdaefcd6406086706d73b00,1,2024-03-01 00:16:04,2024-03-01 00:16:04,1,1.0,1.0,1.0,0.0,0.0,0.0,0,0,0,0.0,0.0,False,1.0,1.0,1.0,0,,,
ab865e8b13c8eb20ddf3e1b2d9f31a7ac7f726691bdaefcd6406086706d73b00,2,2024-03-01 03:35:22,2024-03-01 03:35:22,1,0.0,0.0,0.0,0.0,0.0,0.0,0,0,0,0.0,0.0,False,1.0,0.0,0.0,0,,,
ab865e8b13c8eb20ddf3e1b2d9f31a7ac7f726691bdaefcd6406086706d73b00,3,2024-03-01 04:41:52,2024-03-01 04:41:52,1,1.0,1.0,1.0,0.0,0.0,0.0,0,0,0,0.0,0.0,False,1.0,1.0,1.0,0,,,
ab865e8b13c8eb20ddf3e1b2d9f31a7ac7f726691bdaefcd6406086706d73b00,4,2024-03-01 05:48:28,2024-03-01 05:48:28,1,0.0,0.0,0.0,0.0,0.0,0.0,0,0,0,0.0,0.0,False,1.0,0.0,0.0,0,,,
ab865e8b13c8eb20ddf3e1b2d9f31a7ac7f726691bdaefcd6406086706d73b00,5,2024-03-01 06:55:06,2024-03-01 06:55:06,1,0.0,0.0,0.0,0.0,0.0,0.0,0,0,0,0.0,0.0,False,0.0,0.0,0.0,0,,,
ab865e8b13c8eb20ddf3e1b2d9f31a7ac7f726691bdaefcd6406086706d73b00,6,2024-03-01 08:01:44,2024-03-01 08:01:44,1,0.0,0.0,0.0,0.0,0.0,0.0,0,0,0,0.0,0.0,False,0.0,0.0,0.0,0,,,
ab865e8b13c8eb20ddf3e1b2d9f31a7ac7f726691bdaefcd6406086706d73b00,7,2024-03-01 09:08:23,2024-03-01 09:10:41,2,0.5,0.5,0.95,0.0,0.0019122383252818038,0.006884057971014493,0,0,0,0.0,2.3,False,0.0,0.5,1.0,0,,,
ab865e8b13c8eb20ddf3e1b2d9f31a7ac7f726691bdaefcd6406086706d73b00,8,2024-03-01 09:31:01,2024-03-01 09:36:53,67,0.4925373134328358,4.701492537313433,19.39999999999999,0.45740740740740726,0.40833333333333327,1.4699999999999995,0,0,0,0.46722222222222215,5.866666666666666,True,0.0,4.701492537313433,9.545454545454545,0,0.0,0.0,0.0
ab865e8b13c8eb20ddf3e1b2d9f31a7ac7f726691bdaefcd6406086706d73b00,9,2024-03-01 10:36:50,2024-03-01 10:36:50,1,0.0,0.0,0.0,0.0,0.0,0.0,0,0,0,0.0,0.0,False,0.0,0.0,0.0,0,,,
ab865e8b13c8eb20ddf3e1b2d9f31a7ac7f726691bdaefcd6406086706d73b00,10,2024-03-01 11:39:49,2024-03-01 11:39:49,1,0.0,0.0,0.0,0.0,0.0,0.0,0,0,0,0.0,0.0,False,0.0,0.0,0.0,0,,,
ab865e8b13c8eb20ddf3e1b2d9f31a7ac7f726691bdaefcd6406086706d73b00,11,2024-03-01 13:04:39,2024-03-01 13:05:15,2,0.0,0.0,0.0,0.0,0.0,0.0,0,0,0,0.0,0.6,False,0.0,0.0,0.0,0,,,
ab865e8b13c8eb20ddf3e1b2d9f31a7ac7f726691bdaefcd6406086706d73b00,12,2024-03-01 16:14:07,2024-03-01 16:14:07,1,0.0,0.0,0.0,0.0,0.0,0.0,0,0,0,0.0,0.0,False,0.0,0.0,0.0,0,,,
ab865e8b13c8eb20ddf3e1b2d9f31a7ac7f726691bdaefcd6406086706d73b00,13,2024-03-01 17:22:39,2024-03-01 17:22:39,1,0.0,0.0,0.0,0.0,0.0,0.0,0,0,0,0.0,0.0,False,0.0,0.0,0.0,0,,,
ac1a09d81b324e28ab0022ec56b01f3082970d38f35c5ac78a4f115f23afee7d,1,2024-03-01 00:23:30,2024-03-01 00:23:30,1,0.0,0.0,0.0,0.0,0.0,0.0,0,0,0,0.0,0.0,False,1.0,0.0,0.0,0,,,
ac1a09d81b324e28ab0022ec56b01f3082970d38f35c5ac78a4f115f23afee7d,2,2024-03-01 08:52:16,2024-03-01 09:05:04,134,0.7611940298507462,11.507462686567164,25.0,0.6050925925925925,0.611111111111111,2.2,0,0,0,2.1091666666666664,12.8,True,0.0,11.507462686567164,15.117647058823529,0,0.0,0.0,0.0
ac1a09d81b324e28ab0022ec56b01f3082970d38f35c5ac78a4f115f23afee7d,3,2024-03-01 10:02:48,2024-03-01 10:32:47,310,0.6838709677419355,11.335483870967742,30.100000000000023,0.5861111111111118,0.6069444444444445,2.1850000000000005,0,0,0,5.267777777777777,29.983333333333334,True,0.0,11.335483870967742,16.57547169811321,0,0.0,0.0,0.0
ac1a09d81b324e28ab0022ec56b01f3082970d38f35c5ac78a4f115f23afee7d,4,2024-03-01 11:16:46,2024-03-01 11:38:29,232,0.7413793103448276,13.39655172413793,31.0,0.6361111111111104,0.611111111111111,2.2,0,0,0,4.632777777777777,21.716666666666665,True,0.0,13.39655172413793,18.069767441860463,0,0.0,0.0,0.0
ac1a09d81b324e28ab0022ec56b01f3082970d38f35c5ac78a4f115f23afee7d,5,2024-03-01 12:13:50,2024-03-01 12:27:19,140,0.6857142857142857,8.457142857142857,20.0,0.5004629629629628,0.5004629629629628,1.801666666666666,0,0,0,1.7866666666666666,13.483333333333333,True,0.0,8.457142857142857,12.333333333333334,0,0.0,0.0,0.0
ac1a09d81b324e28ab0022ec56b01f3082970d38f35c5ac78a4f115f23afee7d,6,2024-03-01 17:50:30,2024-03-01 17:51:30,2,0.0,0.0,0.0,0.0,0.0,0.0,0,0,0,0.0,1.0,False,0.0,0.0,0.0,0,,,
ac1a09d81b324e28ab0022ec56b01f3082970d38f35c5ac78a4f115f23afee7d,7,2024-03-01 18:18:56,2024-03-01 18:30:01,127,0.5118110236220472,4.582677165354331,18.0,0.5064814814814813,0.4574074074074072,1.646666666666666,0,0,0,0.8177777777777779,11.083333333333334,True,0.0,4.582677165354331,8.953846153846154,0,0.0,0.0,0.0
ac78e0ab976762760834db3ac0266d62fe5476285ce558c9d3899be9ba019d53,1,2024-03-01 00:05:33,2024-03-01 00:05:33,1,0.0,0.0,0.0,0.0,0.0,0.0,0,0,0,0.0,0.0,False,1.0,0.0,0.0,0,,,
ac78e0ab976762760834db3ac0266d62fe5476285ce558c9d3899be9ba019d53,2,2024-03-01 02:38:02,2024-03-01 02:38:02,1,0.0,0.0,0.0,0.0,0.0,0.0,0,0,0,0.0,0.0,False,1.0,0.0,0.0,0,,,
ac78e0ab976762760834db3ac0266d62fe5476285ce558c9d3899be9ba019d53,3,2024-03-01 03:54:24,2024-03-01 03:54:24,1,0.0,0.0,0.0,0.0,0.0,0.0,0,0,0,0.0,0.0,False,1.0,0.0,0.0,0,,,
ac78e0ab976762760834db3ac0266d62fe5476285ce558c9d3899be9ba019d53,4,2024-03-01 05:10:47,2024-03-01 05:10:47,1,0.0,0.0,0.0,0.0,0.0,0.0,0,0,0,0.0,0.0,False,1.0,0.0,0.0,0,,,
ac78e0ab976762760834db3ac0266d62fe5476285ce558c9d3899be9ba019d53,5,2024-03-01 06:27:15,2024-03-01 06:27:15,1,0.0,0.0,0.0,0.0,0.0,0.0,0,0,0,0.0,0.0,False,0.0,0.0,0.0,0,,,
ac78e0ab976762760834db3ac0266d62fe5476285ce558c9d3899be9ba019d53,6,2024-03-01 07:43:40,2024-03-01 07:45:56,2,0.0,0.0,0.0,0.0,0.0,0.0,0,0,0,0.0,2.2666666666666666,False,0.0,0.0,0.0,0,,,
ac78e0ab976762760834db3ac0266d62fe5476285ce558c9d3899be9ba019d53,7,2024-03-01 07:54:05,2024-03-01 08:05:53,138,0.7101449275362319,12.630434782608695,31.30000000000001,0.8500000000000005,0.8333333333333333,3.0,0,0,0,2.4311111111111114,11.8,True,0.0,12.630434782608695,17.785714285714285,0,0.0,0.0,0.0
ac78e0ab976762760834db3ac0266d62fe5476285ce558c9d3899be9ba019d53,8,2024-03-01 09:06:11,2024-03-01 09:06:11,1,0.0,0.0,0.0,0.0,0.0,0.0,0,0,0,0.0,0.0,False,0.0,0.0,0.0,0,,,
ac78e0ab976762760834db3ac0266d62fe5476285ce558c9d3899be9ba019d53,9,2024-03-01 10:06:58,2024-03-01 10:06:58,1,0.0,0.0,0.0,0.0,0.0,0.0,0,0,0,0.0,0.0,False,0.0,0.0,0.0,0,,,
ac78e0ab976762760834db3ac0266d62fe5476285ce558c9d3899be9ba019d53,10,2024-03-01 12:40:59,2024-03-01 12:40:59,1,0.0,0.0,0.0,0.0,0.0,0.0,0,0,0,0.0,0.0,False,0.0,0.0,0.0,0,,,
ac78e0ab976762760834db3ac0266d62fe5476285ce558c9d3899be9ba019d53,11,2024-03-01 12:46:23,2024-03-01 12:48:56,30,0.7333333333333333,10.6,24.549999999999997,0.5050925925925925,0.44999999999999973,1.6199999999999988,0,0,0,0.44055555555555553,2.55,True,0.0,10.6,14.454545454545455,0,0.0,0.0,0.0
ac78e0ab976762760834db3ac0266d62fe5476285ce558c9d3899be9ba019d53,12,2024-03-01 12:57:13,2024-03-01 13:21:11,266,0.6804511278195489,8.515037593984962,22.0,0.6979166666666665,0.611111111111111,2.2,1,0,0,3.216111111111111,23.966666666666665,True,0.0,8.515037593984962,12.513812154696133,0,0.0,0.3109345310070824,0.0
ac78e0ab976762760834db3ac0266d62fe5476285ce558c9d3899be9ba019d53,13,2024-03-01 14:21:29,2024-03-01 14:21:29,1,0.0,0.0,0.0,0.0,0.0,0.0,0,0,0,0.0,0.0,False,0.0,0.0,0.0,0,,,
ac78e0ab976762760834db3ac0266d62fe5476285ce558c9d3899be9ba019d53,14,2024-03-01 15:13:53,2024-03-01 15:22:37,93,0.7634408602150538,12.741935483870968,33.79999999999998,1.0111111111111095,0.8037037037037019,2.8933333333333273,0,0,0,1.6647222222222222,8.733333333333333,True,0.0,12.741935483870968,16.690140845070424,0,0.0,0.0,0.0
ac78e0ab976762760834db3ac0266d62fe5476285ce558c9d3899be9ba019d53,15,2024-03-01 16:31:00,2024-03-01 16:31:00,1,0.0,0.0,0.0,0.0,0.0,0.0,0,0,0,0.0,0.0,False,0.0,0.0,0.0,0,,,
ac78e0ab976762760834db3ac0266d62fe5476285ce558c9d3899be9ba019d53,16,2024-03-01 16:58:16,2024-03-01 17:08:36,115,0.6869565217391305,14.243478260869566,37.3,0.7944444444444443,0.9055555555555554,3.2599999999999993,0,0,0,2.5430555555555556,10.333333333333334,True,0.0,14.243478260869566,20.734177215189874,0,0.0,0.0,0.0
ac78e0ab976762760834db3ac0266d62fe5476285ce558c9d3899be9ba019d53,17,2024-03-01 18:09:24,2024-03-01 18:09:24,1,0.0,0.0,0.0,0.0,0.0,0.0,0,0,0,0.0,0.0,False,0.0,0.0,0.0,0,,,
acc3a7294c60657074a83f843596a28ef08c81271a06d85e7e5fc106d83a2e38,1,2024-03-01 07:19:38,2024-03-01 07:21:02,2,0.0,0.0,0.0,0.0,0.0,0.0,0,0,0,0.0,1.4,False,0.0,0.0,0.0,0,,,
acc3a7294c60657074a83f843596a28ef08c81271a06d85e7e5fc106d83a2e38,2,2024-03-01 08:18:25,2024-03-01 08:38:14,198,0.8838383838383839,43.58585858585859,88.0,0.9444444444444443,0.9527777777777764,3.4299999999999953,0,0,0,15.103888888888887,19.816666666666666,True,0.0,43.58585858585859,49.31428571428572,0,0.0,0.0,0.0
acc3a7294c60657074a83f843596a28ef08c81271a06d85e7e5fc106d83a2e38,3,2024-03-01 09:07:22,2024-03-01 09:07:22,1,0.0,0.0,0.0,0.0,0.0,0.0,0,0,0,0.0,0.0,False,0.0,0.0,0.0,0,,,
acc3a7294c60657074a83f843596a28ef08c81271a06d85e7e5fc106d83a2e38,4,2024-03-01 10:21:05,2024-03-01 10:21:05,1,0.0,0.0,0.0,0.0,0.0,0.0,0,0,0,0.0,0.0,False,0.0,0.0,0.0,0,,,
acc3a7294c60657074a83f843596a28ef08c81271a06d85e7e5fc106d83a2e38,5,2024-03-01 11:47:32,2024-03-01 11:47:32,1,0.0,0.0,0.0,0.0,0.0,0.0,0,0,0,0.0,0.0,False,0.0,0.0,0.0,0,,,
acc3a7294c60657074a83f843596a28ef08c81271a06d85e7e5fc106d83a2e38,6,2024-03-01 14:36:15,2024-03-01 14:41:25,52,0.9423076923076923,39.76923076923077,68.0,0.4013888888888888,0.6611111111111108,2.3799999999999986,0,0,0,3.4913888888888884,5.166666666666667,True,0.0,39.76923076923077,42.204081632653065,0,0.0,0.0,0.0
acc3a7294c60657074a83f843596a28ef08c81271a06d85e7e5fc106d83a2e38,7,2024-03-01 15:06:26,2024-03-01 15:12:08,56,0.8392857142857143,38.589285714285715,72.0,0.6388888888888886,0.5671296296296295,2.0416666666666665,0,0,0,3.1366666666666663,5.7,True,0.0,38.589285714285715,45.97872340425532,0,0.0,0.0,0.0
acc3a7294c60657074a83f843596a28ef08c81271a06d85e7e5fc106d83a2e38,8,2024-03-01 15:39:08,2024-03-01 15:41:10,24,0.75,12.75,25.0,0.7055555555555553,0.49166666666666653,1.7699999999999996,0,0,0,0.4511111111111111,2.033333333333333,True,0.0,12.75,17.0,0,0.0,0.0,0.0
acc3a7294c60657074a83f843596a28ef08c81271a06d85e7e5fc106d83a2e38,9,2024-03-01 15:47:32,2024-03-01 15:55:05,86,0.7906976744186046,18.523255813953487,45.0,0.7152777777777777,0.5439814814814816,1.9583333333333333,0,0,0,2.3494444444444444,7.55,True,0.0,18.523255813953487,23.426470588235293,0,0.0,0.0,0.0
acc3a7294c60657074a83f843596a28ef08c81271a06d85e7e5fc106d83a2e38,10,2024-03-01 16:55:14,2024-03-01 16:55:14,1,0.0,0.0,0.0,0.0,0.0,0.0,0,0,0,0.0,0.0,False,0.0,0.0,0.0,0,,,
accd783f609903832789b99c0eb11548bd4ed2cc6e3e725b2852c0fb1a8b7a11,1,2024-03-01 07:50:57,2024-03-01 07:52:57,20,0.5,4.95,16.400000000000006,0.4527777777777778,0.374074074074074,1.3466666666666667,0,0,0,0.14027777777777778,2.0,True,0.0,4.95,9.9,0,0.0,0.0,0.0
accd783f609903832789b99c0eb11548bd4ed2cc6e3e725b2852c0fb1a8b7a11,2,2024-03-01 08:00:52,2024-03-01 08:00:52,1,0.0,0.0,0.0,0.0,0.0,0.0,0,0,0,0.0,0.0,False,0.0,0.0,0.0,0,,,
accd783f609903832789b99c0eb11548bd4ed2cc6e3e725b2852c0fb1a8b7a11,3,2024-03-01 09:28:59,2024-03-01 09:29:54,2,0.0,0.0,0.0,0.0,0.0,0.0,0,0,0,0.0,0.9166666666666666,False,0.0,0.0,0.0,0,,,
accd783f609903832789b99c0eb11548bd4ed2cc6e3e725b2852c0fb1a8b7a11,4,2024-03-01 14:26:03,2024-03-01 14:26:03,1,0.0,0.0,0.0,0.0,0.0,0.0,0,0,0,0.0,0.0,False,0.0,0.0,0.0,0,,,
accd783f609903832789b99c0eb11548bd4ed2cc6e3e725b2852c0fb1a8b7a11,5,2024-03-01 15:03:51,2024-03-01 15:28:35,128,0.8359375,18.75,42.0,0.7027777777777772,0.6833333333333322,2.459999999999997,0,0,0,3.351666666666666,24.733333333333334,True,0.0,18.75,22.429906542056074,0,0.0,0.0,0.0
accd783f609903832789b99c0eb11548bd4ed2cc6e3e725b2852c0fb1a8b7a11,6,2024-03-01 15:40:27,2024-03-01 15:52:42,77,0.7402597402597403,22.974025974025974,53.80000000000001,0.9055555555555557,1.1222222222222222,4.040000000000001,0,0,0,3.0066666666666664,12.25,True,0.0,22.974025974025974,31.035087719298247,0,0.0,0.0,0.0
accd783f609903832789b99c0eb11548bd4ed2cc6e3e725b2852c0fb1a8b7a11,7,2024-03-01 17:49:29,2024-03-01 17:49:29,1,0.0,0.0,0.0,0.0,0.0,0.0,0,0,0,0.0,0.0,False,0.0,0.0,0.0,0,,,
acd559039e25a2eaff64f757ec1d6c80ae6248ffb88c49b33956b96b35639819,1,2024-03-01 00:00:00,2024-03-01 00:12:03,140,0.7928571428571428,8.757142857142858,25.0,0.5171296296296269,0.5555555555555554,2.0,0,0,0,1.7111111111111108,12.05,True,1.0,8.757142857142858,11.045045045045045,0,0.0,0.0,0.0
acd559039e25a2eaff64f757ec1d6c80ae6248ffb88c49b33956b96b35639819,2,2024-03-01 00:17:43,2024-03-01 00:20:50,35,0.14285714285714285,0.14285714285714285,1.0,0.0,0.0,0.0,0,0,0,0.0075,3.1166666666666667,False,1.0,0.14285714285714285,1.0,0,0.0,0.0,0.0
acd559039e25a2eaff64f757ec1d6c80ae6248ffb88c49b33956b96b35639819,3,2024-03-01 01:20:40,2024-03-01 01:20:40,1,0.0,0.0,0.0,0.0,0.0,0.0,0,0,0,0.0,0.0,False,1.0,0.0,0.0,0,,,
acd559039e25a2eaff64f757ec1d6c80ae6248ffb88c49b33956b96b35639819,4,2024-03-01 13:09:38,2024-03-01 13:23:19,161,0.8074534161490683,26.577639751552795,75.0,0.888888888888889,0.7222222222222223,2.6,0,0,0,6.097777777777776,13.683333333333334,True,0.0,26.577639751552795,32.91538461538462,0,0.0,0.0,0.0
acd559039e25a2eaff64f757ec1d6c80ae6248ffb88c49b33956b96b35639819,5,2024-03-01 14:23:11,2024-03-01 15:29:11,719,0.7260083449235049,11.908205841446453,42.0,0.602777777777778,0.6027777777777781,2.170000000000001,0,0,0,12.068333333333332,66.0,True,0.0,11.908205841446453,16.402298850574713,0,0.0,0.0,0.0
acd559039e25a2eaff64f757ec1d6c80ae6248ffb88c49b33956b96b35639819,6,2024-03-01 16:53:38,2024-03-01 17:01:08,90,0.7777777777777778,13.933333333333334,39.099999999999994,1.0180555555555553,0.9256944444444442,3.3324999999999996,0,0,0,1.6888888888888887,7.5,True,0.0,13.933333333333334,17.914285714285715,0,0.0,0.0,0.0
acd559039e25a2eaff64f757ec1d6c80ae6248ffb88c49b33956b96b35639819,7,2024-03-01 17:49:40,2024-03-01 17:49:40,1,0.0,0.0,0.0,0.0,0.0,0.0,0,0,0,0.0,0.0,False,0.0,0.0,0.0,0,,,
ad189ad113b5c7618ea95294ecdb0f534a5ff9c99920b7b3f5d124be2d0517ea,1,2024-03-01 13:20:05,2024-03-01 13:20:48,9,0.7777777777777778,6.888888888888889,20.4,0.09999999999999994,0.5740740740740738,2.0666666666666655,0,0,0,0.060833333333333336,0.7166666666666667,True,0.0,6.888888888888889,8.857142857142858,0,0.0,0.0,0.0
ad189ad113b5c7618ea95294ecdb0f534a5ff9c99920b7b3f5d124be2d0517ea,2,2024-03-01 13:56:45,2024-03-01 14:01:57,51,0.8431372549019608,12.470588235294118,29.0,0.4513888888888889,0.5324074074074074,1.9166666666666665,0,0,0,0.9088888888888887,5.2,True,0.0,12.470588235294118,14.790697674418604,0,0.0,0.0,0.0
ad189ad113b5c7618ea95294ecdb0f534a5ff9c99920b7b3f5d124be2d0517ea,3,2024-03-01 14:45:02,2024-03-01 14:53:47,89,0.0449438202247191,0.34831460674157305,0.0,0.0,-0.0,-0.0,0,0,0,0.04583333333333333,8.75,False,0.0,0.34831460674157305,7.75,0,0.0,0.0,0.0
ad189ad113b5c7618ea95294ecdb0f534a5ff9c99920b7b3f5d124be2d0517ea,4,2024-03-01 15:44:35,2024-03-01 15:51:38,71,0.9436619718309859,20.732394366197184,48.0,0.4722222222222222,0.6064814814814815,2.1833333333333336,0,0,0,2.141111111111111,7.05,True,0.0,20.732394366197184,21.970149253731343,0,0.0,0.0,0.0
ad88bc8b5f552c16bcedeef1a464312390b85893daa2dbcd374bfc6245cba4e1,1,2024-03-01 08:37:22,2024-03-01 08:39:36,2,0.5,0.5,0.95,0.0,0.001969320066334992,0.00708955223880597,0,0,0,0.0,2.2333333333333334,False,0.0,0.5,1.0,0,,,
ad88bc8b5f552c16bcedeef1a464312390b85893daa2dbcd374bfc6245cba4e1,2,2024-03-01 09:24:53,2024-03-01 09:53:07,261,0.7931034482758621,14.203065134099617,40.0,0.6944444444444443,0.7222222222222221,2.6,0,0,0,8.588333333333335,28.233333333333334,True,0.0,14.203065134099617,17.908212560386474,0,0.0,0.0,0.0
ae23f2e5dec17d25e2bfac8307d68c2ecaf0c3de164b38cdac373f3989a4bea5,1,2024-03-01 09:32:08,2024-03-01 09:32:08,1,0.0,0.0,0.0,0.0,0.0,0.0,0,0,0,0.0,0.0,False,0.0,0.0,0.0,0,,,
ae23f2e5dec17d25e2bfac8307d68c2ecaf0c3de164b38cdac373f3989a4bea5,2,2024-03-01 10:20:36,2024-03-01 10:21:13,8,0.625,1.625,6.199999999999996,0.28888888888888864,0.3083333333333331,1.1099999999999994,0,0,0,0.016944444444444443,0.6166666666666667,True,0.0,1.625,2.6,0,0.0,0.0,0.0
ae23f2e5dec17d25e2bfac8307d68c2ecaf0c3de164b38cdac373f3989a4bea5,3,2024-03-01 10:33:51,2024-03-01 10:56:47,240,0.7875,23.104166666666668,55.0,0.611111111111111,0.611111111111111,2.2,0,0,0,9.817777777777778,22.933333333333334,True,0.0,23.104166666666668,29.33862433862434,0,0.0,0.0,0.0
ae23f2e5dec17d25e2bfac8307d68c2ecaf0c3de164b38cdac373f3989a4bea5,4,2024-03-01 11:04:51,2024-03-01 11:34:29,287,0.5644599303135889,14.088850174216027,50.0,0.6944444444444443,0.886111111111111,3.1899999999999995,1,0,0,6.769305555555555,29.633333333333333,True,0.0,14.088850174216027,24.959876543209877,0,0.0,0.14772564065737911,0.0
ae23f2e5dec17d25e2bfac8307d68c2ecaf0c3de164b38cdac373f3989a4bea5,5,2024-03-01 12:34:21,2024-03-01 12:34:21,1,0.0,0.0,0.0,0.0,0.0,0.0,0,0,0,0.0,0.0,False,0.0,0.0,0.0,0,,,
ae23f2e5dec17d25e2bfac8307d68c2ecaf0c3de164b38cdac373f3989a4bea5,6,2024-03-01 16:52:14,2024-03-01 16:52:14,1,1.0,1.0,1.0,0.0,0.0,0.0,0,0,0,0.0,0.0,False,0.0,1.0,1.0,0,,,
aeb902a90dfe8a4834e5b1e4d88cf9a04c8f2144e5e3ea6a8fc0f29f7097d8f8,1,2024-03-01 06:45:41,2024-03-01 06:45:41,1,0.0,0.0,0.0,0.0,0.0,0.0,0,0,0,0.0,0.0,False,0.0,0.0,0.0,0,,,
af07463ebca259bf512e3f6a000cba69b1741b0265b72690e69dc102a4d40247,1,2024-03-01 00:37:43,2024-03-01 00:37:43,1,0.0,0.0,0.0,0.0,0.0,0.0,0,0,0,0.0,0.0,False,1.0,0.0,0.0,0,,,
af07463ebca259bf512e3f6a000cba69b1741b0265b72690e69dc102a4d40247,2,2024-03-01 06:19:57,2024-03-01 06:19:57,1,0.0,0.0,0.0,0.0,0.0,0.0,0,0,0,0.0,0.0,False,0.0,0.0,0.0,0,,,
af07463ebca259bf512e3f6a000cba69b1741b0265b72690e69dc102a4d40247,3,2024-03-01 06:52:56,2024-03-01 07:43:06,534,0.9176029962546817,33.31460674157304,74.0,0.7041666666666656,0.7041666666666658,2.5349999999999966,0,0,0,26.131666666666664,50.166666666666664,True,0.0,33.31460674157304,36.30612244897959,0,0.0,0.0,0.0
af07463ebca259bf512e3f6a000cba69b1741b0265b72690e69dc102a4d40247,4,2024-03-01 17:09:35,2024-03-01 18:04:12,566,0.7667844522968198,18.886925795053003,68.0,0.611111111111111,0.6388888888888888,2.3000000000000003,0,0,0,16.81833333333333,54.61666666666667,True,0.0,18.886925795053003,24.631336405529954,0,0.0,0.0,0.0
af07463ebca259bf512e3f6a000cba69b1741b0265b72690e69dc102a4d40247,5,2024-03-01 18:15:45,2024-03-01 18:28:01,140,0.2857142857142857,5.435714285714286,25.099999999999966,0.3273148148148138,0.41805555555555507,1.5049999999999983,0,0,0,1.0602777777777779,12.266666666666667,True,0.0,5.435714285714286,19.025,0,0.0,0.0,0.0
af2d947b29d40dfb21c728f40a21db9991c5c054078b890e7f5c2d9312e1e66c,1,2024-03-01 08:32:23,2024-03-01 08:56:53,262,0.9580152671755725,26.706106870229007,66.0,0.692129629629629,0.9444444444444443,3.4,0,1,0,10.294166666666666,24.5,True,0.0,26.706106870229007,27.87649402390438,0,0.09714239456002592,0.0,0.0
af2d947b29d40dfb21c728f40a21db9991c5c054078b890e7f5c2d9312e1e66c,2,2024-03-01 10:03:41,2024-03-01 11:00:17,591,0.9593908629441624,73.2165820642978,122.0,0.7222222222222225,0.8333333333333335,3.0,0,1,0,72.09416666666665,56.6,True,0.0,73.2165820642978,76.31569664902999,0,0.013870747748893233,0.0,0.0
af2d947b29d40dfb21c728f40a21db9991c5c054078b890e7f5c2d9312e1e66c,3,2024-03-01 11:32:33,2024-03-01 11:38:41,74,0.3783783783783784,6.54054054054054,35.69999999999999,0.6365740740740726,0.6240740740740738,2.246666666666666,0,0,0,0.6325,6.133333333333334,True,0.0,6.54054054054054,17.285714285714285,0,0.0,0.0,0.0
af2d947b29d40dfb21c728f40a21db9991c5c054078b890e7f5c2d9312e1e66c,4,2024-03-01 11:47:56,2024-03-01 12:10:52,265,0.8603773584905661,45.72641509433962,112.0,0.9444444444444445,1.0,3.6,0,0,0,18.04736111111111,22.933333333333334,True,0.0,45.72641509433962,53.146929824561404,0,0.0,0.0,0.0
af2d947b29d40dfb21c728f40a21db9991c5c054078b890e7f5c2d9312e1e66c,5,2024-03-01 13:11:17,2024-03-01 13:11:17,1,0.0,0.0,0.0,0.0,0.0,0.0,0,0,0,0.0,0.0,False,0.0,0.0,0.0,0,,,
af2d947b29d40dfb21c728f40a21db9991c5c054078b890e7f5c2d9312e1e66c,6,2024-03-01 14:12:09,2024-03-01 15:18:01,668,0.8308383233532934,32.541916167664674,101.0,0.625,0.8138888888888877,2.9299999999999953,0,0,0,33.25263888888888,65.86666666666666,True,0.0,32.541916167664674,39.167567567567566,0,0.0,0.0,0.0
af2d947b29d40dfb21c728f40a21db9991c5c054078b890e7f5c2d9312e1e66c,7,2024-03-01 16:18:21,2024-03-01 16:18:21,1,0.0,0.0,0.0,0.0,0.0,0.0,0,0,0,0.0,0.0,False,0.0,0.0,0.0,0,,,
af2d947b29d40dfb21c728f40a21db9991c5c054078b890e7f5c2d9312e1e66c,8,2024-03-01 18:26:32,2024-03-01 18:29:49,3,0.0,0.0,0.0,0.0,-0.0,-0.0,0,0,0,0.0,3.283333333333333,False,0.0,0.0,0.0,0,,,
afd77e887f91cf373f4faf096ce58647a568c19a6d07d009caeb488f2c3f1dba,1,2024-03-01 00:14:41,2024-03-01 00:14:41,1,1.0,3.0,3.0,0.0,0.0,0.0,0,0,0,0.0,0.0,False,1.0,3.0,3.0,0,,,
afd77e887f91cf373f4faf096ce58647a568c19a6d07d009caeb488f2c3f1dba,2,2024-03-01 01:23:30,2024-03-01 01:23:30,1,0.0,0.0,0.0,0.0,0.0,0.0,0,0,0,0.0,0.0,False,1.0,0.0,0.0,0,,,
afd77e887f91cf373f4faf096ce58647a568c19a6d07d009caeb488f2c3f1dba,3,2024-03-01 03:41:10,2024-03-01 03:41:10,1,0.0,0.0,0.0,0.0,0.0,0.0,0,0,0,0.0,0.0,False,1.0,0.0,0.0,0,,,
afd77e887f91cf373f4faf096ce58647a568c19a6d07d009caeb488f2c3f1dba,4,2024-03-01 04:50:02,2024-03-01 04:50:02,1,0.0,0.0,0.0,0.0,0.0,0.0,0,0,0,0.0,0.0,False,1.0,0.0,0.0,0,,,
afd77e887f91cf373f4faf096ce58647a568c19a6d07d009caeb488f2c3f1dba,5,2024-03-01 07:10:08,2024-03-01 07:10:08,1,0.0,0.0,0.0,0.0,0.0,0.0,0,0,0,0.0,0.0,False,0.0,0.0,0.0,0,,,
afd77e887f91cf373f4faf096ce58647a568c19a6d07d009caeb488f2c3f1dba,6,2024-03-01 07:47:03,2024-03-01 07:49:41,32,0.84375,14.09375,27.0,0.6694444444444444,0.7986111111111108,2.8749999999999996,0,0,0,0.6491666666666668,2.6333333333333333,True,0.0,14.09375,16.703703703703702,0,0.0,0.0,0.0
afd77e887f91cf373f4faf096ce58647a568c19a6d07d009caeb488f2c3f1dba,7,2024-03-01 08:50:07,2024-03-01 08:50:07,1,0.0,0.0,0.0,0.0,0.0,0.0,0,0,0,0.0,0.0,False,0.0,0.0,0.0,0,,,
afd77e887f91cf373f4faf096ce58647a568c19a6d07d009caeb488f2c3f1dba,8,2024-03-01 08:56:04,2024-03-01 09:18:37,273,0.5641025641025641,13.901098901098901,44.0,0.7888888888888852,0.9555555555555548,3.4399999999999977,1,0,0,5.088611111111112,22.55,True,0.0,13.901098901098901,24.642857142857142,0,0.0,0.1965172771439489,0.0
afd77e887f91cf373f4faf096ce58647a568c19a6d07d009caeb488f2c3f1dba,9,2024-03-01 10:19:05,2024-03-01 10:19:05,1,0.0,0.0,0.0,0.0,0.0,0.0,0,0,0,0.0,0.0,False,0.0,0.0,0.0,0,,,
afd77e887f91cf373f4faf096ce58647a568c19a6d07d009caeb488f2c3f1dba,10,2024-03-01 15:55:23,2024-03-01 16:06:22,117,0.5897435897435898,14.863247863247864,40.0,0.7481481481481478,0.6259259259259244,2.2533333333333285,0,0,0,2.4963888888888888,10.983333333333333,True,0.0,14.863247863247864,25.202898550724637,0,0.0,0.0,0.0
afd77e887f91cf373f4faf096ce58647a568c19a6d07d009caeb488f2c3f1dba,11,2024-03-01 16:22:35,2024-03-01 16:33:19,112,0.5625,14.223214285714286,40.0,1.287037037037035,1.1611111111111099,4.179999999999995,0,0,0,2.068333333333333,10.733333333333333,True,0.0,14.223214285714286,25.285714285714285,0,0.0,0.0,0.0
afd77e887f91cf373f4faf096ce58647a568c19a6d07d009caeb488f2c3f1dba,12,2024-03-01 18:28:36,2024-03-01 18:28:36,1,0.0,0.0,0.0,0.0,0.0,0.0,0,0,0,0.0,0.0,False,0.0,0.0,0.0,0,,,
b00cb3a7e00984e79f09b734cd461381e60426354842e4393dd4f5b6a76ce91d,1,2024-03-01 07:43:46,2024-03-01 07:49:33,64,0.796875,21.8125,42.0,0.4995370370370366,0.5078703703703703,1.8283333333333331,0,0,0,2.160555555555556,5.783333333333333,True,0.0,21.8125,27.372549019607842,0,0.0,0.0,0.0
b00cb3a7e00984e79f09b734cd461381e60426354842e4393dd4f5b6a76ce91d,2,2024-03-01 12:03:04,2024-03-01 12:03:04,1,0.0,0.0,0.0,0.0,0.0,0.0,0,0,0,0.0,0.0,False,0.0,0.0,0.0,0,,,
b00cb3a7e00984e79f09b734cd461381e60426354842e4393dd4f5b6a76ce91d,3,2024-03-01 14:19:20,2024-03-01 14:19:20,1,1.0,1.0,1.0,0.0,0.0,0.0,0,0,0,0.0,0.0,False,0.0,1.0,1.0,0,,,
b00cb3a7e00984e79f09b734cd461381e60426354842e4393dd4f5b6a76ce91d,4,2024-03-01 16:34:44,2024-03-01 16:34:44,1,0.0,0.0,0.0,0.0,0.0,0.0,0,0,0,0.0,0.0,False,0.0,0.0,0.0,0,,,
b00cb3a7e00984e79f09b734cd461381e60426354842e4393dd4f5b6a76ce91d,5,2024-03-01 17:42:34,2024-03-01 17:42:34,1,0.0,0.0,0.0,0.0,0.0,0.0,0,0,0,0.0,0.0,False,0.0,0.0,0.0,0,,,
b19efa60ff4f9e66c9ddbc2b56d247a19cf85fba1f55236e886cc42cc5e0583d,1,2024-03-01 08:48:31,2024-03-01 09:12:20,220,0.9954545454545455,29.2,64.09999999999997,0.7222222222222221,0.8333333333333333,3.0,0,0,0,11.556666666666667,23.816666666666666,True,0.0,29.2,29.333333333333332,0,0.0,0.0,0.0
b19efa60ff4f9e66c9ddbc2b56d247a19cf85fba1f55236e886cc42cc5e0583d,2,2024-03-01 09:21:16,2024-03-01 09:21:16,1,0.0,0.0,0.0,0.0,0.0,0.0,0,0,0,0.0,0.0,False,0.0,0.0,0.0,0,,,
b19efa60ff4f9e66c9ddbc2b56d247a19cf85fba1f55236e886cc42cc5e0583d,3,2024-03-01 09:26:44,2024-03-01 09:35:11,42,0.5476190476190477,11.238095238095237,45.79999999999998,0.9893518518518509,0.601388888888888,2.1649999999999974,0,0,0,0.6766666666666666,8.45,True,0.0,11.238095238095237,20.52173913043478,0,0.0,0.0,0.0
b19efa60ff4f9e66c9ddbc2b56d247a19cf85fba1f55236e886cc42cc5e0583d,4,2024-03-01 13:35:02,2024-03-01 14:18:51,416,0.8533653846153846,29.786057692307693,72.0,0.5092592592592592,0.5324074074074074,1.9166666666666665,0,0,0,19.356944444444444,43.81666666666667,True,0.0,29.786057692307693,34.904225352112675,0,0.0,0.0,0.0
b19efa60ff4f9e66c9ddbc2b56d247a19cf85fba1f55236e886cc42cc5e0583d,5,2024-03-01 14:35:36,2024-03-01 14:43:20,63,0.873015873015873,33.07936507936508,79.0,0.8787037037037039,0.661111111111111,2.3799999999999994,0,0,0,4.2430555555555545,7.733333333333333,True,0.0,33.07936507936508,37.89090909090909,0,0.0,0.0,0.0
b19efa60ff4f9e66c9ddbc2b56d247a19cf85fba1f55236e886cc42cc5e0583d,6,2024-03-01 15:20:16,2024-03-01 15:26:51,77,0.935064935064935,21.844155844155843,46.0,0.7222222222222221,0.7777777777777786,2.800000000000003,0,0,0,2.3769444444444443,6.583333333333333,True,0.0,21.844155844155843,23.36111111111111,0,0.0,0.0,0.0
b19efa60ff4f9e66c9ddbc2b56d247a19cf85fba1f55236e886cc42cc5e0583d,7,2024-03-01 15:36:43,2024-03-01 15:38:02,16,0.6875,8.625,18.5,0.5277777777777778,0.6018518518518519,2.1666666666666665,0,0,0,0.2008333333333333,1.3166666666666667,True,0.0,8.625,12.545454545454545,0,0.0,0.0,0.0
b19efa60ff4f9e66c9ddbc2b56d247a19cf85fba1f55236e886cc42cc5e0583d,8,2024-03-01 17:28:58,2024-03-01 17:29:37,2,0.0,0.0,0.0,0.0,0.0,0.0,0,0,0,0.0,0.65,False,0.0,0.0,0.0,0,,,
b2277476adeba08699d94b6782185a914478754c4c99812fb43ce3646a483755,1,2024-03-01 00:11:29,2024-03-01 00:41:12,346,0.9479768786127167,53.45086705202312,85.0,0.8055555555555555,0.986111111111111,3.55,0,2,0,26.96805555555555,29.716666666666665,True,1.0,53.45086705202312,56.38414634146341,0,0.07416181696451564,0.0,0.0
b2277476adeba08699d94b6782185a914478754c4c99812fb43ce3646a483755,2,2024-03-01 01:40:54,2024-03-01 01:40:54,1,0.0,0.0,0.0,0.0,0.0,0.0,0,0,0,0.0,0.0,False,1.0,0.0,0.0,0,,,
b2277476adeba08699d94b6782185a914478754c4c99812fb43ce3646a483755,3,2024-03-01 03:46:56,2024-03-01 03:46:56,1,0.0,0.0,0.0,0.0,0.0,0.0,0,0,0,0.0,0.0,False,1.0,0.0,0.0,0,,,
b2277476adeba08699d94b6782185a914478754c4c99812fb43ce3646a483755,4,2024-03-01 10:42:53,2024-03-01 10:42:53,1,0.0,0.0,0.0,0.0,0.0,0.0,0,0,0,0.0,0.0,False,0.0,0.0,0.0,0,,,
b2277476adeba08699d94b6782185a914478754c4c99812fb43ce3646a483755,5,2024-03-01 13:01:33,2024-03-01 13:01:33,1,0.0,0.0,0.0,0.0,0.0,0.0,0,0,0,0.0,0.0,False,0.0,0.0,0.0,0,,,
b2277476adeba08699d94b6782185a914478754c4c99812fb43ce3646a483755,6,2024-03-01 14:10:44,2024-03-01 14:10:44,1,0.0,0.0,0.0,0.0,0.0,0.0,0,0,0,0.0,0.0,False,0.0,0.0,0.0,0,,,
b2277476adeba08699d94b6782185a914478754c4c99812fb43ce3646a483755,7,2024-03-01 16:28:38,2024-03-01 16:28:38,1,1.0,1.0,1.0,0.0,0.0,0.0,0,0,0,0.0,0.0,False,0.0,1.0,1.0,0,,,
b2277476adeba08699d94b6782185a914478754c4c99812fb43ce3646a483755,8,2024-03-01 17:38:06,2024-03-01 17:39:52,2,0.5,1.5,2.8499999999999996,0.0,0.007468553459119497,0.02688679245283019,0,0,0,0.0,1.7666666666666666,False,0.0,1.5,3.0,0,,,
b22f7ccce0a18fc0607c4ead4b3750c1ba09153390d4f5d8b7cdb54ecad4408e,1,2024-03-01 07:03:02,2024-03-01 08:05:09,712,0.8665730337078652,29.622191011235955,75.0,0.7222222222222221,0.8333333333333333,3.0,0,0,0,31.077916666666663,62.11666666666667,True,0.0,29.622191011235955,34.18314424635332,0,0.0,0.0,0.0
b22f7ccce0a18fc0607c4ead4b3750c1ba09153390d4f5d8b7cdb54ecad4408e,2,2024-03-01 09:05:05,2024-03-01 09:05:05,1,0.0,0.0,0.0,0.0,0.0,0.0,0,0,0,0.0,0.0,False,0.0,0.0,0.0,0,,,
b22f7ccce0a18fc0607c4ead4b3750c1ba09153390d4f5d8b7cdb54ecad4408e,3,2024-03-01 11:12:27,2024-03-01 11:12:27,1,0.0,0.0,0.0,0.0,0.0,0.0,0,0,0,0.0,0.0,False,0.0,0.0,0.0,0,,,
b22f7ccce0a18fc0607c4ead4b3750c1ba09153390d4f5d8b7cdb54ecad4408e,4,2024-03-01 12:19:11,2024-03-01 12:19:11,1,1.0,1.0,1.0,0.0,0.0,0.0,0,0,0,0.0,0.0,False,0.0,1.0,1.0,0,,,
b22f7ccce0a18fc0607c4ead4b3750c1ba09153390d4f5d8b7cdb54ecad4408e,5,2024-03-01 13:25:47,2024-03-01 13:25:47,1,0.0,0.0,0.0,0.0,0.0,0.0,0,0,0,0.0,0.0,False,0.0,0.0,0.0,0,,,
b22f7ccce0a18fc0607c4ead4b3750c1ba09153390d4f5d8b7cdb54ecad4408e,6,2024-03-01 15:39:01,2024-03-01 15:39:01,1,0.0,0.0,0.0,0.0,0.0,0.0,0,0,0,0.0,0.0,False,0.0,0.0,0.0,0,,,
b22f7ccce0a18fc0607c4ead4b3750c1ba09153390d4f5d8b7cdb54ecad4408e,7,2024-03-01 16:45:38,2024-03-01 16:45:38,1,0.0,0.0,0.0,0.0,0.0,0.0,0,0,0,0.0,0.0,False,0.0,0.0,0.0,0,,,
b22f7ccce0a18fc0607c4ead4b3750c1ba09153390d4f5d8b7cdb54ecad4408e,8,2024-03-01 17:52:19,2024-03-01 17:52:19,1,0.0,0.0,0.0,0.0,0.0,0.0,0,0,0,0.0,0.0,False,0.0,0.0,0.0,0,,,
b2442bc063aed9265ab2cd5e07fb9f792d41a7ad88432e0fb438f44989121d2b,1,2024-03-01 09:41:34,2024-03-01 09:49:37,88,0.875,56.81818181818182,104.29999999999998,0.4708333333333326,0.6111111111111112,2.2,0,0,0,7.282222222222222,8.05,True,0.0,56.81818181818182,64.93506493506493,0,0.0,0.0,0.0
b2442bc063aed9265ab2cd5e07fb9f792d41a7ad88432e0fb438f44989121d2b,2,2024-03-01 10:40:11,2024-03-01 10:56:40,188,0.7287234042553191,36.53191489361702,109.0,0.6078703703703704,0.6652777777777784,2.395000000000002,0,0,0,10.101388888888888,16.483333333333334,True,0.0,36.53191489361702,50.13138686131387,0,0.0,0.0,0.0
b2442bc063aed9265ab2cd5e07fb9f792d41a7ad88432e0fb438f44989121d2b,3,2024-03-01 11:45:38,2024-03-01 11:45:38,1,0.0,0.0,0.0,0.0,0.0,0.0,0,0,0,0.0,0.0,False,0.0,0.0,0.0,0,,,
b2442bc063aed9265ab2cd5e07fb9f792d41a7ad88432e0fb438f44989121d2b,4,2024-03-01 12:45:50,2024-03-01 12:45:50,1,0.0,0.0,0.0,0.0,0.0,0.0,0,0,0,0.0,0.0,False,0.0,0.0,0.0,0,,,
b2442bc063aed9265ab2cd5e07fb9f792d41a7ad88432e0fb438f44989121d2b,5,2024-03-01 15:24:49,2024-03-01 15:37:21,149,0.8926174496644296,38.66442953020134,110.19999999999999,1.1944444444444438,1.0,3.6,1,1,0,8.154722222222222,12.533333333333333,True,0.0,38.66442953020134,43.31578947368421,0,0.12262833395782947,0.12262833395782947,0.0
b2442bc063aed9265ab2cd5e07fb9f792d41a7ad88432e0fb438f44989121d2b,6,2024-03-01 15:50:09,2024-03-01 16:15:11,255,0.8823529411764706,25.027450980392157,48.0,0.980555555555555,0.9444444444444443,3.4,0,0,0,9.159444444444443,25.033333333333335,True,0.0,25.027450980392157,28.364444444444445,0,0.0,0.0,0.0
b2442bc063aed9265ab2cd5e07fb9f792d41a7ad88432e0fb438f44989121d2b,7,2024-03-01 17:35:00,2024-03-01 17:35:00,1,0.0,0.0,0.0,0.0,0.0,0.0,0,0,0,0.0,0.0,False,0.0,0.0,0.0,0,,,
b2f3c4913e613371568110a50df10fb40c006e508332d340550f7caf71c0b7ea,1,2024-03-01 00:52:41,2024-03-01 00:52:41,1,1.0,20.0,20.0,0.0,0.0,0.0,0,0,0,0.0,0.0,False,1.0,20.0,20.0,0,,,
b2f3c4913e613371568110a50df10fb40c006e508332d340550f7caf71c0b7ea,2,2024-03-01 04:23:00,2024-03-01 04:23:00,1,0.0,0.0,0.0,0.0,0.0,0.0,0,0,0,0.0,0.0,False,1.0,0.0,0.0,0,,,
b2f3c4913e613371568110a50df10fb40c006e508332d340550f7caf71c0b7ea,3,2024-03-01 06:43:26,2024-03-01 06:43:26,1,1.0,9.0,9.0,0.0,0.0,0.0,0,0,0,0.0,0.0,False,0.0,9.0,9.0,0,,,
b2f3c4913e613371568110a50df10fb40c006e508332d340550f7caf71c0b7ea,4,2024-03-01 07:53:40,2024-03-01 07:53:40,1,0.0,0.0,0.0,0.0,0.0,0.0,0,0,0,0.0,0.0,False,0.0,0.0,0.0,0,,,
b2f3c4913e613371568110a50df10fb40c006e508332d340550f7caf71c0b7ea,5,2024-03-01 10:14:12,2024-03-01 10:14:12,1,0.0,0.0,0.0,0.0,0.0,0.0,0,0,0,0.0,0.0,False,0.0,0.0,0.0,0,,,
b2f3c4913e613371568110a50df10fb40c006e508332d340550f7caf71c0b7ea,6,2024-03-01 12:34:26,2024-03-01 12:34:26,1,0.0,0.0,0.0,0.0,0.0,0.0,0,0,0,0.0,0.0,False,0.0,0.0,0.0,0,,,
b2f3c4913e613371568110a50df10fb40c006e508332d340550f7caf71c0b7ea,7,2024-03-01 14:54:11,2024-03-01 14:54:11,1,1.0,1.0,1.0,0.0,0.0,0.0,0,0,0,0.0,0.0,False,0.0,1.0,1.0,0,,,
b2f3c4913e613371568110a50df10fb40c006e508332d340550f7caf71c0b7ea,8,2024-03-01 18:23:30,2024-03-01 18:23:30,1,0.0,0.0,0.0,0.0,0.0,0.0,0,0,0,0.0,0.0,False,0.0,0.0,0.0,0,,,
b381029efc2286b8358816c993f77d6767c25b53f8287d6980e927072a2f305c,1,2024-03-01 00:05:29,2024-03-01 00:05:29,1,0.0,0.0,0.0,0.0,0.0,0.0,0,0,0,0.0,0.0,False,1.0,0.0,0.0,0,,,
b381029efc2286b8358816c993f77d6767c25b53f8287d6980e927072a2f305c,2,2024-03-01 07:07:46,2024-03-01 07:07:46,1,0.0,0.0,0.0,0.0,0.0,0.0,0,0,0,0.0,0.0,False,0.0,0.0,0.0,0,,,
b381029efc2286b8358816c993f77d6767c25b53f8287d6980e927072a2f305c,3,2024-03-01 09:33:38,2024-03-01 09:34:38,2,0.0,0.0,0.0,0.0,0.0,0.0,0,0,0,0.0,1.0,False,0.0,0.0,0.0,0,,,
b381029efc2286b8358816c993f77d6767c25b53f8287d6980e927072a2f305c,4,2024-03-01 10:13:59,2024-03-01 10:24:04,115,0.7130434782608696,13.591304347826087,37.0,0.8333333333333333,0.8824074074074073,3.1766666666666663,0,0,0,2.2691666666666666,10.083333333333334,True,0.0,13.591304347826087,19.0609756097561,0,0.0,0.0,0.0
b381029efc2286b8358816c993f77d6767c25b53f8287d6980e927072a2f305c,5,2024-03-01 10:51:45,2024-03-01 10:52:21,8,0.5,2.25,6.899999999999997,0.2749999999999999,0.23888888888888882,0.8599999999999998,0,0,0,0.025833333333333333,0.6,True,0.0,2.25,4.5,0,0.0,0.0,0.0
b381029efc2286b8358816c993f77d6767c25b53f8287d6980e927072a2f305c,6,2024-03-01 11:52:34,2024-03-01 11:52:34,1,0.0,0.0,0.0,0.0,0.0,0.0,0,0,0,0.0,0.0,False,0.0,0.0,0.0,0,,,
b381029efc2286b8358816c993f77d6767c25b53f8287d6980e927072a2f305c,7,2024-03-01 14:08:14,2024-03-01 14:08:14,1,1.0,3.0,3.0,0.0,0.0,0.0,0,0,0,0.0,0.0,False,0.0,3.0,3.0,0,,,
b381029efc2286b8358816c993f77d6767c25b53f8287d6980e927072a2f305c,8,2024-03-01 16:02:42,2024-03-01 16:02:42,1,0.0,0.0,0.0,0.0,0.0,0.0,0,0,0,0.0,0.0,False,0.0,0.0,0.0,0,,,
b49090bebbbbc7c1c5f79c612b9b34a8e97069fc63d98e55e4bc65a54a7da40b,1,2024-03-01 17:01:18,2024-03-01 17:01:18,1,1.0,3.0,3.0,0.0,0.0,0.0,0,0,0,0.0,0.0,False,0.0,3.0,3.0,0,,,
b4dac4943f0e8534fdb371bf7444eb592ee5e6945298c3f03d6fc1d43a979659,1,2024-03-01 05:25:23,2024-03-01 05:25:23,1,1.0,1.0,1.0,0.0,0.0,0.0,0,0,0,0.0,0.0,False,1.0,1.0,1.0,0,,,
b4dac4943f0e8534fdb371bf7444eb592ee5e6945298c3f03d6fc1d43a979659,2,2024-03-01 06:40:50,2024-03-01 06:40:50,1,0.0,0.0,0.0,0.0,0.0,0.0,0,0,0,0.0,0.0,False,0.0,0.0,0.0,0,,,
b4dac4943f0e8534fdb371bf7444eb592ee5e6945298c3f03d6fc1d43a979659,3,2024-03-01 07:56:20,2024-03-01 07:56:20,1,1.0,1.0,1.0,0.0,0.0,0.0,0,0,0,0.0,0.0,False,0.0,1.0,1.0,0,,,
b4dac4943f0e8534fdb371bf7444eb592ee5e6945298c3f03d6fc1d43a979659,4,2024-03-01 10:27:20,2024-03-01 10:27:20,1,0.0,0.0,0.0,0.0,0.0,0.0,0,0,0,0.0,0.0,False,0.0,0.0,0.0,0,,,
b4dac4943f0e8534fdb371bf7444eb592ee5e6945298c3f03d6fc1d43a979659,5,2024-03-01 11:42:32,2024-03-01 11:42:32,1,0.0,0.0,0.0,0.0,0.0,0.0,0,0,0,0.0,0.0,False,0.0,0.0,0.0,0,,,
b4dac4943f0e8534fdb371bf7444eb592ee5e6945298c3f03d6fc1d43a979659,6,2024-03-01 12:57:30,2024-03-01 12:57:30,1,0.0,0.0,0.0,0.0,0.0,0.0,0,0,0,0.0,0.0,False,0.0,0.0,0.0,0,,,
b602280a52bea0236426606783959edf677babdc39be81e5cdef0e82f0546ccf,1,2024-03-01 01:51:52,2024-03-01 01:51:52,1,0.0,0.0,0.0,0.0,0.0,0.0,0,0,0,0.0,0.0,False,1.0,0.0,0.0,0,,,
b602280a52bea0236426606783959edf677babdc39be81e5cdef0e82f0546ccf,2,2024-03-01 03:06:41,2024-03-01 03:06:41,1,1.0,1.0,1.0,0.0,0.0,0.0,0,0,0,0.0,0.0,False,1.0,1.0,1.0,0,,,
b602280a52bea0236426606783959edf677babdc39be81e5cdef0e82f0546ccf,3,2024-03-01 06:49:47,2024-03-01 06:49:47,1,0.0,0.0,0.0,0.0,0.0,0.0,0,0,0,0.0,0.0,False,0.0,0.0,0.0,0,,,
b602280a52bea0236426606783959edf677babdc39be81e5cdef0e82f0546ccf,4,2024-03-01 08:04:18,2024-03-01 08:04:18,1,0.0,0.0,0.0,0.0,0.0,0.0,0,0,0,0.0,0.0,False,0.0,0.0,0.0,0,,,
b602280a52bea0236426606783959edf677babdc39be81e5cdef0e82f0546ccf,5,2024-03-01 10:33:13,2024-03-01 10:33:13,1,1.0,1.0,1.0,0.0,0.0,0.0,0,0,0,0.0,0.0,False,0.0,1.0,1.0,0,,,
b602280a52bea0236426606783959edf677babdc39be81e5cdef0e82f0546ccf,6,2024-03-01 11:47:33,2024-03-01 11:49:50,2,0.0,0.0,0.0,0.0,0.0,0.0,0,0,0,0.0,2.283333333333333,False,0.0,0.0,0.0,0,,,
b602280a52bea0236426606783959edf677babdc39be81e5cdef0e82f0546ccf,7,2024-03-01 13:01:54,2024-03-01 13:07:21,62,0.9032258064516129,26.306451612903224,73.89999999999999,0.38888888888888895,0.599999999999999,2.1599999999999966,0,0,0,2.332777777777778,5.45,True,0.0,26.306451612903224,29.125,0,0.0,0.0,0.0
b602280a52bea0236426606783959edf677babdc39be81e5cdef0e82f0546ccf,8,2024-03-01 14:07:35,2024-03-01 14:07:35,1,0.0,0.0,0.0,0.0,0.0,0.0,0,0,0,0.0,0.0,False,0.0,0.0,0.0,0,,,
b602280a52bea0236426606783959edf677babdc39be81e5cdef0e82f0546ccf,9,2024-03-01 15:10:33,2024-03-01 15:11:33,2,0.0,0.0,0.0,0.0,0.0,0.0,0,0,0,0.0,1.0,False,0.0,0.0,0.0,0,,,
b602280a52bea0236426606783959edf677babdc39be81e5cdef0e82f0546ccf,10,2024-03-01 15:40:50,2024-03-01 15:50:23,99,0.797979797979798,16.363636363636363,55.0,0.611111111111111,0.8444444444444438,3.039999999999998,0,0,0,2.2175,9.55,True,0.0,16.363636363636363,20.50632911392405,0,0.0,0.0,0.0
b602280a52bea0236426606783959edf677babdc39be81e5cdef0e82f0546ccf,11,2024-03-01 16:31:01,2024-03-01 16:46:01,126,0.8412698412698413,16.42063492063492,40.0,0.7361111111111112,0.75,2.6999999999999997,0,0,0,4.003055555555555,15.0,True,0.0,16.42063492063492,19.5188679245283,0,0.0,0.0,0.0
b602280a52bea0236426606783959edf677babdc39be81e5cdef0e82f0546ccf,12,2024-03-01 16:52:20,2024-03-01 16:52:58,8,1.0,29.0,33.0,0.5060185185185184,0.46712962962962956,1.6816666666666664,0,0,0,0.30027777777777775,0.6333333333333333,True,0.0,29.0,29.0,0,0.0,0.0,0.0
b602280a52bea0236426606783959edf677babdc39be81e5cdef0e82f0546ccf,13,2024-03-01 17:54:19,2024-03-01 17:54:19,1,0.0,0.0,0.0,0.0,0.0,0.0,0,0,0,0.0,0.0,False,0.0,0.0,0.0,0,,,
b6932a6b9b55c5cb4d7b8d148a832e355f3f8d263e580c0e6c1ff648b5b1b207,1,2024-03-01 04:00:33,2024-03-01 04:02:52,2,0.5,0.5,0.95,0.0,0.0018984812150279775,0.006834532374100719,0,0,0,0.0,2.316666666666667,False,1.0,0.5,1.0,0,,,
b6932a6b9b55c5cb4d7b8d148a832e355f3f8d263e580c0e6c1ff648b5b1b207,2,2024-03-01 05:07:38,2024-03-01 05:39:48,365,0.8849315068493151,62.271232876712325,114.0,0.45925925925925937,0.6018518518518517,2.1666666666666665,0,0,0,33.67722222222222,32.166666666666664,True,1.0,62.271232876712325,70.36842105263158,0,0.0,0.0,0.0
b6d6851f48c90ca7c6d5789f405e4b63e2f1bff15524300b347468363f398456,1,2024-03-01 02:31:22,2024-03-01 02:31:22,1,0.0,0.0,0.0,0.0,0.0,0.0,0,0,0,0.0,0.0,False,1.0,0.0,0.0,0,,,
b6d6851f48c90ca7c6d5789f405e4b63e2f1bff15524300b347468363f398456,2,2024-03-01 03:42:01,2024-03-01 03:42:01,1,0.0,0.0,0.0,0.0,0.0,0.0,0,0,0,0.0,0.0,False,1.0,0.0,0.0,0,,,
b6d6851f48c90ca7c6d5789f405e4b63e2f1bff15524300b347468363f398456,3,2024-03-01 07:14:15,2024-03-01 07:14:15,1,0.0,0.0,0.0,0.0,0.0,0.0,0,0,0,0.0,0.0,False,0.0,0.0,0.0,0,,,
b6d6851f48c90ca7c6d5789f405e4b63e2f1bff15524300b347468363f398456,4,2024-03-01 09:35:40,2024-03-01 09:35:40,1,1.0,3.0,3.0,0.0,0.0,0.0,0,0,0,0.0,0.0,False,0.0,3.0,3.0,0,,,
b6d6851f48c90ca7c6d5789f405e4b63e2f1bff15524300b347468363f398456,5,2024-03-01 10:46:55,2024-03-01 10:46:55,1,0.0,0.0,0.0,0.0,0.0,0.0,0,0,0,0.0,0.0,False,0.0,0.0,0.0,0,,,
b6d6851f48c90ca7c6d5789f405e4b63e2f1bff15524300b347468363f398456,6,2024-03-01 11:57:03,2024-03-01 11:57:03,1,0.0,0.0,0.0,0.0,0.0,0.0,0,0,0,0.0,0.0,False,0.0,0.0,0.0,0,,,
b6d6851f48c90ca7c6d5789f405e4b63e2f1bff15524300b347468363f398456,7,2024-03-01 14:20:10,2024-03-01 14:20:10,1,0.0,0.0,0.0,0.0,0.0,0.0,0,0,0,0.0,0.0,False,0.0,0.0,0.0,0,,,
b6d6851f48c90ca7c6d5789f405e4b63e2f1bff15524300b347468363f398456,8,2024-03-01 15:16:00,2024-03-01 15:24:38,100,0.44,7.22,27.099999999999994,0.7893518518518515,0.7893518518518517,2.8416666666666663,0,0,0,1.0680555555555558,8.633333333333333,True,0.0,7.22,16.40909090909091,0,0.0,0.0,0.0
b6d6851f48c90ca7c6d5789f405e4b63e2f1bff15524300b347468363f398456,9,2024-03-01 16:09:07,2024-03-01 16:09:07,1,0.0,0.0,0.0,0.0,0.0,0.0,0,0,0,0.0,0.0,False,0.0,0.0,0.0,0,,,
b6d6851f48c90ca7c6d5789f405e4b63e2f1bff15524300b347468363f398456,10,2024-03-01 16:40:26,2024-03-01 16:48:30,82,0.6341463414634146,10.463414634146341,25.0,0.6111111111111112,0.7166666666666669,2.5800000000000014,0,0,0,1.2822222222222222,8.066666666666666,True,0.0,10.463414634146341,16.5,0,0.0,0.0,0.0
b6d6851f48c90ca7c6d5789f405e4b63e2f1bff15524300b347468363f398456,11,2024-03-01 17:11:25,2024-03-01 17:32:50,231,0.6536796536796536,15.645021645021645,41.0,0.7430555555555555,0.787037037037037,2.833333333333333,0,0,0,5.205,21.416666666666668,True,0.0,15.645021645021645,23.933774834437084,0,0.0,0.0,0.0
b8cb025f87bf3bb0810c1db99819293f6aeeb03791a2e0487ea7b61328478655,1,2024-03-01 01:45:14,2024-03-01 01:45:14,1,0.0,0.0,0.0,0.0,0.0,0.0,0,0,0,0.0,0.0,False,1.0,0.0,0.0,0,,,
b8cb025f87bf3bb0810c1db99819293f6aeeb03791a2e0487ea7b61328478655,2,2024-03-01 02:55:27,2024-03-01 02:55:27,1,1.0,3.0,3.0,0.0,0.0,0.0,0,0,0,0.0,0.0,False,1.0,3.0,3.0,0,,,
b8cb025f87bf3bb0810c1db99819293f6aeeb03791a2e0487ea7b61328478655,3,2024-03-01 05:16:01,2024-03-01 05:16:01,1,0.0,0.0,0.0,0.0,0.0,0.0,0,0,0,0.0,0.0,False,1.0,0.0,0.0,0,,,
b8cb025f87bf3bb0810c1db99819293f6aeeb03791a2e0487ea7b61328478655,4,2024-03-01 07:37:00,2024-03-01 07:39:18,2,0.0,0.0,0.0,0.0,0.0,0.0,0,0,0,0.0,2.3,False,0.0,0.0,0.0,0,,,
b8cb025f87bf3bb0810c1db99819293f6aeeb03791a2e0487ea7b61328478655,5,2024-03-01 08:11:05,2024-03-01 08:36:22,254,0.6220472440944882,15.826771653543307,48.69999999999999,1.1111111111111112,0.9819444444444443,3.5349999999999993,0,0,0,5.681944444444444,25.283333333333335,True,0.0,15.826771653543307,25.443037974683545,0,0.0,0.0,0.0
b8cb025f87bf3bb0810c1db99819293f6aeeb03791a2e0487ea7b61328478655,6,2024-03-01 09:36:58,2024-03-01 09:36:58,1,0.0,0.0,0.0,0.0,0.0,0.0,0,0,0,0.0,0.0,False,0.0,0.0,0.0,0,,,
b8cb025f87bf3bb0810c1db99819293f6aeeb03791a2e0487ea7b61328478655,7,2024-03-01 10:37:09,2024-03-01 11:00:18,193,0.5233160621761658,13.466321243523316,50.0,0.611111111111111,0.6333333333333321,2.2799999999999954,0,0,0,3.828333333333333,23.15,True,0.0,13.466321243523316,25.73267326732673,0,0.0,0.0,0.0
b8cb025f87bf3bb0810c1db99819293f6aeeb03791a2e0487ea7b61328478655,8,2024-03-01 11:45:52,2024-03-01 11:56:21,124,0.7016129032258065,18.016129032258064,42.0,0.8249999999999996,0.927777777777777,3.3399999999999976,0,0,0,3.168333333333333,10.483333333333333,True,0.0,18.016129032258064,25.67816091954023,0,0.0,0.0,0.0
b8cb025f87bf3bb0810c1db99819293f6aeeb03791a2e0487ea7b61328478655,9,2024-03-01 12:57:14,2024-03-01 12:57:14,1,0.0,0.0,0.0,0.0,0.0,0.0,0,0,0,0.0,0.0,False,0.0,0.0,0.0,0,,,
b8cb025f87bf3bb0810c1db99819293f6aeeb03791a2e0487ea7b61328478655,10,2024-03-01 13:05:24,2024-03-01 13:12:03,83,0.7590361445783133,23.80722891566265,62.0,1.0472222222222214,1.527777777777778,5.5,0,0,0,2.6763888888888885,6.65,True,0.0,23.80722891566265,31.365079365079364,0,0.0,0.0,0.0
b8cb025f87bf3bb0810c1db99819293f6aeeb03791a2e0487ea7b61328478655,11,2024-03-01 13:20:07,2024-03-01 13:29:32,112,0.7589285714285714,41.214285714285715,92.0,0.9215277777777772,0.9576388888888872,3.447499999999994,0,0,0,6.654722222222222,9.416666666666666,True,0.0,41.214285714285715,54.305882352941175,0,0.0,0.0,0.0
b8cb025f87bf3bb0810c1db99819293f6aeeb03791a2e0487ea7b61328478655,12,2024-03-01 14:30:58,2024-03-01 14:30:58,1,0.0,0.0,0.0,0.0,0.0,0.0,0,0,0,0.0,0.0,False,0.0,0.0,0.0,0,,,
b8cb025f87bf3bb0810c1db99819293f6aeeb03791a2e0487ea7b61328478655,13,2024-03-01 15:31:56,2024-03-01 15:31:56,1,0.0,0.0,0.0,0.0,0.0,0.0,0,0,0,0.0,0.0,False,0.0,0.0,0.0,0,,,
b8cb025f87bf3bb0810c1db99819293f6aeeb03791a2e0487ea7b61328478655,14,2024-03-01 16:41:11,2024-03-01 16:43:29,2,0.5,0.5,0.95,0.0,0.0019122383252818038,0.006884057971014493,0,0,0,0.0,2.3,False,0.0,0.5,1.0,0,,,
b8cb025f87bf3bb0810c1db99819293f6aeeb03791a2e0487ea7b61328478655,15,2024-03-01 17:20:26,2024-03-01 17:41:38,201,0.736318407960199,30.33830845771144,83.0,1.0,1.3333333333333333,4.8,0,0,0,8.653611111111111,21.2,True,0.0,30.33830845771144,41.2027027027027,0,0.0,0.0,0.0
b8cb025f87bf3bb0810c1db99819293f6aeeb03791a2e0487ea7b61328478655,16,2024-03-01 17:48:06,2024-03-01 17:51:24,26,0.3076923076923077,3.730769230769231,19.0,0.47916666666666663,0.6388888888888888,2.3,0,0,0,0.1286111111111111,3.3,True,0.0,3.730769230769231,12.125,0,0.0,0.0,0.0
b8e2184587668b4774a8bc3799eba129df7e4b6163e93f6769fa5661d6dcfd2a,1,2024-03-01 07:57:33,2024-03-01 08:12:30,180,0.7388888888888889,26.705555555555556,66.0,1.0451388888888875,1.0726851851851824,3.861666666666657,0,0,0,6.791388888888888,14.95,True,0.0,26.705555555555556,36.142857142857146,0,0.0,0.0,0.0
b8e2184587668b4774a8bc3799eba129df7e4b6163e93f6769fa5661d6dcfd2a,2,2024-03-01 09:35:53,2024-03-01 09:41:28,60,0.95,45.85,75.1,1.167361111111111,1.4027777777777768,5.049999999999997,0,1,0,3.7083333333333326,5.583333333333333,True,0.0,45.85,48.26315789473684,0,0.26966292134831465,0.0,0.0
b8e2184587668b4774a8bc3799eba129df7e4b6163e93f6769fa5661d6dcfd2a,3,2024-03-01 10:06:29,2024-03-01 10:13:22,88,0.8068181818181818,30.818181818181817,61.64999999999999,1.4412037037037035,1.3888888888888886,5.0,0,0,0,3.545,6.883333333333334,True,0.0,30.818181818181817,38.19718309859155,0,0.0,0.0,0.0
b8f0ecca2789bfbe78187c229946b48ebf43ab82debfa70f0d10e44750ea377d,1,2024-03-01 08:14:07,2024-03-01 08:38:04,275,0.7854545454545454,13.941818181818181,37.0,0.7222222222222221,0.702777777777778,2.530000000000001,0,0,0,5.578611111111111,23.95,True,0.0,13.941818181818181,17.75,0,0.0,0.0,0.0
b8f0ecca2789bfbe78187c229946b48ebf43ab82debfa70f0d10e44750ea377d,2,2024-03-01 09:38:50,2024-03-01 09:38:50,1,0.0,0.0,0.0,0.0,0.0,0.0,0,0,0,0.0,0.0,False,0.0,0.0,0.0,0,,,
b8f0ecca2789bfbe78187c229946b48ebf43ab82debfa70f0d10e44750ea377d,3,2024-03-01 13:12:20,2024-03-01 13:40:08,264,0.7765151515151515,15.18560606060606,42.0,0.7576388888888886,0.7222222222222221,2.6,0,0,0,6.661388888888888,27.8,True,0.0,15.18560606060606,19.55609756097561,0,0.0,0.0,0.0
b93d5617f5aff8aaabe485cf6266350f666c13243ca44bf60d6c6b8c96e1a43e,1,2024-03-01 10:52:43,2024-03-01 10:53:57,2,0.0,0.0,0.0,0.0,0.0,0.0,0,0,0,0.0,1.2333333333333334,False,0.0,0.0,0.0,0,,,
b93d5617f5aff8aaabe485cf6266350f666c13243ca44bf60d6c6b8c96e1a43e,2,2024-03-01 11:36:08,2024-03-01 11:36:08,1,0.0,0.0,0.0,0.0,0.0,0.0,0,0,0,0.0,0.0,False,0.0,0.0,0.0,0,,,
b93d5617f5aff8aaabe485cf6266350f666c13243ca44bf60d6c6b8c96e1a43e,3,2024-03-01 12:36:04,2024-03-01 12:36:04,1,0.0,0.0,0.0,0.0,0.0,0.0,0,0,0,0.0,0.0,False,0.0,0.0,0.0,0,,,
b93d5617f5aff8aaabe485cf6266350f666c13243ca44bf60d6c6b8c96e1a43e,4,2024-03-01 15:35:12,2024-03-01 15:35:12,1,1.0,1.0,1.0,0.0,0.0,0.0,0,0,0,0.0,0.0,False,0.0,1.0,1.0,0,,,
b93d5617f5aff8aaabe485cf6266350f666c13243ca44bf60d6c6b8c96e1a43e,5,2024-03-01 17:55:35,2024-03-01 17:55:35,1,0.0,0.0,0.0,0.0,0.0,0.0,0,0,0,0.0,0.0,False,0.0,0.0,0.0,0,,,
b9620502562dcd46e7f4590366d4e8cb2b251148bc6a80760f3e2028ae6cac00,1,2024-03-01 00:15:35,2024-03-01 00:15:35,1,0.0,0.0,0.0,0.0,0.0,0.0,0,0,0,0.0,0.0,False,1.0,0.0,0.0,0,,,
b9620502562dcd46e7f4590366d4e8cb2b251148bc6a80760f3e2028ae6cac00,2,2024-03-01 00:26:31,2024-03-01 00:28:25,21,0.6666666666666666,5.0476190476190474,14.0,0.3282828282828283,0.3888888888888889,1.4,0,0,0,0.17805555555555555,1.9,True,1.0,5.0476190476190474,7.571428571428571,0,0.0,0.0,0.0
b9620502562dcd46e7f4590366d4e8cb2b251148bc6a80760f3e2028ae6cac00,3,2024-03-01 01:28:18,2024-03-01 01:28:18,1,0.0,0.0,0.0,0.0,0.0,0.0,0,0,0,0.0,0.0,False,1.0,0.0,0.0,0,,,
b9620502562dcd46e7f4590366d4e8cb2b251148bc6a80760f3e2028ae6cac00,4,2024-03-01 03:35:07,2024-03-01 03:35:07,1,0.0,0.0,0.0,0.0,0.0,0.0,0,0,0,0.0,0.0,False,1.0,0.0,0.0,0,,,
b9620502562dcd46e7f4590366d4e8cb2b251148bc6a80760f3e2028ae6cac00,5,2024-03-01 04:41:18,2024-03-01 04:41:18,1,1.0,3.0,3.0,0.0,0.0,0.0,0,0,0,0.0,0.0,False,1.0,3.0,3.0,0,,,
b9620502562dcd46e7f4590366d4e8cb2b251148bc6a80760f3e2028ae6cac00,6,2024-03-01 06:53:40,2024-03-01 06:53:40,1,0.0,0.0,0.0,0.0,0.0,0.0,0,0,0,0.0,0.0,False,0.0,0.0,0.0,0,,,
b9620502562dcd46e7f4590366d4e8cb2b251148bc6a80760f3e2028ae6cac00,7,2024-03-01 13:33:11,2024-03-01 13:33:11,1,0.0,0.0,0.0,0.0,0.0,0.0,0,0,0,0.0,0.0,False,0.0,0.0,0.0,0,,,
b9620502562dcd46e7f4590366d4e8cb2b251148bc6a80760f3e2028ae6cac00,8,2024-03-01 13:57:34,2024-03-01 14:18:28,178,0.4943820224719101,13.856741573033707,57.0,0.5203703703703707,0.4444444444444445,1.6,0,0,0,5.630277777777778,20.9,True,0.0,13.856741573033707,28.02840909090909,0,0.0,0.0,0.0
b9620502562dcd46e7f4590366d4e8cb2b251148bc6a80760f3e2028ae6cac00,9,2024-03-01 15:18:23,2024-03-01 15:18:23,1,0.0,0.0,0.0,0.0,0.0,0.0,0,0,0,0.0,0.0,False,0.0,0.0,0.0,0,,,
b9620502562dcd46e7f4590366d4e8cb2b251148bc6a80760f3e2028ae6cac00,10,2024-03-01 16:19:02,2024-03-01 16:19:02,1,1.0,1.0,1.0,0.0,0.0,0.0,0,0,0,0.0,0.0,False,0.0,1.0,1.0,0,,,
b988325c7657ef6bb03759fa1b9892c55d482169febe56cf9e3952c991c8aeb2,1,2024-03-01 06:51:06,2024-03-01 06:51:06,1,1.0,1.0,1.0,0.0,0.0,0.0,0,0,0,0.0,0.0,False,0.0,1.0,1.0,0,,,
b988325c7657ef6bb03759fa1b9892c55d482169febe56cf9e3952c991c8aeb2,2,2024-03-01 08:05:44,2024-03-01 08:05:44,1,1.0,1.0,1.0,0.0,0.0,0.0,0,0,0,0.0,0.0,False,0.0,1.0,1.0,0,,,
b988325c7657ef6bb03759fa1b9892c55d482169febe56cf9e3952c991c8aeb2,3,2024-03-01 09:21:15,2024-03-01 09:21:15,1,0.0,0.0,0.0,0.0,0.0,0.0,0,0,0,0.0,0.0,False,0.0,0.0,0.0,0,,,
b988325c7657ef6bb03759fa1b9892c55d482169febe56cf9e3952c991c8aeb2,4,2024-03-01 09:57:26,2024-03-01 10:57:34,698,0.833810888252149,39.93266475644699,96.0,0.6018518518518517,0.7222222222222221,2.6,0,0,0,40.578333333333326,60.13333333333333,True,0.0,39.93266475644699,47.891752577319586,0,0.0,0.0,0.0
b988325c7657ef6bb03759fa1b9892c55d482169febe56cf9e3952c991c8aeb2,5,2024-03-01 11:57:42,2024-03-01 11:57:42,1,0.0,0.0,0.0,0.0,0.0,0.0,0,0,0,0.0,0.0,False,0.0,0.0,0.0,0,,,
b988325c7657ef6bb03759fa1b9892c55d482169febe56cf9e3952c991c8aeb2,6,2024-03-01 14:09:31,2024-03-01 14:09:31,1,0.0,0.0,0.0,0.0,0.0,0.0,0,0,0,0.0,0.0,False,0.0,0.0,0.0,0,,,
b988325c7657ef6bb03759fa1b9892c55d482169febe56cf9e3952c991c8aeb2,7,2024-03-01 15:21:58,2024-03-01 15:21:58,1,0.0,0.0,0.0,0.0,0.0,0.0,0,0,0,0.0,0.0,False,0.0,0.0,0.0,0,,,
b988325c7657ef6bb03759fa1b9892c55d482169febe56cf9e3952c991c8aeb2,8,2024-03-01 16:35:14,2024-03-01 16:35:14,1,0.0,0.0,0.0,0.0,0.0,0.0,0,0,0,0.0,0.0,False,0.0,0.0,0.0,0,,,
b988325c7657ef6bb03759fa1b9892c55d482169febe56cf9e3952c991c8aeb2,9,2024-03-01 17:48:36,2024-03-01 17:48:36,1,0.0,0.0,0.0,0.0,0.0,0.0,0,0,0,0.0,0.0,False,0.0,0.0,0.0,0,,,
b9e47e0f837bb40995ac7d9f802e6042e671985c6cf134fcab93398b4e6cadf8,1,2024-03-01 00:13:00,2024-03-01 00:13:00,1,1.0,1.0,1.0,0.0,0.0,0.0,0,0,0,0.0,0.0,False,1.0,1.0,1.0,0,,,
b9e47e0f837bb40995ac7d9f802e6042e671985c6cf134fcab93398b4e6cadf8,2,2024-03-01 01:27:42,2024-03-01 01:27:42,1,0.0,0.0,0.0,0.0,0.0,0.0,0,0,0,0.0,0.0,False,1.0,0.0,0.0,0,,,
b9e47e0f837bb40995ac7d9f802e6042e671985c6cf134fcab93398b4e6cadf8,3,2024-03-01 02:40:45,2024-03-01 02:40:45,1,0.0,0.0,0.0,0.0,0.0,0.0,0,0,0,0.0,0.0,False,1.0,0.0,0.0,0,,,
b9e47e0f837bb40995ac7d9f802e6042e671985c6cf134fcab93398b4e6cadf8,4,2024-03-01 03:54:47,2024-03-01 03:54:47,1,0.0,0.0,0.0,0.0,0.0,0.0,0,0,0,0.0,0.0,False,1.0,0.0,0.0,0,,,
b9e47e0f837bb40995ac7d9f802e6042e671985c6cf134fcab93398b4e6cadf8,5,2024-03-01 06:23:11,2024-03-01 06:23:11,1,0.0,0.0,0.0,0.0,0.0,0.0,0,0,0,0.0,0.0,False,0.0,0.0,0.0,0,,,
b9e47e0f837bb40995ac7d9f802e6042e671985c6cf134fcab93398b4e6cadf8,6,2024-03-01 07:37:27,2024-03-01 07:39:42,2,0.0,0.0,0.0,0.0,0.0,0.0,0,0,0,0.0,2.25,False,0.0,0.0,0.0,0,,,
b9e47e0f837bb40995ac7d9f802e6042e671985c6cf134fcab93398b4e6cadf8,7,2024-03-01 08:13:05,2024-03-01 08:48:32,397,0.6675062972292192,18.68765743073048,59.39999999999998,0.8814814814814812,0.842592592592592,3.0333333333333314,0,0,0,10.433333333333332,35.45,True,0.0,18.68765743073048,27.99622641509434,0,0.0,0.0,0.0
b9e47e0f837bb40995ac7d9f802e6042e671985c6cf134fcab93398b4e6cadf8,8,2024-03-01 09:48:51,2024-03-01 09:48:51,1,0.0,0.0,0.0,0.0,0.0,0.0,0,0,0,0.0,0.0,False,0.0,0.0,0.0,0,,,
b9e47e0f837bb40995ac7d9f802e6042e671985c6cf134fcab93398b4e6cadf8,9,2024-03-01 10:41:00,2024-03-01 10:41:00,1,0.0,0.0,0.0,0.0,0.0,0.0,0,0,0,0.0,0.0,False,0.0,0.0,0.0,0,,,
b9e47e0f837bb40995ac7d9f802e6042e671985c6cf134fcab93398b4e6cadf8,10,2024-03-01 10:49:39,2024-03-01 10:49:39,1,0.0,0.0,0.0,0.0,0.0,0.0,0,0,0,0.0,0.0,False,0.0,0.0,0.0,0,,,
b9e47e0f837bb40995ac7d9f802e6042e671985c6cf134fcab93398b4e6cadf8,11,2024-03-01 14:30:16,2024-03-01 14:30:16,1,0.0,0.0,0.0,0.0,0.0,0.0,0,0,0,0.0,0.0,False,0.0,0.0,0.0,0,,,
b9e47e0f837bb40995ac7d9f802e6042e671985c6cf134fcab93398b4e6cadf8,12,2024-03-01 15:45:55,2024-03-01 15:45:55,1,0.0,0.0,0.0,0.0,0.0,0.0,0,0,0,0.0,0.0,False,0.0,0.0,0.0,0,,,
b9e47e0f837bb40995ac7d9f802e6042e671985c6cf134fcab93398b4e6cadf8,13,2024-03-01 16:33:34,2024-03-01 16:48:49,154,0.7727272727272727,32.20779220779221,70.0,1.0,0.8333333333333333,3.0,0,0,0,7.288888888888889,15.25,True,0.0,32.20779220779221,41.680672268907564,0,0.0,0.0,0.0
ba30099f143636a990d389975f93778eb31db6458355b424eb11914962edc5a7,1,2024-03-01 00:50:04,2024-03-01 00:50:04,1,0.0,0.0,0.0,0.0,0.0,0.0,0,0,0,0.0,0.0,False,1.0,0.0,0.0,0,,,
ba30099f143636a990d389975f93778eb31db6458355b424eb11914962edc5a7,2,2024-03-01 01:57:52,2024-03-01 01:57:52,1,1.0,3.0,3.0,0.0,0.0,0.0,0,0,0,0.0,0.0,False,1.0,3.0,3.0,0,,,
ba30099f143636a990d389975f93778eb31db6458355b424eb11914962edc5a7,3,2024-03-01 03:05:42,2024-03-01 03:05:42,1,0.0,0.0,0.0,0.0,0.0,0.0,0,0,0,0.0,0.0,False,1.0,0.0,0.0,0,,,
ba30099f143636a990d389975f93778eb31db6458355b424eb11914962edc5a7,4,2024-03-01 06:29:23,2024-03-01 06:29:23,1,0.0,0.0,0.0,0.0,0.0,0.0,0,0,0,0.0,0.0,False,0.0,0.0,0.0,0,,,
ba30099f143636a990d389975f93778eb31db6458355b424eb11914962edc5a7,5,2024-03-01 07:37:18,2024-03-01 07:37:18,1,1.0,1.0,1.0,0.0,0.0,0.0,0,0,0,0.0,0.0,False,0.0,1.0,1.0,0,,,
ba30099f143636a990d389975f93778eb31db6458355b424eb11914962edc5a7,6,2024-03-01 08:45:12,2024-03-01 08:45:12,1,1.0,9.0,9.0,0.0,0.0,0.0,0,0,0,0.0,0.0,False,0.0,9.0,9.0,0,,,
ba30099f143636a990d389975f93778eb31db6458355b424eb11914962edc5a7,7,2024-03-01 09:53:07,2024-03-01 09:55:24,2,0.5,0.5,0.95,0.0,0.0019261962692619628,0.006934306569343065,0,0,0,0.0,2.283333333333333,False,0.0,0.5,1.0,0,,,
ba30099f143636a990d389975f93778eb31db6458355b424eb11914962edc5a7,8,2024-03-01 10:38:57,2024-03-01 10:48:44,117,0.7948717948717948,25.00854700854701,50.0,0.9722222222222182,1.0259259259259255,3.6933333333333316,0,1,0,4.099444444444443,9.783333333333333,True,0.0,25.00854700854701,31.462365591397848,0,0.24393549261417544,0.0,0.0
ba30099f143636a990d389975f93778eb31db6458355b424eb11914962edc5a7,9,2024-03-01 11:48:38,2024-03-01 11:48:38,1,0.0,0.0,0.0,0.0,0.0,0.0,0,0,0,0.0,0.0,False,0.0,0.0,0.0,0,,,
ba30099f143636a990d389975f93778eb31db6458355b424eb11914962edc5a7,10,2024-03-01 12:48:30,2024-03-01 12:49:30,2,0.0,0.0,0.0,0.0,0.0,0.0,0,0,0,0.0,1.0,False,0.0,0.0,0.0,0,,,
ba30099f143636a990d389975f93778eb31db6458355b424eb11914962edc5a7,11,2024-03-01 13:09:49,2024-03-01 13:37:02,315,0.5746031746031746,17.004761904761907,53.0,0.8333333333333334,0.952777777777778,3.430000000000001,0,0,0,7.752083333333332,27.216666666666665,True,0.0,17.004761904761907,29.593922651933703,0,0.0,0.0,0.0
ba30099f143636a990d389975f93778eb31db6458355b424eb11914962edc5a7,12,2024-03-01 14:36:54,2024-03-01 14:36:54,1,0.0,0.0,0.0,0.0,0.0,0.0,0,0,0,0.0,0.0,False,0.0,0.0,0.0,0,,,
baf3e2773aa22889aa0d6c7f8f208abb32e0fe7289b05256727744689f630029,1,2024-03-01 00:01:52,2024-03-01 03:21:05,100,0.0,0.0,0.0,0.0,0.0,0.0,0,0,0,0.0,199.21666666666667,False,1.0,0.0,0.0,0,,,
baf3e2773aa22889aa0d6c7f8f208abb32e0fe7289b05256727744689f630029,2,2024-03-01 03:26:39,2024-03-01 07:27:29,249,0.6305220883534136,40.44979919678715,122.39999999999998,0.27777777777777857,0.5555555555555554,2.0,0,0,0,75.65944444444443,240.83333333333334,True,0.3172690763052209,40.44979919678715,64.15286624203821,0,0.0,0.0,0.0
baf3e2773aa22889aa0d6c7f8f208abb32e0fe7289b05256727744689f630029,3,2024-03-01 08:07:37,2024-03-01 08:07:37,1,0.0,0.0,0.0,0.0,0.0,0.0,0,0,0,0.0,0.0,False,0.0,0.0,0.0,0,,,
baf3e2773aa22889aa0d6c7f8f208abb32e0fe7289b05256727744689f630029,4,2024-03-01 08:22:57,2024-03-01 08:29:56,4,0.0,0.0,0.0,0.0,-0.0,-0.0,0,0,0,0.0,6.983333333333333,False,0.0,0.0,0.0,0,,,
baf3e2773aa22889aa0d6c7f8f208abb32e0fe7289b05256727744689f630029,5,2024-03-01 08:36:33,2024-03-01 08:41:00,3,0.0,0.0,0.0,0.0,-0.0,-0.0,0,0,0,0.0,4.45,False,0.0,0.0,0.0,0,,,
baf3e2773aa22889aa0d6c7f8f208abb32e0fe7289b05256727744689f630029,6,2024-03-01 08:50:45,2024-03-01 09:00:21,4,0.0,0.0,0.0,0.0,-0.0,-0.0,0,0,0,0.0,9.6,False,0.0,0.0,0.0,0,,,
baf3e2773aa22889aa0d6c7f8f208abb32e0fe7289b05256727744689f630029,7,2024-03-01 09:05:31,2024-03-01 09:05:31,1,0.0,0.0,0.0,0.0,0.0,0.0,0,0,0,0.0,0.0,False,0.0,0.0,0.0,0,,,
baf3e2773aa22889aa0d6c7f8f208abb32e0fe7289b05256727744689f630029,8,2024-03-01 09:13:52,2024-03-01 09:26:17,7,0.0,0.0,0.0,0.0,-0.0,-0.0,0,0,0,0.0,12.416666666666666,False,0.0,0.0,0.0,0,,,
baf3e2773aa22889aa0d6c7f8f208abb32e0fe7289b05256727744689f630029,9,2024-03-01 09:33:23,2024-03-01 09:35:34,2,0.0,0.0,0.0,0.0,0.0,0.0,0,0,0,0.0,2.183333333333333,False,0.0,0.0,0.0,0,,,
baf3e2773aa22889aa0d6c7f8f208abb32e0fe7289b05256727744689f630029,10,2024-03-01 09:40:43,2024-03-01 09:40:43,1,0.0,0.0,0.0,0.0,0.0,0.0,0,0,0,0.0,0.0,False,0.0,0.0,0.0,0,,,
baf3e2773aa22889aa0d6c7f8f208abb32e0fe7289b05256727744689f630029,11,2024-03-01 09:49:59,2024-03-01 10:07:34,8,0.0,0.0,0.0,0.0,-0.0,-0.0,0,0,0,0.0,17.583333333333332,False,0.0,0.0,0.0,0,,,
baf3e2773aa22889aa0d6c7f8f208abb32e0fe7289b05256727744689f630029,12,2024-03-01 10:15:59,2024-03-01 10:36:40,10,0.0,0.0,0.0,0.0,-0.0,-0.0,0,0,0,0.0,20.683333333333334,False,0.0,0.0,0.0,0,,,
baf3e2773aa22889aa0d6c7f8f208abb32e0fe7289b05256727744689f630029,13,2024-03-01 10:47:02,2024-03-01 10:57:34,4,0.0,0.0,0.0,0.0,-0.0,-0.0,0,0,0,0.0,10.533333333333333,False,0.0,0.0,0.0,0,,,
baf3e2773aa22889aa0d6c7f8f208abb32e0fe7289b05256727744689f630029,14,2024-03-01 12:17:53,2024-03-01 16:28:56,155,0.3161290322580645,11.12258064516129,51.599999999999966,0.37037037037037035,0.23888888888888787,0.8599999999999967,0,0,0,10.527222222222223,251.05,True,0.0,11.12258064516129,35.183673469387756,0,0.0,0.0,0.0
baf3e2773aa22889aa0d6c7f8f208abb32e0fe7289b05256727744689f630029,15,2024-03-01 16:34:50,2024-03-01 16:54:26,10,0.0,0.0,0.0,0.0,-0.0,-0.0,0,0,0,0.0,19.6,False,0.0,0.0,0.0,0,,,
baf3e2773aa22889aa0d6c7f8f208abb32e0fe7289b05256727744689f630029,16,2024-03-01 17:00:19,2024-03-01 18:30:03,118,0.652542372881356,38.97457627118644,122.0,0.5555555555555541,0.5555555555555554,2.0,0,0,0,28.441111111111113,89.73333333333333,True,0.0,38.97457627118644,59.72727272727273,0,0.0,0.0,0.0
bb7e73ac56afe444649479a8f052061cfa3aa95670e355cf9625bc924ebf92e9,1,2024-03-01 06:45:23,2024-03-01 06:47:39,2,0.0,0.0,0.0,0.0,0.0,0.0,0,0,0,0.0,2.2666666666666666,False,0.0,0.0,0.0,0,,,
bb7e73ac56afe444649479a8f052061cfa3aa95670e355cf9625bc924ebf92e9,2,2024-03-01 07:51:22,2024-03-01 08:06:45,176,0.6420454545454546,12.193181818181818,35.5,0.7222222222222221,0.7013888888888887,2.525,0,0,0,3.134722222222222,15.383333333333333,True,0.0,12.193181818181818,18.991150442477878,0,0.0,0.0,0.0
bb7e73ac56afe444649479a8f052061cfa3aa95670e355cf9625bc924ebf92e9,3,2024-03-01 09:06:42,2024-03-01 09:06:42,1,0.0,0.0,0.0,0.0,0.0,0.0,0,0,0,0.0,0.0,False,0.0,0.0,0.0,0,,,
bb7e73ac56afe444649479a8f052061cfa3aa95670e355cf9625bc924ebf92e9,4,2024-03-01 09:57:00,2024-03-01 09:57:40,2,0.0,0.0,0.0,0.0,0.0,0.0,0,0,0,0.0,0.6666666666666666,False,0.0,0.0,0.0,0,,,
bb7e73ac56afe444649479a8f052061cfa3aa95670e355cf9625bc924ebf92e9,5,2024-03-01 11:13:41,2024-03-01 11:13:41,1,0.0,0.0,0.0,0.0,0.0,0.0,0,0,0,0.0,0.0,False,0.0,0.0,0.0,0,,,
bb7e73ac56afe444649479a8f052061cfa3aa95670e355cf9625bc924ebf92e9,6,2024-03-01 12:25:35,2024-03-01 12:25:35,1,0.0,0.0,0.0,0.0,0.0,0.0,0,0,0,0.0,0.0,False,0.0,0.0,0.0,0,,,
bb7e73ac56afe444649479a8f052061cfa3aa95670e355cf9625bc924ebf92e9,7,2024-03-01 12:39:56,2024-03-01 12:42:40,31,0.9032258064516129,14.96774193548387,30.0,0.6095679012345678,0.7083333333333334,2.55,0,0,0,0.7547222222222222,2.7333333333333334,True,0.0,14.96774193548387,16.571428571428573,0,0.0,0.0,0.0
bb7e73ac56afe444649479a8f052061cfa3aa95670e355cf9625bc924ebf92e9,8,2024-03-01 12:53:49,2024-03-01 13:17:25,234,0.7521367521367521,17.884615384615383,42.0,0.7222222222222221,0.8032407407407404,2.8916666666666657,0,0,0,7.194166666666667,23.6,True,0.0,17.884615384615383,23.77840909090909,0,0.0,0.0,0.0
bb7e73ac56afe444649479a8f052061cfa3aa95670e355cf9625bc924ebf92e9,9,2024-03-01 14:17:24,2024-03-01 14:17:24,1,0.0,0.0,0.0,0.0,0.0,0.0,0,0,0,0.0,0.0,False,0.0,0.0,0.0,0,,,
bb7e73ac56afe444649479a8f052061cfa3aa95670e355cf9625bc924ebf92e9,10,2024-03-01 16:29:26,2024-03-01 16:30:26,2,0.0,0.0,0.0,0.0,0.0,0.0,0,0,0,0.0,1.0,False,0.0,0.0,0.0,0,,,
bb7e73ac56afe444649479a8f052061cfa3aa95670e355cf9625bc924ebf92e9,11,2024-03-01 17:20:03,2024-03-01 17:48:34,196,0.7142857142857143,18.505102040816325,48.0,0.8472222222222227,0.7222222222222221,2.6,0,0,0,5.667222222222222,28.516666666666666,True,0.0,18.505102040816325,25.90714285714286,0,0.0,0.0,0.0
bba470e3d0fc955e6ab18a79789bd38ebb737447d44b8a5714b490b47137a04e,1,2024-03-01 00:32:01,2024-03-01 00:32:01,1,1.0,1.0,1.0,0.0,0.0,0.0,0,0,0,0.0,0.0,False,1.0,1.0,1.0,0,,,
bba470e3d0fc955e6ab18a79789bd38ebb737447d44b8a5714b490b47137a04e,2,2024-03-01 02:53:35,2024-03-01 02:53:35,1,0.0,0.0,0.0,0.0,0.0,0.0,0,0,0,0.0,0.0,False,1.0,0.0,0.0,0,,,
bba470e3d0fc955e6ab18a79789bd38ebb737447d44b8a5714b490b47137a04e,3,2024-03-01 04:03:08,2024-03-01 04:03:08,1,1.0,1.0,1.0,0.0,0.0,0.0,0,0,0,0.0,0.0,False,1.0,1.0,1.0,0,,,
bba470e3d0fc955e6ab18a79789bd38ebb737447d44b8a5714b490b47137a04e,4,2024-03-01 09:55:20,2024-03-01 09:55:20,1,0.0,0.0,0.0,0.0,0.0,0.0,0,0,0,0.0,0.0,False,0.0,0.0,0.0,0,,,
bba470e3d0fc955e6ab18a79789bd38ebb737447d44b8a5714b490b47137a04e,5,2024-03-01 10:19:09,2024-03-01 10:20:40,18,0.1111111111111111,0.1111111111111111,1.0,0.008333333333333255,0.05555555555555556,0.2,0,0,0,0.001388888888888889,1.5166666666666666,False,0.0,0.1111111111111111,1.0,0,0.0,0.0,0.0
bba470e3d0fc955e6ab18a79789bd38ebb737447d44b8a5714b490b47137a04e,6,2024-03-01 10:26:14,2024-03-01 10:29:10,32,0.40625,4.25,16.699999999999996,0.3333333333333333,0.5300925925925926,1.9083333333333332,0,0,0,0.23555555555555555,2.933333333333333,True,0.0,4.25,10.461538461538462,0,0.0,0.0,0.0
bba470e3d0fc955e6ab18a79789bd38ebb737447d44b8a5714b490b47137a04e,7,2024-03-01 10:35:34,2024-03-01 11:06:35,329,0.9422492401215805,53.911854103343465,111.59999999999997,0.8851851851851847,1.4351851851851851,5.166666666666667,0,0,0,25.822777777777773,31.016666666666666,True,0.0,53.911854103343465,57.21612903225807,0,0.0,0.0,0.0
bba470e3d0fc955e6ab18a79789bd38ebb737447d44b8a5714b490b47137a04e,8,2024-03-01 11:18:47,2024-03-01 11:44:08,307,0.8827361563517915,52.127035830618894,109.0,1.0944444444444434,1.3888888888888886,5.0,0,1,0,22.824444444444445,25.35,True,0.0,52.127035830618894,59.05166051660517,0,0.04381267646772466,0.0,0.0
bba470e3d0fc955e6ab18a79789bd38ebb737447d44b8a5714b490b47137a04e,9,2024-03-01 12:45:58,2024-03-01 12:45:58,1,0.0,0.0,0.0,0.0,0.0,0.0,0,0,0,0.0,0.0,False,0.0,0.0,0.0,0,,,
bba470e3d0fc955e6ab18a79789bd38ebb737447d44b8a5714b490b47137a04e,10,2024-03-01 13:47:09,2024-03-01 13:47:09,1,1.0,3.0,3.0,0.0,0.0,0.0,0,0,0,0.0,0.0,False,0.0,3.0,3.0,0,,,
bba470e3d0fc955e6ab18a79789bd38ebb737447d44b8a5714b490b47137a04e,11,2024-03-01 14:57:08,2024-03-01 14:57:08,1,0.0,0.0,0.0,0.0,0.0,0.0,0,0,0,0.0,0.0,False,0.0,0.0,0.0,0,,,
bba470e3d0fc955e6ab18a79789bd38ebb737447d44b8a5714b490b47137a04e,12,2024-03-01 17:17:13,2024-03-01 17:17:13,1,0.0,0.0,0.0,0.0,0.0,0.0,0,0,0,0.0,0.0,False,0.0,0.0,0.0,0,,,
bba470e3d0fc955e6ab18a79789bd38ebb737447d44b8a5714b490b47137a04e,13,2024-03-01 17:31:17,2024-03-01 17:31:38,5,0.4,0.4,1.0,0.037037037037037035,0.0,0.0,0,0,0,0.0030555555555555553,0.35,True,0.0,0.4,1.0,0,0.0,0.0,0.0
bba470e3d0fc955e6ab18a79789bd38ebb737447d44b8a5714b490b47137a04e,14,2024-03-01 17:38:26,2024-03-01 17:38:48,5,0.8,10.2,15.6,0.0,0.37592592592592594,1.3533333333333333,0,0,0,0.05249999999999999,0.36666666666666664,True,0.0,10.2,12.75,0,0.0,0.0,0.0
bbe40fa78f173f90a23173eb481442e8665fab28a63414cb6a8d1734f7269e1e,1,2024-03-01 08:41:50,2024-03-01 08:55:03,142,0.5845070422535211,14.929577464788732,47.89999999999998,0.3861111111111105,0.43842592592592444,1.5783333333333285,0,0,0,3.270833333333333,13.216666666666667,True,0.0,14.929577464788732,25.542168674698797,0,0.0,0.0,0.0
bbe40fa78f173f90a23173eb481442e8665fab28a63414cb6a8d1734f7269e1e,2,2024-03-01 10:00:18,2024-03-01 10:00:18,1,0.0,0.0,0.0,0.0,0.0,0.0,0,0,0,0.0,0.0,False,0.0,0.0,0.0,0,,,
bbe40fa78f173f90a23173eb481442e8665fab28a63414cb6a8d1734f7269e1e,3,2024-03-01 15:10:16,2024-03-01 15:20:05,97,0.9175257731958762,27.350515463917525,59.0,0.6333333333333329,0.633333333333332,2.279999999999996,0,0,0,4.0761111111111115,9.816666666666666,True,0.0,27.350515463917525,29.808988764044944,0,0.0,0.0,0.0
bbe40fa78f173f90a23173eb481442e8665fab28a63414cb6a8d1734f7269e1e,4,2024-03-01 16:40:15,2024-03-01 16:52:04,128,0.578125,21.765625,71.29999999999998,0.8333333333333334,0.7555555555555535,2.719999999999993,0,0,0,3.998611111111111,11.816666666666666,True,0.0,21.765625,37.648648648648646,0,0.0,0.0,0.0
bbe40fa78f173f90a23173eb481442e8665fab28a63414cb6a8d1734f7269e1e,5,2024-03-01 17:06:32,2024-03-01 17:17:01,119,0.680672268907563,23.025210084033613,66.0,0.6194444444444439,0.6481481481481483,2.3333333333333335,0,0,0,4.059999999999999,10.483333333333333,True,0.0,23.025210084033613,33.82716049382716,0,0.0,0.0,0.0
bbe40fa78f173f90a23173eb481442e8665fab28a63414cb6a8d1734f7269e1e,6,2024-03-01 18:17:13,2024-03-01 18:17:13,1,0.0,0.0,0.0,0.0,0.0,0.0,0,0,0,0.0,0.0,False,0.0,0.0,0.0,0,,,
bcaa709657a75e084277edc1e03f58a0a0834fda2fb6d5b77fc54bb9671c747f,1,2024-03-01 00:51:38,2024-03-01 00:51:38,1,0.0,0.0,0.0,0.0,0.0,0.0,0,0,0,0.0,0.0,False,1.0,0.0,0.0,0,,,
bcaa709657a75e084277edc1e03f58a0a0834fda2fb6d5b77fc54bb9671c747f,2,2024-03-01 02:03:51,2024-03-01 02:03:51,1,0.0,0.0,0.0,0.0,0.0,0.0,0,0,0,0.0,0.0,False,1.0,0.0,0.0,0,,,
bcaa709657a75e084277edc1e03f58a0a0834fda2fb6d5b77fc54bb9671c747f,3,2024-03-01 03:16:16,2024-03-01 03:16:16,1,0.0,0.0,0.0,0.0,0.0,0.0,0,0,0,0.0,0.0,False,1.0,0.0,0.0,0,,,
bcaa709657a75e084277edc1e03f58a0a0834fda2fb6d5b77fc54bb9671c747f,4,2024-03-01 06:53:13,2024-03-01 06:53:13,1,1.0,1.0,1.0,0.0,0.0,0.0,0,0,0,0.0,0.0,False,0.0,1.0,1.0,0,,,
bcaa709657a75e084277edc1e03f58a0a0834fda2fb6d5b77fc54bb9671c747f,5,2024-03-01 08:05:39,2024-03-01 08:05:39,1,1.0,1.0,1.0,0.0,0.0,0.0,0,0,0,0.0,0.0,False,0.0,1.0,1.0,0,,,
bcaa709657a75e084277edc1e03f58a0a0834fda2fb6d5b77fc54bb9671c747f,6,2024-03-01 10:30:41,2024-03-01 10:30:41,1,0.0,0.0,0.0,0.0,0.0,0.0,0,0,0,0.0,0.0,False,0.0,0.0,0.0,0,,,
bcaa709657a75e084277edc1e03f58a0a0834fda2fb6d5b77fc54bb9671c747f,7,2024-03-01 12:56:09,2024-03-01 12:56:09,1,0.0,0.0,0.0,0.0,0.0,0.0,0,0,0,0.0,0.0,False,0.0,0.0,0.0,0,,,
bcaa709657a75e084277edc1e03f58a0a0834fda2fb6d5b77fc54bb9671c747f,8,2024-03-01 14:07:31,2024-03-01 14:07:31,1,1.0,1.0,1.0,0.0,0.0,0.0,0,0,0,0.0,0.0,False,0.0,1.0,1.0,0,,,
bcaa709657a75e084277edc1e03f58a0a0834fda2fb6d5b77fc54bb9671c747f,9,2024-03-01 15:20:28,2024-03-01 15:20:28,1,0.0,0.0,0.0,0.0,0.0,0.0,0,0,0,0.0,0.0,False,0.0,0.0,0.0,0,,,
be68c64edab81a1e33095705804e5f486a5440943f068293f712d5ae24072e54,1,2024-03-01 05:38:24,2024-03-01 05:38:24,1,0.0,0.0,0.0,0.0,0.0,0.0,0,0,0,0.0,0.0,False,1.0,0.0,0.0,0,,,
be68c64edab81a1e33095705804e5f486a5440943f068293f712d5ae24072e54,2,2024-03-01 06:49:31,2024-03-01 07:31:33,435,0.8114942528735632,40.737931034482756,79.59999999999991,0.4740740740740725,0.5027777777777773,1.8099999999999985,0,0,0,29.601666666666667,42.03333333333333,True,0.0,40.737931034482756,50.20113314447592,0,0.0,0.0,0.0
be68c64edab81a1e33095705804e5f486a5440943f068293f712d5ae24072e54,3,2024-03-01 08:31:30,2024-03-01 08:31:30,1,0.0,0.0,0.0,0.0,0.0,0.0,0,0,0,0.0,0.0,False,0.0,0.0,0.0,0,,,
be68c64edab81a1e33095705804e5f486a5440943f068293f712d5ae24072e54,4,2024-03-01 09:32:12,2024-03-01 09:32:12,1,0.0,0.0,0.0,0.0,0.0,0.0,0,0,0,0.0,0.0,False,0.0,0.0,0.0,0,,,
be68c64edab81a1e33095705804e5f486a5440943f068293f712d5ae24072e54,5,2024-03-01 14:36:03,2024-03-01 14:37:32,18,0.5555555555555556,2.7222222222222223,9.449999999999996,0.21574074074074046,0.29444444444444423,1.0599999999999994,0,0,0,0.07277777777777777,1.4833333333333334,True,0.0,2.7222222222222223,4.9,0,0.0,0.0,0.0
be68c64edab81a1e33095705804e5f486a5440943f068293f712d5ae24072e54,6,2024-03-01 15:37:29,2024-03-01 15:37:29,1,0.0,0.0,0.0,0.0,0.0,0.0,0,0,0,0.0,0.0,False,0.0,0.0,0.0,0,,,
be68c64edab81a1e33095705804e5f486a5440943f068293f712d5ae24072e54,7,2024-03-01 15:54:32,2024-03-01 16:22:11,324,0.5277777777777778,9.921296296296296,40.0,0.9120370370370339,0.8333333333333334,3.0,0,1,0,4.47875,27.65,True,0.0,9.921296296296296,18.79824561403509,0,0.22327658386826682,0.0,0.0
be68c64edab81a1e33095705804e5f486a5440943f068293f712d5ae24072e54,8,2024-03-01 16:34:05,2024-03-01 16:56:50,259,0.305019305019305,1.274131274131274,9.0,0.2777777777777778,0.22314814814814812,0.8033333333333332,0,0,0,0.4536111111111111,22.75,True,0.0,1.274131274131274,4.177215189873418,0,0.0,0.0,0.0
be68c64edab81a1e33095705804e5f486a5440943f068293f712d5ae24072e54,9,2024-03-01 17:03:57,2024-03-01 17:40:17,384,0.9140625,31.25,81.0,0.611111111111111,0.5092592592592592,1.8333333333333333,0,0,0,18.991944444444446,36.333333333333336,True,0.0,31.25,34.18803418803419,0,0.0,0.0,0.0
be68c64edab81a1e33095705804e5f486a5440943f068293f712d5ae24072e54,10,2024-03-01 18:12:52,2024-03-01 18:28:14,161,0.4782608695652174,18.782608695652176,55.0,0.6944444444444442,0.6666666666666666,2.4,0,0,0,5.098055555555557,15.366666666666667,True,0.0,18.782608695652176,39.27272727272727,0,0.0,0.0,0.0
beb9ce16ae800b1168bf15398217beb72b69d209883f591cb369b9979ca4e116,1,2024-03-01 00:28:59,2024-03-01 00:28:59,1,0.0,0.0,0.0,0.0,0.0,0.0,0,0,0,0.0,0.0,False,1.0,0.0,0.0,0,,,
beb9ce16ae800b1168bf15398217beb72b69d209883f591cb369b9979ca4e116,2,2024-03-01 01:41:05,2024-03-01 01:41:05,1,0.0,0.0,0.0,0.0,0.0,0.0,0,0,0,0.0,0.0,False,1.0,0.0,0.0,0,,,
beb9ce16ae800b1168bf15398217beb72b69d209883f591cb369b9979ca4e116,3,2024-03-01 02:53:25,2024-03-01 02:53:25,1,0.0,0.0,0.0,0.0,0.0,0.0,0,0,0,0.0,0.0,False,1.0,0.0,0.0,0,,,
beb9ce16ae800b1168bf15398217beb72b69d209883f591cb369b9979ca4e116,4,2024-03-01 04:06:47,2024-03-01 04:06:47,1,0.0,0.0,0.0,0.0,0.0,0.0,0,0,0,0.0,0.0,False,1.0,0.0,0.0,0,,,
beb9ce16ae800b1168bf15398217beb72b69d209883f591cb369b9979ca4e116,5,2024-03-01 05:18:13,2024-03-01 05:18:13,1,0.0,0.0,0.0,0.0,0.0,0.0,0,0,0,0.0,0.0,False,1.0,0.0,0.0,0,,,
beb9ce16ae800b1168bf15398217beb72b69d209883f591cb369b9979ca4e116,6,2024-03-01 06:31:14,2024-03-01 06:31:14,1,0.0,0.0,0.0,0.0,0.0,0.0,0,0,0,0.0,0.0,False,0.0,0.0,0.0,0,,,
beb9ce16ae800b1168bf15398217beb72b69d209883f591cb369b9979ca4e116,7,2024-03-01 07:43:05,2024-03-01 07:43:05,1,0.0,0.0,0.0,0.0,0.0,0.0,0,0,0,0.0,0.0,False,0.0,0.0,0.0,0,,,
beb9ce16ae800b1168bf15398217beb72b69d209883f591cb369b9979ca4e116,8,2024-03-01 08:57:49,2024-03-01 08:57:49,1,0.0,0.0,0.0,0.0,0.0,0.0,0,0,0,0.0,0.0,False,0.0,0.0,0.0,0,,,
beb9ce16ae800b1168bf15398217beb72b69d209883f591cb369b9979ca4e116,9,2024-03-01 09:19:52,2024-03-01 09:20:38,8,0.0,0.0,0.0,0.0,-0.0,-0.0,0,0,0,0.0,0.7666666666666667,False,0.0,0.0,0.0,0,,,
beb9ce16ae800b1168bf15398217beb72b69d209883f591cb369b9979ca4e116,10,2024-03-01 09:26:14,2024-03-01 09:49:14,216,0.8935185185185185,18.708333333333332,57.0,0.7523148148148147,0.7222222222222222,2.6,1,0,0,6.803333333333333,23.0,True,0.0,18.708333333333332,20.93782383419689,0,0.0,0.14698677119059286,0.0
beb9ce16ae800b1168bf15398217beb72b69d209883f591cb369b9979ca4e116,11,2024-03-01 13:44:34,2024-03-01 13:44:34,1,0.0,0.0,0.0,0.0,0.0,0.0,0,0,0,0.0,0.0,False,0.0,0.0,0.0,0,,,
beb9ce16ae800b1168bf15398217beb72b69d209883f591cb369b9979ca4e116,12,2024-03-01 15:54:03,2024-03-01 15:54:03,1,1.0,3.0,3.0,0.0,0.0,0.0,0,0,0,0.0,0.0,False,0.0,3.0,3.0,0,,,
bf07edb19df49d6f6aabe1fbb82bac1548ad93cc46b4361c0900c45332660fc4,1,2024-03-01 00:28:11,2024-03-01 00:28:11,1,0.0,0.0,0.0,0.0,0.0,0.0,0,0,0,0.0,0.0,False,1.0,0.0,0.0,0,,,
bf07edb19df49d6f6aabe1fbb82bac1548ad93cc46b4361c0900c45332660fc4,2,2024-03-01 11:15:48,2024-03-01 11:15:48,1,0.0,0.0,0.0,0.0,0.0,0.0,0,0,0,0.0,0.0,False,0.0,0.0,0.0,0,,,
bf07edb19df49d6f6aabe1fbb82bac1548ad93cc46b4361c0900c45332660fc4,3,2024-03-01 12:27:48,2024-03-01 12:27:48,1,0.0,0.0,0.0,0.0,0.0,0.0,0,0,0,0.0,0.0,False,0.0,0.0,0.0,0,,,
bf07edb19df49d6f6aabe1fbb82bac1548ad93cc46b4361c0900c45332660fc4,4,2024-03-01 17:08:32,2024-03-01 17:08:32,1,1.0,1.0,1.0,0.0,0.0,0.0,0,0,0,0.0,0.0,False,0.0,1.0,1.0,0,,,
bf07edb19df49d6f6aabe1fbb82bac1548ad93cc46b4361c0900c45332660fc4,5,2024-03-01 18:19:05,2024-03-01 18:19:05,1,0.0,0.0,0.0,0.0,0.0,0.0,0,0,0,0.0,0.0,False,0.0,0.0,0.0,0,,,
bf3672419e8d755c7c3bdac424eb90d49d888d15b00693267452e3723897ed9b,1,2024-03-01 02:06:49,2024-03-01 02:06:49,1,0.0,0.0,0.0,0.0,0.0,0.0,0,0,0,0.0,0.0,False,1.0,0.0,0.0,0,,,
bf3672419e8d755c7c3bdac424eb90d49d888d15b00693267452e3723897ed9b,2,2024-03-01 04:25:27,2024-03-01 04:25:27,1,1.0,3.0,3.0,0.0,0.0,0.0,0,0,0,0.0,0.0,False,1.0,3.0,3.0,0,,,
bf3672419e8d755c7c3bdac424eb90d49d888d15b00693267452e3723897ed9b,3,2024-03-01 06:46:40,2024-03-01 06:47:40,2,0.0,0.0,0.0,0.0,0.0,0.0,0,0,0,0.0,1.0,False,0.0,0.0,0.0,0,,,
bf3672419e8d755c7c3bdac424eb90d49d888d15b00693267452e3723897ed9b,4,2024-03-01 07:21:32,2024-03-01 07:43:23,253,0.7075098814229249,22.197628458498023,64.0,0.6259259259259251,0.9111111111111099,3.2799999999999954,0,0,0,8.161944444444444,21.85,True,0.0,22.197628458498023,31.374301675977655,0,0.0,0.0,0.0
bf3672419e8d755c7c3bdac424eb90d49d888d15b00693267452e3723897ed9b,5,2024-03-01 10:50:43,2024-03-01 10:50:43,1,0.0,0.0,0.0,0.0,0.0,0.0,0,0,0,0.0,0.0,False,0.0,0.0,0.0,0,,,
bf3672419e8d755c7c3bdac424eb90d49d888d15b00693267452e3723897ed9b,6,2024-03-01 11:59:31,2024-03-01 11:59:31,1,1.0,1.0,1.0,0.0,0.0,0.0,0,0,0,0.0,0.0,False,0.0,1.0,1.0,0,,,
bf3672419e8d755c7c3bdac424eb90d49d888d15b00693267452e3723897ed9b,7,2024-03-01 13:07:29,2024-03-01 13:07:29,1,0.0,0.0,0.0,0.0,0.0,0.0,0,0,0,0.0,0.0,False,0.0,0.0,0.0,0,,,
bf3672419e8d755c7c3bdac424eb90d49d888d15b00693267452e3723897ed9b,8,2024-03-01 15:23:52,2024-03-01 15:26:08,2,0.0,0.0,0.0,0.0,0.0,0.0,0,0,0,0.0,2.2666666666666666,False,0.0,0.0,0.0,0,,,
bf3672419e8d755c7c3bdac424eb90d49d888d15b00693267452e3723897ed9b,9,2024-03-01 15:56:36,2024-03-01 16:22:12,272,0.9007352941176471,34.42279411764706,79.89999999999998,0.6944444444444443,0.8027777777777771,2.8899999999999975,0,0,0,14.545555555555556,25.6,True,0.0,34.42279411764706,38.21632653061224,0,0.0,0.0,0.0
bf3672419e8d755c7c3bdac424eb90d49d888d15b00693267452e3723897ed9b,10,2024-03-01 16:41:37,2024-03-01 16:52:57,66,0.9545454545454546,79.18181818181819,109.0,0.27777777777777785,0.5555555555555551,2.0,0,0,0,17.293055555555554,11.333333333333334,True,0.0,79.18181818181819,82.95238095238095,0,0.0,0.0,0.0
bf3672419e8d755c7c3bdac424eb90d49d888d15b00693267452e3723897ed9b,11,2024-03-01 16:58:17,2024-03-01 16:59:54,9,0.8888888888888888,30.0,51.0,0.5888888888888888,0.5259259259259257,1.8933333333333329,0,0,0,0.3791666666666667,1.6166666666666667,True,0.0,30.0,33.75,0,0.0,0.0,0.0
bf3672419e8d755c7c3bdac424eb90d49d888d15b00693267452e3723897ed9b,12,2024-03-01 17:58:07,2024-03-01 18:09:46,136,0.7794117647058824,22.11764705882353,62.0,0.75,0.777777777777778,2.8,0,0,0,4.365555555555556,11.65,True,0.0,22.11764705882353,28.37735849056604,0,0.0,0.0,0.0
bf430dd293a21194beb80bf250c222fb56030cf0735abb2e08e0c007ed42bbcd,1,2024-03-01 03:16:19,2024-03-01 03:16:19,1,0.0,0.0,0.0,0.0,0.0,0.0,0,0,0,0.0,0.0,False,1.0,0.0,0.0,0,,,
bf430dd293a21194beb80bf250c222fb56030cf0735abb2e08e0c007ed42bbcd,2,2024-03-01 04:32:39,2024-03-01 04:32:39,1,0.0,0.0,0.0,0.0,0.0,0.0,0,0,0,0.0,0.0,False,1.0,0.0,0.0,0,,,
bf430dd293a21194beb80bf250c222fb56030cf0735abb2e08e0c007ed42bbcd,3,2024-03-01 08:21:50,2024-03-01 09:04:35,459,0.8278867102396514,50.70152505446623,120.0,0.5,0.5555555555555554,2.0,0,0,0,34.547222222222224,42.75,True,0.0,50.70152505446623,61.242105263157896,0,0.0,0.0,0.0
bf430dd293a21194beb80bf250c222fb56030cf0735abb2e08e0c007ed42bbcd,4,2024-03-01 10:04:22,2024-03-01 10:04:22,1,0.0,0.0,0.0,0.0,0.0,0.0,0,0,0,0.0,0.0,False,0.0,0.0,0.0,0,,,
bf430dd293a21194beb80bf250c222fb56030cf0735abb2e08e0c007ed42bbcd,5,2024-03-01 16:04:06,2024-03-01 16:04:06,1,0.0,0.0,0.0,0.0,0.0,0.0,0,0,0,0.0,0.0,False,0.0,0.0,0.0,0,,,
bf430dd293a21194beb80bf250c222fb56030cf0735abb2e08e0c007ed42bbcd,6,2024-03-01 17:19:45,2024-03-01 17:19:45,1,0.0,0.0,0.0,0.0,0.0,0.0,0,0,0,0.0,0.0,False,0.0,0.0,0.0,0,,,
bfe9f315b295a075c64b479d41b6497e4746ce385524d51f79c59e5ee037b483,1,2024-03-01 00:10:55,2024-03-01 00:10:55,1,0.0,0.0,0.0,0.0,0.0,0.0,0,0,0,0.0,0.0,False,1.0,0.0,0.0,0,,,
bfe9f315b295a075c64b479d41b6497e4746ce385524d51f79c59e5ee037b483,2,2024-03-01 01:26:48,2024-03-01 01:26:48,1,1.0,1.0,1.0,0.0,0.0,0.0,0,0,0,0.0,0.0,False,1.0,1.0,1.0,0,,,
bfe9f315b295a075c64b479d41b6497e4746ce385524d51f79c59e5ee037b483,3,2024-03-01 02:42:46,2024-03-01 02:42:46,1,1.0,1.0,1.0,0.0,0.0,0.0,0,0,0,0.0,0.0,False,1.0,1.0,1.0,0,,,
bfe9f315b295a075c64b479d41b6497e4746ce385524d51f79c59e5ee037b483,4,2024-03-01 03:58:48,2024-03-01 04:01:05,2,0.5,0.5,0.95,0.0,0.0019261962692619628,0.006934306569343065,0,0,0,0.0,2.283333333333333,False,1.0,0.5,1.0,0,,,
bfe9f315b295a075c64b479d41b6497e4746ce385524d51f79c59e5ee037b483,5,2024-03-01 04:19:21,2024-03-01 04:39:38,228,0.9780701754385965,71.70614035087719,105.0,0.38888888888888884,0.40694444444444394,1.4649999999999976,0,0,0,24.327777777777776,20.283333333333335,True,1.0,71.70614035087719,73.31390134529148,0,0.0,0.0,0.0
c070ed411523ba639775d053cdfbb7a004cbaf8e06384e6aef98066ec57d7315,1,2024-03-01 09:18:08,2024-03-01 09:32:51,119,0.8571428571428571,30.483193277310924,70.0,1.1111111111111112,1.3888888888888886,5.0,0,0,0,5.381805555555554,14.716666666666667,True,0.0,30.483193277310924,35.56372549019608,0,0.0,0.0,0.0
c070ed411523ba639775d053cdfbb7a004cbaf8e06384e6aef98066ec57d7315,2,2024-03-01 09:50:59,2024-03-01 10:03:40,152,0.9013157894736842,48.598684210526315,98.89999999999998,0.9694444444444439,1.1111111111111112,4.0,0,0,0,10.613333333333332,12.683333333333334,True,0.0,48.598684210526315,53.91970802919708,0,0.0,0.0,0.0
c070ed411523ba639775d053cdfbb7a004cbaf8e06384e6aef98066ec57d7315,3,2024-03-01 11:03:57,2024-03-01 11:03:57,1,0.0,0.0,0.0,0.0,0.0,0.0,0,0,0,0.0,0.0,False,0.0,0.0,0.0,0,,,
c070ed411523ba639775d053cdfbb7a004cbaf8e06384e6aef98066ec57d7315,4,2024-03-01 15:29:37,2024-03-01 15:29:37,1,0.0,0.0,0.0,0.0,0.0,0.0,0,0,0,0.0,0.0,False,0.0,0.0,0.0,0,,,
c070ed411523ba639775d053cdfbb7a004cbaf8e06384e6aef98066ec57d7315,5,2024-03-01 16:13:32,2024-03-01 16:25:51,135,0.9185185185185185,49.71111111111111,94.0,0.8999999999999998,1.1388888888888888,4.099999999999999,0,0,0,9.893055555555554,12.316666666666666,True,0.0,49.71111111111111,54.12096774193548,0,0.0,0.0,0.0
c070ed411523ba639775d053cdfbb7a004cbaf8e06384e6aef98066ec57d7315,6,2024-03-01 16:34:48,2024-03-01 16:36:03,5,0.0,0.0,0.0,0.0,-0.0,-0.0,0,0,0,0.0,1.25,False,0.0,0.0,0.0,0,,,
c072fff15d5187c4b972edd5a9cda50193f72d71b268402caf5c3ccc389f782a,1,2024-03-01 10:33:53,2024-03-01 10:33:53,1,0.0,0.0,0.0,0.0,0.0,0.0,0,0,0,0.0,0.0,False,0.0,0.0,0.0,0,,,
c072fff15d5187c4b972edd5a9cda50193f72d71b268402caf5c3ccc389f782a,2,2024-03-01 12:54:31,2024-03-01 12:54:31,1,0.0,0.0,0.0,0.0,0.0,0.0,0,0,0,0.0,0.0,False,0.0,0.0,0.0,0,,,
c072fff15d5187c4b972edd5a9cda50193f72d71b268402caf5c3ccc389f782a,3,2024-03-01 15:14:58,2024-03-01 15:14:58,1,1.0,1.0,1.0,0.0,0.0,0.0,0,0,0,0.0,0.0,False,0.0,1.0,1.0,0,,,
c072fff15d5187c4b972edd5a9cda50193f72d71b268402caf5c3ccc389f782a,4,2024-03-01 16:24:54,2024-03-01 16:24:54,1,1.0,3.0,3.0,0.0,0.0,0.0,0,0,0,0.0,0.0,False,0.0,3.0,3.0,0,,,
c1d958a03e5d71b1d1e51294234db0ff0773a3d31dfd9ff354e33a7c97f6bfd8,1,2024-03-01 12:09:02,2024-03-01 12:36:43,253,0.8972332015810277,20.24110671936759,42.0,0.7222222222222221,0.7222222222222222,2.6,1,0,0,9.590277777777777,27.683333333333334,True,0.0,20.24110671936759,22.559471365638768,0,0.0,0.1042722664735699,0.0
c1d958a03e5d71b1d1e51294234db0ff0773a3d31dfd9ff354e33a7c97f6bfd8,2,2024-03-01 13:37:09,2024-03-01 13:37:09,1,0.0,0.0,0.0,0.0,0.0,0.0,0,0,0,0.0,0.0,False,0.0,0.0,0.0,0,,,
c1d958a03e5d71b1d1e51294234db0ff0773a3d31dfd9ff354e33a7c97f6bfd8,3,2024-03-01 15:19:36,2024-03-01 15:23:27,22,0.45454545454545453,6.409090909090909,21.9,0.32175925925925924,0.3833333333333333,1.3799999999999997,0,0,0,0.18944444444444447,3.85,True,0.0,6.409090909090909,14.1,0,0.0,0.0,0.0
c1d958a03e5d71b1d1e51294234db0ff0773a3d31dfd9ff354e33a7c97f6bfd8,4,2024-03-01 16:24:11,2024-03-01 16:24:11,1,0.0,0.0,0.0,0.0,0.0,0.0,0,0,0,0.0,0.0,False,0.0,0.0,0.0,0,,,
c1d958a03e5d71b1d1e51294234db0ff0773a3d31dfd9ff354e33a7c97f6bfd8,5,2024-03-01 17:09:37,2024-03-01 17:37:23,276,0.7971014492753623,14.817028985507246,40.0,0.5,0.5,1.8,0,0,0,6.547916666666666,27.766666666666666,True,0.0,14.817028985507246,18.588636363636365,0,0.0,0.0,0.0
c276ddd70f1cfcac7b4b5de52cbd717a81001ce38ff11162447f779405d39918,1,2024-03-01 01:48:43,2024-03-01 01:48:43,1,0.0,0.0,0.0,0.0,0.0,0.0,0,0,0,0.0,0.0,False,1.0,0.0,0.0,0,,,
c276ddd70f1cfcac7b4b5de52cbd717a81001ce38ff11162447f779405d39918,2,2024-03-01 08:45:11,2024-03-01 08:45:11,1,1.0,16.0,16.0,0.0,0.0,0.0,0,0,0,0.0,0.0,False,0.0,16.0,16.0,0,,,
c276ddd70f1cfcac7b4b5de52cbd717a81001ce38ff11162447f779405d39918,3,2024-03-01 15:40:54,2024-03-01 15:40:54,1,1.0,1.0,1.0,0.0,0.0,0.0,0,0,0,0.0,0.0,False,0.0,1.0,1.0,0,,,
c33a2e9325841d405dd4cb1dce7ede6e047afd979a94e32f9773c8eed475d5fb,1,2024-03-01 00:00:00,2024-03-01 00:15:44,172,0.9941860465116279,47.56976744186046,85.89999999999998,0.5092592592592592,0.6861111111111092,2.469999999999993,0,0,0,12.419722222222223,15.733333333333333,True,1.0,47.56976744186046,47.84795321637427,0,0.0,0.0,0.0
c33a2e9325841d405dd4cb1dce7ede6e047afd979a94e32f9773c8eed475d5fb,2,2024-03-01 01:16:34,2024-03-01 01:16:34,1,0.0,0.0,0.0,0.0,0.0,0.0,0,0,0,0.0,0.0,False,1.0,0.0,0.0,0,,,
c33a2e9325841d405dd4cb1dce7ede6e047afd979a94e32f9773c8eed475d5fb,3,2024-03-01 06:47:27,2024-03-01 06:47:27,1,0.0,0.0,0.0,0.0,0.0,0.0,0,0,0,0.0,0.0,False,0.0,0.0,0.0,0,,,
c33a2e9325841d405dd4cb1dce7ede6e047afd979a94e32f9773c8eed475d5fb,4,2024-03-01 07:21:31,2024-03-01 07:48:10,208,0.8076923076923077,39.47596153846154,118.0,0.9560185185185176,1.3393518518518515,4.821666666666665,0,1,0,15.979444444444445,26.65,True,0.0,39.47596153846154,48.875,0,0.06258039842853666,0.0,0.0
c33a2e9325841d405dd4cb1dce7ede6e047afd979a94e32f9773c8eed475d5fb,5,2024-03-01 08:32:59,2024-03-01 08:48:48,107,0.822429906542056,36.495327102803735,84.39999999999998,0.5388888888888883,0.6694444444444434,2.4099999999999966,0,0,0,6.753055555555555,15.816666666666666,True,0.0,36.495327102803735,44.375,0,0.0,0.0,0.0
c33a2e9325841d405dd4cb1dce7ede6e047afd979a94e32f9773c8eed475d5fb,6,2024-03-01 09:01:05,2024-03-01 09:08:51,92,0.967391304347826,71.1304347826087,120.0,0.8333333333333333,1.1805555555555565,4.250000000000003,0,0,0,9.483055555555556,7.766666666666667,True,0.0,71.1304347826087,73.52808988764045,0,0.0,0.0,0.0
c33a2e9325841d405dd4cb1dce7ede6e047afd979a94e32f9773c8eed475d5fb,7,2024-03-01 10:26:58,2024-03-01 10:27:39,2,0.0,0.0,0.0,0.0,0.0,0.0,0,0,0,0.0,0.6833333333333333,False,0.0,0.0,0.0,0,,,
c33a2e9325841d405dd4cb1dce7ede6e047afd979a94e32f9773c8eed475d5fb,8,2024-03-01 11:10:55,2024-03-01 11:10:55,1,0.0,0.0,0.0,0.0,0.0,0.0,0,0,0,0.0,0.0,False,0.0,0.0,0.0,0,,,
c33a2e9325841d405dd4cb1dce7ede6e047afd979a94e32f9773c8eed475d5fb,9,2024-03-01 12:20:11,2024-03-01 12:20:11,1,0.0,0.0,0.0,0.0,0.0,0.0,0,0,0,0.0,0.0,False,0.0,0.0,0.0,0,,,
c33a2e9325841d405dd4cb1dce7ede6e047afd979a94e32f9773c8eed475d5fb,10,2024-03-01 12:30:31,2024-03-01 12:42:54,149,0.8859060402684564,58.54362416107382,120.0,0.9166666666666661,1.4351851851851838,5.166666666666662,0,1,0,12.454166666666664,12.383333333333333,True,0.0,58.54362416107382,66.08333333333333,0,0.08029441284710608,0.0,0.0
c33a2e9325841d405dd4cb1dce7ede6e047afd979a94e32f9773c8eed475d5fb,11,2024-03-01 13:43:37,2024-03-01 13:43:37,1,0.0,0.0,0.0,0.0,0.0,0.0,0,0,0,0.0,0.0,False,0.0,0.0,0.0,0,,,
c33a2e9325841d405dd4cb1dce7ede6e047afd979a94e32f9773c8eed475d5fb,12,2024-03-01 14:13:02,2024-03-01 14:14:27,17,0.7647058823529411,10.294117647058824,20.0,0.5277777777777777,0.5629629629629627,2.026666666666666,0,0,0,0.2619444444444444,1.4166666666666667,True,0.0,10.294117647058824,13.461538461538462,0,0.0,0.0,0.0
c33a2e9325841d405dd4cb1dce7ede6e047afd979a94e32f9773c8eed475d5fb,13,2024-03-01 14:20:24,2024-03-01 14:37:16,200,0.62,10.935,31.099999999999966,0.7418981481481478,0.8333333333333334,3.0,0,0,0,3.006944444444444,16.866666666666667,True,0.0,10.935,17.637096774193548,0,0.0,0.0,0.0
c33a2e9325841d405dd4cb1dce7ede6e047afd979a94e32f9773c8eed475d5fb,14,2024-03-01 14:46:59,2024-03-01 14:47:26,7,0.0,0.0,0.0,0.0,-0.0,-0.0,0,0,0,0.0,0.45,False,0.0,0.0,0.0,0,,,
c33a2e9325841d405dd4cb1dce7ede6e047afd979a94e32f9773c8eed475d5fb,15,2024-03-01 14:54:58,2024-03-01 14:54:58,1,0.0,0.0,0.0,0.0,0.0,0.0,0,0,0,0.0,0.0,False,0.0,0.0,0.0,0,,,
c33a2e9325841d405dd4cb1dce7ede6e047afd979a94e32f9773c8eed475d5fb,16,2024-03-01 15:09:51,2024-03-01 15:12:43,24,0.7916666666666666,9.583333333333334,21.699999999999996,0.5879629629629627,0.5888888888888886,2.119999999999999,0,0,0,0.32999999999999996,2.8666666666666667,True,0.0,9.583333333333334,12.105263157894736,0,0.0,0.0,0.0
c33a2e9325841d405dd4cb1dce7ede6e047afd979a94e32f9773c8eed475d5fb,17,2024-03-01 15:28:23,2024-03-01 15:48:46,211,0.8246445497630331,44.360189573459714,104.0,0.9722222222222221,1.1944444444444442,4.300000000000001,0,2,0,13.50861111111111,20.383333333333333,True,0.0,44.360189573459714,53.793103448275865,0,0.14805371059612182,0.0,0.0
c33a2e9325841d405dd4cb1dce7ede6e047afd979a94e32f9773c8eed475d5fb,18,2024-03-01 17:07:33,2024-03-01 17:43:11,371,0.8221024258760108,35.807277628032345,112.0,0.6944444444444443,0.8333333333333335,3.0,0,0,0,19.91986111111111,35.63333333333333,True,0.0,35.807277628032345,43.55573770491803,0,0.0,0.0,0.0
c33a2e9325841d405dd4cb1dce7ede6e047afd979a94e32f9773c8eed475d5fb,19,2024-03-01 17:50:44,2024-03-01 17:58:41,79,0.9873417721518988,44.177215189873415,94.19999999999999,0.8902777777777777,1.1342592592592575,4.083333333333329,0,0,0,6.143333333333333,7.95,True,0.0,44.177215189873415,44.743589743589745,0,0.0,0.0,0.0
c3def237481e43d6065ea4dee75f7a668155322238741dce9b0c5bb1ca068bca,1,2024-03-01 00:00:04,2024-03-01 13:16:24,8906,0.04996631484392544,1.6120592858746912,0.0,0.0,-0.0,-0.0,1,0,0,20.726666666666663,796.3333333333334,False,0.4516056591062205,1.6120592858746912,32.262921348314606,0,0.0,0.048247024766806056,0.0
c3def237481e43d6065ea4dee75f7a668155322238741dce9b0c5bb1ca068bca,2,2024-03-01 13:22:19,2024-03-01 18:30:00,3461,0.09968217278243283,2.35914475585091,24.0,0.0,0.0,0.0,0,0,0,11.793333333333333,307.68333333333334,False,0.0,2.35914475585091,23.666666666666668,0,0.0,0.0,0.0
c4312fa9053f0a9329b0365a6ea8e0c46dddaa83237963c04a69689396846e4c,1,2024-03-01 01:32:20,2024-03-01 01:32:20,1,0.0,0.0,0.0,0.0,0.0,0.0,0,0,0,0.0,0.0,False,1.0,0.0,0.0,0,,,
c4312fa9053f0a9329b0365a6ea8e0c46dddaa83237963c04a69689396846e4c,2,2024-03-01 02:47:06,2024-03-01 02:47:06,1,0.0,0.0,0.0,0.0,0.0,0.0,0,0,0,0.0,0.0,False,1.0,0.0,0.0,0,,,
c4312fa9053f0a9329b0365a6ea8e0c46dddaa83237963c04a69689396846e4c,3,2024-03-01 05:16:44,2024-03-01 05:16:44,1,1.0,1.0,1.0,0.0,0.0,0.0,0,0,0,0.0,0.0,False,1.0,1.0,1.0,0,,,
c4312fa9053f0a9329b0365a6ea8e0c46dddaa83237963c04a69689396846e4c,4,2024-03-01 06:31:36,2024-03-01 06:31:36,1,0.0,0.0,0.0,0.0,0.0,0.0,0,0,0,0.0,0.0,False,0.0,0.0,0.0,0,,,
c4312fa9053f0a9329b0365a6ea8e0c46dddaa83237963c04a69689396846e4c,5,2024-03-01 07:46:30,2024-03-01 07:48:46,2,0.0,0.0,0.0,0.0,0.0,0.0,0,0,0,0.0,2.2666666666666666,False,0.0,0.0,0.0,0,,,
c4312fa9053f0a9329b0365a6ea8e0c46dddaa83237963c04a69689396846e4c,6,2024-03-01 08:30:30,2024-03-01 08:56:41,259,0.861003861003861,21.326254826254825,50.099999999999994,0.8472222222222215,0.8805555555555556,3.1699999999999995,0,0,0,10.457083333333333,26.183333333333334,True,0.0,21.326254826254825,24.769058295964125,0,0.0,0.0,0.0
c4312fa9053f0a9329b0365a6ea8e0c46dddaa83237963c04a69689396846e4c,7,2024-03-01 09:05:19,2024-03-01 09:06:17,12,1.0,34.25,58.14999999999999,0.23611111111111094,0.7611111111111107,2.7399999999999993,0,0,0,0.5136111111111111,0.9666666666666667,True,0.0,34.25,34.25,0,0.0,0.0,0.0
c4312fa9053f0a9329b0365a6ea8e0c46dddaa83237963c04a69689396846e4c,8,2024-03-01 09:15:53,2024-03-01 09:17:45,24,0.9166666666666666,19.5,35.0,0.5694444444444438,0.6972222222222219,2.509999999999999,0,0,0,0.6294444444444444,1.8666666666666667,True,0.0,19.5,21.272727272727273,0,0.0,0.0,0.0
c4312fa9053f0a9329b0365a6ea8e0c46dddaa83237963c04a69689396846e4c,9,2024-03-01 10:18:09,2024-03-01 10:18:09,1,0.0,0.0,0.0,0.0,0.0,0.0,0,0,0,0.0,0.0,False,0.0,0.0,0.0,0,,,
c4312fa9053f0a9329b0365a6ea8e0c46dddaa83237963c04a69689396846e4c,10,2024-03-01 16:14:31,2024-03-01 16:14:31,1,0.0,0.0,0.0,0.0,0.0,0.0,0,0,0,0.0,0.0,False,0.0,0.0,0.0,0,,,
c4312fa9053f0a9329b0365a6ea8e0c46dddaa83237963c04a69689396846e4c,11,2024-03-01 17:28:33,2024-03-01 17:30:45,2,0.5,1.5,2.8499999999999996,0.0,0.005997474747474746,0.02159090909090909,0,0,0,0.0,2.2,False,0.0,1.5,3.0,0,,,
c4312fa9053f0a9329b0365a6ea8e0c46dddaa83237963c04a69689396846e4c,12,2024-03-01 18:10:53,2024-03-01 18:30:04,188,0.9414893617021277,30.101063829787233,88.0,0.7837962962962964,0.9444444444444444,3.4,1,1,0,7.968055555555555,19.183333333333334,True,0.0,30.101063829787233,31.971751412429377,0,0.12550113299633955,0.12550113299633955,0.0
c47e2f6534603c4ec4c87c6d48fde59e6cd7fdbf4c3fd3ec0ce6e69ac499e00a,1,2024-03-01 12:50:20,2024-03-01 13:02:16,90,0.9,77.00555555555556,137.0,1.0,1.1111111111111112,4.0,0,0,0,10.318055555555555,11.933333333333334,True,0.0,77.00555555555556,85.56172839506173,0,0.0,0.0,0.0
c47e2f6534603c4ec4c87c6d48fde59e6cd7fdbf4c3fd3ec0ce6e69ac499e00a,2,2024-03-01 14:02:49,2024-03-01 14:02:49,1,0.0,0.0,0.0,0.0,0.0,0.0,0,0,0,0.0,0.0,False,0.0,0.0,0.0,0,,,
c47e2f6534603c4ec4c87c6d48fde59e6cd7fdbf4c3fd3ec0ce6e69ac499e00a,3,2024-03-01 15:06:08,2024-03-01 15:06:08,1,0.0,0.0,0.0,0.0,0.0,0.0,0,0,0,0.0,0.0,False,0.0,0.0,0.0,0,,,
c47e2f6534603c4ec4c87c6d48fde59e6cd7fdbf4c3fd3ec0ce6e69ac499e00a,4,2024-03-01 15:54:03,2024-03-01 16:04:59,86,0.9883720930232558,27.093023255813954,52.25,0.6921296296296298,0.6388888888888888,2.3000000000000003,0,0,0,4.7252777777777775,10.933333333333334,True,0.0,27.093023255813954,27.41176470588235,0,0.0,0.0,0.0
c47e2f6534603c4ec4c87c6d48fde59e6cd7fdbf4c3fd3ec0ce6e69ac499e00a,5,2024-03-01 16:13:18,2024-03-01 16:46:00,338,0.8875739644970414,58.06065088757396,124.14999999999998,0.9555555555555538,0.9131944444444428,3.2874999999999943,0,0,0,28.285972222222224,32.7,True,0.0,58.06065088757396,65.415,0,0.0,0.0,0.0
c47e2f6534603c4ec4c87c6d48fde59e6cd7fdbf4c3fd3ec0ce6e69ac499e00a,6,2024-03-01 16:52:04,2024-03-01 16:53:52,12,0.9166666666666666,26.25,55.9,0.6833333333333327,1.3256944444444443,4.7725,0,0,0,0.42416666666666664,1.8,True,0.0,26.25,28.636363636363637,0,0.0,0.0,0.0
c4e96c190ba666614669bb517e40337ba7914fae582ac0d366fb2b85d19d8a5b,1,2024-03-01 00:51:00,2024-03-01 00:51:00,1,0.0,0.0,0.0,0.0,0.0,0.0,0,0,0,0.0,0.0,False,1.0,0.0,0.0,0,,,
c4e96c190ba666614669bb517e40337ba7914fae582ac0d366fb2b85d19d8a5b,2,2024-03-01 02:02:57,2024-03-01 02:02:57,1,1.0,1.0,1.0,0.0,0.0,0.0,0,0,0,0.0,0.0,False,1.0,1.0,1.0,0,,,
c4e96c190ba666614669bb517e40337ba7914fae582ac0d366fb2b85d19d8a5b,3,2024-03-01 04:27:07,2024-03-01 04:27:07,1,0.0,0.0,0.0,0.0,0.0,0.0,0,0,0,0.0,0.0,False,1.0,0.0,0.0,0,,,
c4e96c190ba666614669bb517e40337ba7914fae582ac0d366fb2b85d19d8a5b,4,2024-03-01 05:39:18,2024-03-01 05:41:36,2,0.0,0.0,0.0,0.0,0.0,0.0,0,0,0,0.0,2.3,False,1.0,0.0,0.0,0,,,
c4e96c190ba666614669bb517e40337ba7914fae582ac0d366fb2b85d19d8a5b,5,2024-03-01 06:47:06,2024-03-01 07:03:50,168,0.8571428571428571,20.81547619047619,43.30000000000001,0.888888888888889,0.937962962962963,3.376666666666667,0,1,0,5.665,16.733333333333334,True,0.0,20.81547619047619,24.28472222222222,0,0.176522506619594,0.0,0.0
c4e96c190ba666614669bb517e40337ba7914fae582ac0d366fb2b85d19d8a5b,6,2024-03-01 08:04:18,2024-03-01 08:04:18,1,0.0,0.0,0.0,0.0,0.0,0.0,0,0,0,0.0,0.0,False,0.0,0.0,0.0,0,,,
c4e96c190ba666614669bb517e40337ba7914fae582ac0d366fb2b85d19d8a5b,7,2024-03-01 09:04:24,2024-03-01 09:04:24,1,0.0,0.0,0.0,0.0,0.0,0.0,0,0,0,0.0,0.0,False,0.0,0.0,0.0,0,,,
c4e96c190ba666614669bb517e40337ba7914fae582ac0d366fb2b85d19d8a5b,8,2024-03-01 10:15:17,2024-03-01 10:15:17,1,0.0,0.0,0.0,0.0,0.0,0.0,0,0,0,0.0,0.0,False,0.0,0.0,0.0,0,,,
c4e96c190ba666614669bb517e40337ba7914fae582ac0d366fb2b85d19d8a5b,9,2024-03-01 13:52:42,2024-03-01 13:52:42,1,0.0,0.0,0.0,0.0,0.0,0.0,0,0,0,0.0,0.0,False,0.0,0.0,0.0,0,,,
c4e96c190ba666614669bb517e40337ba7914fae582ac0d366fb2b85d19d8a5b,10,2024-03-01 15:03:44,2024-03-01 15:03:44,1,0.0,0.0,0.0,0.0,0.0,0.0,0,0,0,0.0,0.0,False,0.0,0.0,0.0,0,,,
c4e96c190ba666614669bb517e40337ba7914fae582ac0d366fb2b85d19d8a5b,11,2024-03-01 17:28:35,2024-03-01 17:28:35,1,0.0,0.0,0.0,0.0,0.0,0.0,0,0,0,0.0,0.0,False,0.0,0.0,0.0,0,,,
c4f0042b061d242f5eec04b9a96415ca172d161107ad9d18ca5384889e5c58e0,1,2024-03-01 05:35:36,2024-03-01 05:35:36,1,0.0,0.0,0.0,0.0,0.0,0.0,0,0,0,0.0,0.0,False,1.0,0.0,0.0,0,,,
c4f0042b061d242f5eec04b9a96415ca172d161107ad9d18ca5384889e5c58e0,2,2024-03-01 07:52:04,2024-03-01 07:52:04,1,0.0,0.0,0.0,0.0,0.0,0.0,0,0,0,0.0,0.0,False,0.0,0.0,0.0,0,,,
c4f0042b061d242f5eec04b9a96415ca172d161107ad9d18ca5384889e5c58e0,3,2024-03-01 08:29:30,2024-03-01 08:31:19,6,0.5,3.0,12.25,0.0,0.23726851851851855,0.8541666666666667,0,0,0,0.010277777777777778,1.8166666666666667,True,0.0,3.0,6.0,0,0.0,0.0,0.0
c4f0042b061d242f5eec04b9a96415ca172d161107ad9d18ca5384889e5c58e0,4,2024-03-01 09:31:44,2024-03-01 09:31:44,1,0.0,0.0,0.0,0.0,0.0,0.0,0,0,0,0.0,0.0,False,0.0,0.0,0.0,0,,,
c4f0042b061d242f5eec04b9a96415ca172d161107ad9d18ca5384889e5c58e0,5,2024-03-01 11:37:13,2024-03-01 11:37:13,1,0.0,0.0,0.0,0.0,0.0,0.0,0,0,0,0.0,0.0,False,0.0,0.0,0.0,0,,,
c4f0042b061d242f5eec04b9a96415ca172d161107ad9d18ca5384889e5c58e0,6,2024-03-01 12:45:40,2024-03-01 12:45:40,1,1.0,3.0,3.0,0.0,0.0,0.0,0,0,0,0.0,0.0,False,0.0,3.0,3.0,0,,,
c4f0042b061d242f5eec04b9a96415ca172d161107ad9d18ca5384889e5c58e0,7,2024-03-01 13:53:29,2024-03-01 13:53:29,1,0.0,0.0,0.0,0.0,0.0,0.0,0,0,0,0.0,0.0,False,0.0,0.0,0.0,0,,,
c4f0042b061d242f5eec04b9a96415ca172d161107ad9d18ca5384889e5c58e0,8,2024-03-01 15:01:26,2024-03-01 15:01:26,1,0.0,0.0,0.0,0.0,0.0,0.0,0,0,0,0.0,0.0,False,0.0,0.0,0.0,0,,,
c4f0042b061d242f5eec04b9a96415ca172d161107ad9d18ca5384889e5c58e0,9,2024-03-01 16:09:22,2024-03-01 16:09:22,1,0.0,0.0,0.0,0.0,0.0,0.0,0,0,0,0.0,0.0,False,0.0,0.0,0.0,0,,,
c4f0042b061d242f5eec04b9a96415ca172d161107ad9d18ca5384889e5c58e0,10,2024-03-01 17:17:17,2024-03-01 17:17:17,1,0.0,0.0,0.0,0.0,0.0,0.0,0,0,0,0.0,0.0,False,0.0,0.0,0.0,0,,,
c4f0042b061d242f5eec04b9a96415ca172d161107ad9d18ca5384889e5c58e0,11,2024-03-01 17:42:08,2024-03-01 17:49:05,217,0.8064516129032258,11.674242424242424,24.0,0.6203703703703688,0.7222222222222219,2.599999999999999,0,0,0,1.78244739057239,6.95,True,0.0,11.674242424242424,14.476060606060607,0,0.0,0.0,0.0
c4f0042b061d242f5eec04b9a96415ca172d161107ad9d18ca5384889e5c58e0,12,2024-03-01 18:20:25,2024-03-01 18:20:25,1,0.0,0.0,0.0,0.0,0.0,0.0,0,0,0,0.0,0.0,False,0.0,0.0,0.0,0,,,
c55d955c1c866d5894caef8cc9351029e2e181e4c69edb7db6e3331140cc574b,1,2024-03-01 06:08:31,2024-03-01 07:01:48,1020,0.842156862745098,64.66925381263617,150.0,1.1111111111111107,0.9722222222222223,3.5,0,0,0,71.68182870370369,53.28333333333333,True,0.0,64.66925381263617,76.79003363083689,0,0.0,0.0,0.0
c66b8efee4ce8451e9c62c1aa3dc545450da2327dc0f8d489bc75989e0e681db,1,2024-03-01 00:39:45,2024-03-01 00:39:45,1,0.0,0.0,0.0,0.0,0.0,0.0,0,0,0,0.0,0.0,False,1.0,0.0,0.0,0,,,
c66b8efee4ce8451e9c62c1aa3dc545450da2327dc0f8d489bc75989e0e681db,2,2024-03-01 02:56:04,2024-03-01 02:56:04,1,1.0,1.0,1.0,0.0,0.0,0.0,0,0,0,0.0,0.0,False,1.0,1.0,1.0,0,,,
c66b8efee4ce8451e9c62c1aa3dc545450da2327dc0f8d489bc75989e0e681db,3,2024-03-01 04:11:44,2024-03-01 04:11:44,1,1.0,1.0,1.0,0.0,0.0,0.0,0,0,0,0.0,0.0,False,1.0,1.0,1.0,0,,,
c66b8efee4ce8451e9c62c1aa3dc545450da2327dc0f8d489bc75989e0e681db,4,2024-03-01 05:27:48,2024-03-01 05:27:48,1,0.0,0.0,0.0,0.0,0.0,0.0,0,0,0,0.0,0.0,False,1.0,0.0,0.0,0,,,
c66b8efee4ce8451e9c62c1aa3dc545450da2327dc0f8d489bc75989e0e681db,5,2024-03-01 08:00:30,2024-03-01 08:02:45,2,0.0,0.0,0.0,0.0,0.0,0.0,0,0,0,0.0,2.25,False,0.0,0.0,0.0,0,,,
c66b8efee4ce8451e9c62c1aa3dc545450da2327dc0f8d489bc75989e0e681db,6,2024-03-01 08:35:06,2024-03-01 09:12:28,334,0.7455089820359282,21.823353293413174,70.0,0.7972222222222204,1.1111111111111112,4.0,0,0,0,10.578333333333331,37.36666666666667,True,0.0,21.823353293413174,29.27309236947791,0,0.0,0.0,0.0
c66b8efee4ce8451e9c62c1aa3dc545450da2327dc0f8d489bc75989e0e681db,7,2024-03-01 09:17:38,2024-03-01 09:19:57,17,0.7058823529411765,7.529411764705882,16.4,0.6018518518518519,0.5222222222222219,1.879999999999999,0,0,0,0.18972222222222224,2.316666666666667,True,0.0,7.529411764705882,10.666666666666666,0,0.0,0.0,0.0
c77a676aa493633205a9ce0bc123806b3df9061246f0886c96ec9ba84c63db97,1,2024-03-01 06:10:24,2024-03-01 07:00:12,494,0.7894736842105263,32.79959514170041,70.0,0.6763888888888878,0.803240740740739,2.8916666666666613,0,0,0,27.755,49.8,True,0.0,32.79959514170041,41.54615384615385,0,0.0,0.0,0.0
c77a676aa493633205a9ce0bc123806b3df9061246f0886c96ec9ba84c63db97,2,2024-03-01 08:00:48,2024-03-01 08:00:48,1,0.0,0.0,0.0,0.0,0.0,0.0,0,0,0,0.0,0.0,False,0.0,0.0,0.0,0,,,
c77a676aa493633205a9ce0bc123806b3df9061246f0886c96ec9ba84c63db97,3,2024-03-01 10:15:57,2024-03-01 10:15:57,1,1.0,1.0,1.0,0.0,0.0,0.0,0,0,0,0.0,0.0,False,0.0,1.0,1.0,0,,,
c77a676aa493633205a9ce0bc123806b3df9061246f0886c96ec9ba84c63db97,4,2024-03-01 12:44:16,2024-03-01 12:44:16,1,0.0,0.0,0.0,0.0,0.0,0.0,0,0,0,0.0,0.0,False,0.0,0.0,0.0,0,,,
c77a676aa493633205a9ce0bc123806b3df9061246f0886c96ec9ba84c63db97,5,2024-03-01 14:00:31,2024-03-01 14:00:31,1,0.0,0.0,0.0,0.0,0.0,0.0,0,0,0,0.0,0.0,False,0.0,0.0,0.0,0,,,
c77a676aa493633205a9ce0bc123806b3df9061246f0886c96ec9ba84c63db97,6,2024-03-01 14:12:32,2024-03-01 14:55:49,492,0.5934959349593496,14.196138211382113,53.0,0.5041666666666665,0.611111111111111,2.2,0,0,0,10.330555555555554,43.28333333333333,True,0.0,14.196138211382113,23.919520547945204,0,0.0,0.0,0.0
c826c7dd2e1be153ef29b8178730450546307aced870d8a93ba74761bc7df565,1,2024-03-01 00:15:19,2024-03-01 00:15:19,1,1.0,1.0,1.0,0.0,0.0,0.0,0,0,0,0.0,0.0,False,1.0,1.0,1.0,0,,,
c826c7dd2e1be153ef29b8178730450546307aced870d8a93ba74761bc7df565,2,2024-03-01 01:24:56,2024-03-01 01:24:56,1,1.0,1.0,1.0,0.0,0.0,0.0,0,0,0,0.0,0.0,False,1.0,1.0,1.0,0,,,
c826c7dd2e1be153ef29b8178730450546307aced870d8a93ba74761bc7df565,3,2024-03-01 02:34:40,2024-03-01 02:34:40,1,0.0,0.0,0.0,0.0,0.0,0.0,0,0,0,0.0,0.0,False,1.0,0.0,0.0,0,,,
c826c7dd2e1be153ef29b8178730450546307aced870d8a93ba74761bc7df565,4,2024-03-01 03:44:30,2024-03-01 03:44:30,1,1.0,1.0,1.0,0.0,0.0,0.0,0,0,0,0.0,0.0,False,1.0,1.0,1.0,0,,,
c826c7dd2e1be153ef29b8178730450546307aced870d8a93ba74761bc7df565,5,2024-03-01 04:54:21,2024-03-01 04:54:21,1,0.0,0.0,0.0,0.0,0.0,0.0,0,0,0,0.0,0.0,False,1.0,0.0,0.0,0,,,
c826c7dd2e1be153ef29b8178730450546307aced870d8a93ba74761bc7df565,6,2024-03-01 06:04:15,2024-03-01 06:04:15,1,0.0,0.0,0.0,0.0,0.0,0.0,0,0,0,0.0,0.0,False,0.0,0.0,0.0,0,,,
c826c7dd2e1be153ef29b8178730450546307aced870d8a93ba74761bc7df565,7,2024-03-01 07:14:10,2024-03-01 07:14:10,1,0.0,0.0,0.0,0.0,0.0,0.0,0,0,0,0.0,0.0,False,0.0,0.0,0.0,0,,,
c826c7dd2e1be153ef29b8178730450546307aced870d8a93ba74761bc7df565,8,2024-03-01 10:44:00,2024-03-01 10:44:00,1,1.0,1.0,1.0,0.0,0.0,0.0,0,0,0,0.0,0.0,False,0.0,1.0,1.0,0,,,
c826c7dd2e1be153ef29b8178730450546307aced870d8a93ba74761bc7df565,9,2024-03-01 11:53:50,2024-03-01 11:53:50,1,1.0,3.0,3.0,0.0,0.0,0.0,0,0,0,0.0,0.0,False,0.0,3.0,3.0,0,,,
c826c7dd2e1be153ef29b8178730450546307aced870d8a93ba74761bc7df565,10,2024-03-01 13:03:34,2024-03-01 13:03:34,1,0.0,0.0,0.0,0.0,0.0,0.0,0,0,0,0.0,0.0,False,0.0,0.0,0.0,0,,,
c826c7dd2e1be153ef29b8178730450546307aced870d8a93ba74761bc7df565,11,2024-03-01 15:22:36,2024-03-01 15:22:36,1,0.0,0.0,0.0,0.0,0.0,0.0,0,0,0,0.0,0.0,False,0.0,0.0,0.0,0,,,
c826c7dd2e1be153ef29b8178730450546307aced870d8a93ba74761bc7df565,12,2024-03-01 16:31:57,2024-03-01 16:31:57,1,0.0,0.0,0.0,0.0,0.0,0.0,0,0,0,0.0,0.0,False,0.0,0.0,0.0,0,,,
c8cbba00b81a1a2d0668d26411f0401cc884d6afa6fb57ea0b360a3abeb76238,1,2024-03-01 06:01:01,2024-03-01 06:01:01,1,0.0,0.0,0.0,0.0,0.0,0.0,0,0,0,0.0,0.0,False,0.0,0.0,0.0,0,,,
c8cbba00b81a1a2d0668d26411f0401cc884d6afa6fb57ea0b360a3abeb76238,2,2024-03-01 07:14:41,2024-03-01 07:14:41,1,0.0,0.0,0.0,0.0,0.0,0.0,0,0,0,0.0,0.0,False,0.0,0.0,0.0,0,,,
c8cbba00b81a1a2d0668d26411f0401cc884d6afa6fb57ea0b360a3abeb76238,3,2024-03-01 07:23:32,2024-03-01 08:25:01,664,0.9186746987951807,24.31024096385542,66.0,0.5,0.5555555555555569,2.0,0,0,0,24.561944444444446,61.483333333333334,True,0.0,24.31024096385542,26.462295081967213,0,0.0,0.0,0.0
c8cbba00b81a1a2d0668d26411f0401cc884d6afa6fb57ea0b360a3abeb76238,4,2024-03-01 09:58:59,2024-03-01 09:58:59,1,0.0,0.0,0.0,0.0,0.0,0.0,0,0,0,0.0,0.0,False,0.0,0.0,0.0,0,,,
c8cbba00b81a1a2d0668d26411f0401cc884d6afa6fb57ea0b360a3abeb76238,5,2024-03-01 10:26:30,2024-03-01 10:26:30,1,0.0,0.0,0.0,0.0,0.0,0.0,0,0,0,0.0,0.0,False,0.0,0.0,0.0,0,,,
c8cbba00b81a1a2d0668d26411f0401cc884d6afa6fb57ea0b360a3abeb76238,6,2024-03-01 16:20:59,2024-03-01 16:20:59,1,0.0,0.0,0.0,0.0,0.0,0.0,0,0,0,0.0,0.0,False,0.0,0.0,0.0,0,,,
c8ddd906d2d216cbc0cadffd01986cf1509e786f1836ea7878cbef538b48bbb3,1,2024-03-01 06:10:57,2024-03-01 06:10:57,1,0.0,0.0,0.0,0.0,0.0,0.0,0,0,0,0.0,0.0,False,0.0,0.0,0.0,0,,,
c8ddd906d2d216cbc0cadffd01986cf1509e786f1836ea7878cbef538b48bbb3,2,2024-03-01 07:23:33,2024-03-01 07:31:25,89,0.797752808988764,12.247191011235955,28.19999999999999,0.5462962962962956,0.6074074074074073,2.1866666666666665,0,0,0,1.5591666666666666,7.866666666666666,True,0.0,12.247191011235955,15.352112676056338,0,0.0,0.0,0.0
c8ddd906d2d216cbc0cadffd01986cf1509e786f1836ea7878cbef538b48bbb3,3,2024-03-01 08:31:30,2024-03-01 08:31:30,1,0.0,0.0,0.0,0.0,0.0,0.0,0,0,0,0.0,0.0,False,0.0,0.0,0.0,0,,,
c8ddd906d2d216cbc0cadffd01986cf1509e786f1836ea7878cbef538b48bbb3,4,2024-03-01 12:38:39,2024-03-01 12:58:13,176,0.3806818181818182,7.738636363636363,37.0,0.6041666666666665,0.5023148148148148,1.8083333333333333,0,0,0,1.9594444444444443,19.566666666666666,True,0.0,7.738636363636363,20.328358208955223,0,0.0,0.0,0.0
c8ddd906d2d216cbc0cadffd01986cf1509e786f1836ea7878cbef538b48bbb3,5,2024-03-01 13:15:13,2024-03-01 13:51:19,380,0.7552631578947369,14.976315789473684,38.0,0.611111111111111,0.611111111111111,2.2,0,0,0,8.866111111111111,36.1,True,0.0,14.976315789473684,19.829268292682926,0,0.0,0.0,0.0
c8ddd906d2d216cbc0cadffd01986cf1509e786f1836ea7878cbef538b48bbb3,6,2024-03-01 14:03:58,2024-03-01 14:05:14,5,0.2,0.2,0.7999999999999998,0.037037037037037035,0.0037037037037037034,0.01333333333333333,0,0,0,0.0016666666666666668,1.2666666666666666,True,0.0,0.2,1.0,0,0.0,0.0,0.0
c8ddd906d2d216cbc0cadffd01986cf1509e786f1836ea7878cbef538b48bbb3,7,2024-03-01 14:40:23,2024-03-01 15:13:47,298,0.5671140939597316,8.184563758389261,33.0,0.4166666666666667,0.38888888888888895,1.4,0,0,0,3.6097222222222216,33.4,True,0.0,8.184563758389261,14.431952662721894,0,0.0,0.0,0.0
c8ddd906d2d216cbc0cadffd01986cf1509e786f1836ea7878cbef538b48bbb3,8,2024-03-01 16:15:39,2024-03-01 16:15:39,1,0.0,0.0,0.0,0.0,0.0,0.0,0,0,0,0.0,0.0,False,0.0,0.0,0.0,0,,,
c8ddd906d2d216cbc0cadffd01986cf1509e786f1836ea7878cbef538b48bbb3,9,2024-03-01 16:26:44,2024-03-01 16:26:50,2,0.0,0.0,0.0,0.0,0.0,0.0,0,0,0,0.0,0.1,False,0.0,0.0,0.0,0,,,
c8ddd906d2d216cbc0cadffd01986cf1509e786f1836ea7878cbef538b48bbb3,10,2024-03-01 16:35:29,2024-03-01 16:40:10,54,0.0,0.0,0.0,0.0,0.0,0.0,0,0,0,0.0,4.683333333333334,False,0.0,0.0,0.0,0,,,
c8ddd906d2d216cbc0cadffd01986cf1509e786f1836ea7878cbef538b48bbb3,11,2024-03-01 17:47:55,2024-03-01 17:47:55,1,0.0,0.0,0.0,0.0,0.0,0.0,0,0,0,0.0,0.0,False,0.0,0.0,0.0,0,,,
c99b2dd8b159b15c4959f2e0fbeb44e1f1807fa22067a04358925d66eb066eed,1,2024-03-01 02:29:42,2024-03-01 02:29:42,1,1.0,1.0,1.0,0.0,0.0,0.0,0,0,0,0.0,0.0,False,1.0,1.0,1.0,0,,,
c99b2dd8b159b15c4959f2e0fbeb44e1f1807fa22067a04358925d66eb066eed,2,2024-03-01 05:49:26,2024-03-01 05:49:26,1,0.0,0.0,0.0,0.0,0.0,0.0,0,0,0,0.0,0.0,False,1.0,0.0,0.0,0,,,
c99b2dd8b159b15c4959f2e0fbeb44e1f1807fa22067a04358925d66eb066eed,3,2024-03-01 08:02:34,2024-03-01 08:02:34,1,0.0,0.0,0.0,0.0,0.0,0.0,0,0,0,0.0,0.0,False,0.0,0.0,0.0,0,,,
c99b2dd8b159b15c4959f2e0fbeb44e1f1807fa22067a04358925d66eb066eed,4,2024-03-01 09:09:08,2024-03-01 09:09:08,1,1.0,1.0,1.0,0.0,0.0,0.0,0,0,0,0.0,0.0,False,0.0,1.0,1.0,0,,,
c99b2dd8b159b15c4959f2e0fbeb44e1f1807fa22067a04358925d66eb066eed,5,2024-03-01 18:00:21,2024-03-01 18:00:21,1,1.0,1.0,1.0,0.0,0.0,0.0,0,0,0,0.0,0.0,False,0.0,1.0,1.0,0,,,
ca4e69b15ba8c5af1d27b954f021529a60b83a4258552e4d4bc890db86774241,1,2024-03-01 08:43:05,2024-03-01 09:03:30,219,0.7442922374429224,26.794520547945204,72.0,0.8925925925925925,1.0018518518518518,3.6066666666666665,0,0,0,8.214444444444446,20.416666666666668,True,0.0,26.794520547945204,36.0,0,0.0,0.0,0.0
ca4e69b15ba8c5af1d27b954f021529a60b83a4258552e4d4bc890db86774241,2,2024-03-01 11:01:42,2024-03-01 11:01:42,1,0.0,0.0,0.0,0.0,0.0,0.0,0,0,0,0.0,0.0,False,0.0,0.0,0.0,0,,,
ca4e69b15ba8c5af1d27b954f021529a60b83a4258552e4d4bc890db86774241,3,2024-03-01 12:06:50,2024-03-01 12:06:50,1,0.0,0.0,0.0,0.0,0.0,0.0,0,0,0,0.0,0.0,False,0.0,0.0,0.0,0,,,
ca4e69b15ba8c5af1d27b954f021529a60b83a4258552e4d4bc890db86774241,4,2024-03-01 12:40:35,2024-03-01 12:57:31,186,0.8655913978494624,48.655913978494624,92.0,0.7638888888888891,0.6944444444444444,2.5,0,0,0,13.031111111111109,16.933333333333334,True,0.0,48.655913978494624,56.2111801242236,0,0.0,0.0,0.0
ca4e69b15ba8c5af1d27b954f021529a60b83a4258552e4d4bc890db86774241,5,2024-03-01 14:08:25,2024-03-01 14:12:57,44,0.6818181818181818,11.477272727272727,37.550000000000004,1.1652777777777776,0.9277777777777778,3.3400000000000003,0,0,0,0.6788888888888889,4.533333333333333,True,0.0,11.477272727272727,16.833333333333332,0,0.0,0.0,0.0
ca4e69b15ba8c5af1d27b954f021529a60b83a4258552e4d4bc890db86774241,6,2024-03-01 14:38:48,2024-03-01 14:44:23,64,0.578125,13.15625,43.69999999999999,0.7138888888888885,0.6805555555555549,2.449999999999998,0,0,0,1.2444444444444442,5.583333333333333,True,0.0,13.15625,22.756756756756758,0,0.0,0.0,0.0
ca4e69b15ba8c5af1d27b954f021529a60b83a4258552e4d4bc890db86774241,7,2024-03-01 14:53:28,2024-03-01 15:01:39,100,0.69,15.89,46.19999999999999,1.0055555555555553,0.9458333333333331,3.405,0,0,0,2.1230555555555553,8.183333333333334,True,0.0,15.89,23.028985507246375,0,0.0,0.0,0.0
ca4e69b15ba8c5af1d27b954f021529a60b83a4258552e4d4bc890db86774241,8,2024-03-01 16:01:53,2024-03-01 16:01:53,1,0.0,0.0,0.0,0.0,0.0,0.0,0,0,0,0.0,0.0,False,0.0,0.0,0.0,0,,,
ca4e69b15ba8c5af1d27b954f021529a60b83a4258552e4d4bc890db86774241,9,2024-03-01 16:08:37,2024-03-01 16:30:06,248,0.6814516129032258,21.725806451612904,79.0,0.5555555555555555,0.4347222222222216,1.5649999999999977,0,0,0,7.824444444444445,21.483333333333334,True,0.0,21.725806451612904,31.881656804733726,0,0.0,0.0,0.0
ca4e69b15ba8c5af1d27b954f021529a60b83a4258552e4d4bc890db86774241,10,2024-03-01 16:53:43,2024-03-01 17:17:35,222,0.6306306306306306,15.103603603603604,82.79999999999995,0.6902777777777768,0.6638888888888882,2.3899999999999975,0,0,0,4.9675,23.866666666666667,True,0.0,15.103603603603604,23.95,0,0.0,0.0,0.0
ca4e69b15ba8c5af1d27b954f021529a60b83a4258552e4d4bc890db86774241,11,2024-03-01 17:48:31,2024-03-01 17:51:16,32,0.28125,3.875,22.249999999999996,0.6300925925925924,0.5666666666666665,2.0399999999999996,0,0,0,0.1825,2.75,True,0.0,3.875,13.777777777777779,0,0.0,0.0,0.0
ca4e69b15ba8c5af1d27b954f021529a60b83a4258552e4d4bc890db86774241,12,2024-03-01 17:57:39,2024-03-01 18:02:17,44,0.6818181818181818,17.022727272727273,45.7,0.6062500000000002,0.9819444444444446,3.5350000000000006,0,0,0,1.0897222222222223,4.633333333333334,True,0.0,17.022727272727273,24.966666666666665,0,0.0,0.0,0.0
caabcd787ad27c41234c1dabc4e351efdff4aaa260a49752776b534c5ffd2774,1,2024-03-01 05:04:35,2024-03-01 05:04:35,1,0.0,0.0,0.0,0.0,0.0,0.0,0,0,0,0.0,0.0,False,1.0,0.0,0.0,0,,,
caabcd787ad27c41234c1dabc4e351efdff4aaa260a49752776b534c5ffd2774,2,2024-03-01 06:15:03,2024-03-01 06:15:03,1,1.0,7.0,7.0,0.0,0.0,0.0,0,0,0,0.0,0.0,False,0.0,7.0,7.0,0,,,
caabcd787ad27c41234c1dabc4e351efdff4aaa260a49752776b534c5ffd2774,3,2024-03-01 07:25:32,2024-03-01 07:25:32,1,0.0,0.0,0.0,0.0,0.0,0.0,0,0,0,0.0,0.0,False,0.0,0.0,0.0,0,,,
caabcd787ad27c41234c1dabc4e351efdff4aaa260a49752776b534c5ffd2774,4,2024-03-01 08:36:02,2024-03-01 08:36:02,1,1.0,1.0,1.0,0.0,0.0,0.0,0,0,0,0.0,0.0,False,0.0,1.0,1.0,0,,,
caabcd787ad27c41234c1dabc4e351efdff4aaa260a49752776b534c5ffd2774,5,2024-03-01 09:48:28,2024-03-01 09:50:51,33,0.9696969696969697,44.63636363636363,68.0,1.2962962962962956,1.648148148148147,5.93333333333333,0,0,0,1.7697222222222222,2.3833333333333333,True,0.0,44.63636363636363,46.03125,0,0.0,0.0,0.0
caabcd787ad27c41234c1dabc4e351efdff4aaa260a49752776b534c5ffd2774,6,2024-03-01 10:15:46,2024-03-01 10:23:08,88,0.9431818181818182,45.89772727272727,87.64999999999999,0.8333333333333331,0.8333333333333333,3.0,0,0,0,5.821666666666666,7.366666666666666,True,0.0,45.89772727272727,48.66265060240964,0,0.0,0.0,0.0
caabcd787ad27c41234c1dabc4e351efdff4aaa260a49752776b534c5ffd2774,7,2024-03-01 11:24:39,2024-03-01 11:24:39,1,0.0,0.0,0.0,0.0,0.0,0.0,0,0,0,0.0,0.0,False,0.0,0.0,0.0,0,,,
caabcd787ad27c41234c1dabc4e351efdff4aaa260a49752776b534c5ffd2774,8,2024-03-01 13:35:36,2024-03-01 13:35:36,1,0.0,0.0,0.0,0.0,0.0,0.0,0,0,0,0.0,0.0,False,0.0,0.0,0.0,0,,,
caabcd787ad27c41234c1dabc4e351efdff4aaa260a49752776b534c5ffd2774,9,2024-03-01 14:45:39,2024-03-01 14:45:39,1,1.0,1.0,1.0,0.0,0.0,0.0,0,0,0,0.0,0.0,False,0.0,1.0,1.0,0,,,
caabcd787ad27c41234c1dabc4e351efdff4aaa260a49752776b534c5ffd2774,10,2024-03-01 15:55:37,2024-03-01 15:55:37,1,0.0,0.0,0.0,0.0,0.0,0.0,0,0,0,0.0,0.0,False,0.0,0.0,0.0,0,,,
caabcd787ad27c41234c1dabc4e351efdff4aaa260a49752776b534c5ffd2774,11,2024-03-01 18:15:34,2024-03-01 18:15:34,1,1.0,1.0,1.0,0.0,0.0,0.0,0,0,0,0.0,0.0,False,0.0,1.0,1.0,0,,,
cac608877ffc3494a83d177ebe3178bd95949533fb51a77d4526fd6f0ae62c09,1,2024-03-01 09:56:45,2024-03-01 09:56:45,1,0.0,0.0,0.0,0.0,0.0,0.0,0,0,0,0.0,0.0,False,0.0,0.0,0.0,0,,,
cac608877ffc3494a83d177ebe3178bd95949533fb51a77d4526fd6f0ae62c09,2,2024-03-01 10:59:52,2024-03-01 10:59:52,1,0.0,0.0,0.0,0.0,0.0,0.0,0,0,0,0.0,0.0,False,0.0,0.0,0.0,0,,,
cac608877ffc3494a83d177ebe3178bd95949533fb51a77d4526fd6f0ae62c09,3,2024-03-01 12:43:36,2024-03-01 12:56:55,155,0.5741935483870968,7.329032258064516,24.299999999999983,0.5027777777777775,0.5694444444444439,2.049999999999997,0,0,0,1.6216666666666666,13.316666666666666,True,0.0,7.329032258064516,12.764044943820224,0,0.0,0.0,0.0
cac608877ffc3494a83d177ebe3178bd95949533fb51a77d4526fd6f0ae62c09,4,2024-03-01 13:57:14,2024-03-01 13:57:14,1,0.0,0.0,0.0,0.0,0.0,0.0,0,0,0,0.0,0.0,False,0.0,0.0,0.0,0,,,
cac608877ffc3494a83d177ebe3178bd95949533fb51a77d4526fd6f0ae62c09,5,2024-03-01 14:17:10,2024-03-01 15:40:41,933,0.7717041800643086,18.775455519828512,66.0,0.7222222222222221,0.7055555555555548,2.539999999999998,1,1,0,24.785694444444445,83.51666666666667,True,0.0,18.775455519828512,24.32986111111111,0,0.04034585362300162,0.04034585362300162,0.0
cac608877ffc3494a83d177ebe3178bd95949533fb51a77d4526fd6f0ae62c09,6,2024-03-01 17:38:38,2024-03-01 17:54:48,179,0.8659217877094972,44.6927374301676,98.0,0.7222222222222221,0.7972222222222216,2.869999999999998,0,1,0,11.7825,16.166666666666668,True,0.0,44.6927374301676,51.61290322580645,0,0.0848716316571186,0.0,0.0
cac608877ffc3494a83d177ebe3178bd95949533fb51a77d4526fd6f0ae62c09,7,2024-03-01 18:10:21,2024-03-01 18:30:01,176,0.625,7.639204545454546,25.0,0.6145833333333334,0.625,2.25,0,0,0,1.8830555555555555,19.666666666666668,True,0.0,7.639204545454546,12.222727272727273,0,0.0,0.0,0.0
cacf1fe78c029f5fb7f0f544ac0d2effaf16675a22535a7a73db3e91650e4c1c,1,2024-03-01 00:55:13,2024-03-01 00:55:13,1,0.0,0.0,0.0,0.0,0.0,0.0,0,0,0,0.0,0.0,False,1.0,0.0,0.0,0,,,
cacf1fe78c029f5fb7f0f544ac0d2effaf16675a22535a7a73db3e91650e4c1c,2,2024-03-01 06:36:55,2024-03-01 06:36:55,1,0.0,0.0,0.0,0.0,0.0,0.0,0,0,0,0.0,0.0,False,0.0,0.0,0.0,0,,,
cacf1fe78c029f5fb7f0f544ac0d2effaf16675a22535a7a73db3e91650e4c1c,3,2024-03-01 07:39:31,2024-03-01 08:58:41,877,0.9612314709236032,44.97035347776511,92.0,0.5,0.5092592592592593,1.8333333333333333,1,0,0,59.25944444444444,79.16666666666667,True,0.0,44.97035347776511,46.78410438908659,0,0.0,0.016874947265789794,0.0
cacf1fe78c029f5fb7f0f544ac0d2effaf16675a22535a7a73db3e91650e4c1c,4,2024-03-01 09:09:07,2024-03-01 09:09:07,1,0.0,0.0,0.0,0.0,0.0,0.0,0,0,0,0.0,0.0,False,0.0,0.0,0.0,0,,,
cacf1fe78c029f5fb7f0f544ac0d2effaf16675a22535a7a73db3e91650e4c1c,5,2024-03-01 10:08:52,2024-03-01 10:08:52,1,0.0,0.0,0.0,0.0,0.0,0.0,0,0,0,0.0,0.0,False,0.0,0.0,0.0,0,,,
cacf1fe78c029f5fb7f0f544ac0d2effaf16675a22535a7a73db3e91650e4c1c,6,2024-03-01 14:39:29,2024-03-01 14:39:29,1,0.0,0.0,0.0,0.0,0.0,0.0,0,0,0,0.0,0.0,False,0.0,0.0,0.0,0,,,
cacf1fe78c029f5fb7f0f544ac0d2effaf16675a22535a7a73db3e91650e4c1c,7,2024-03-01 14:51:20,2024-03-01 15:21:05,340,0.9205882352941176,39.425,72.10000000000002,0.557870370370371,0.7231481481481483,2.6033333333333344,0,0,0,19.68513888888889,29.75,True,0.0,39.425,42.825878594249204,0,0.0,0.0,0.0
cacf1fe78c029f5fb7f0f544ac0d2effaf16675a22535a7a73db3e91650e4c1c,8,2024-03-01 16:20:51,2024-03-01 16:20:51,1,0.0,0.0,0.0,0.0,0.0,0.0,0,0,0,0.0,0.0,False,0.0,0.0,0.0,0,,,
cacf1fe78c029f5fb7f0f544ac0d2effaf16675a22535a7a73db3e91650e4c1c,9,2024-03-01 17:17:00,2024-03-01 17:17:39,2,0.0,0.0,0.0,0.0,0.0,0.0,0,0,0,0.0,0.65,False,0.0,0.0,0.0,0,,,
cacf1fe78c029f5fb7f0f544ac0d2effaf16675a22535a7a73db3e91650e4c1c,10,2024-03-01 17:23:39,2024-03-01 17:23:39,1,0.0,0.0,0.0,0.0,0.0,0.0,0,0,0,0.0,0.0,False,0.0,0.0,0.0,0,,,
cacf1fe78c029f5fb7f0f544ac0d2effaf16675a22535a7a73db3e91650e4c1c,11,2024-03-01 17:43:29,2024-03-01 18:30:03,507,0.9585798816568047,76.21104536489152,129.0,0.6944444444444443,0.6111111111111113,2.2,1,0,0,59.775555555555556,46.56666666666667,True,0.0,76.21104536489152,79.50411522633745,0,0.0,0.016729246440388118,0.0
cb6f49dd77dfc1c2c58c7970c3d30d577ef75898a36cf491e99a334d56c9dd38,1,2024-03-01 04:28:48,2024-03-01 04:28:48,1,1.0,5.0,5.0,0.0,0.0,0.0,0,0,0,0.0,0.0,False,1.0,5.0,5.0,0,,,
cb6f49dd77dfc1c2c58c7970c3d30d577ef75898a36cf491e99a334d56c9dd38,2,2024-03-01 05:36:29,2024-03-01 05:36:29,1,0.0,0.0,0.0,0.0,0.0,0.0,0,0,0,0.0,0.0,False,1.0,0.0,0.0,0,,,
cb6f49dd77dfc1c2c58c7970c3d30d577ef75898a36cf491e99a334d56c9dd38,3,2024-03-01 06:44:09,2024-03-01 06:44:09,1,0.0,0.0,0.0,0.0,0.0,0.0,0,0,0,0.0,0.0,False,0.0,0.0,0.0,0,,,
cb6f49dd77dfc1c2c58c7970c3d30d577ef75898a36cf491e99a334d56c9dd38,4,2024-03-01 07:51:51,2024-03-01 07:51:51,1,1.0,1.0,1.0,0.0,0.0,0.0,0,0,0,0.0,0.0,False,0.0,1.0,1.0,0,,,
cb6f49dd77dfc1c2c58c7970c3d30d577ef75898a36cf491e99a334d56c9dd38,5,2024-03-01 08:59:34,2024-03-01 08:59:34,1,1.0,3.0,3.0,0.0,0.0,0.0,0,0,0,0.0,0.0,False,0.0,3.0,3.0,0,,,
cb6f49dd77dfc1c2c58c7970c3d30d577ef75898a36cf491e99a334d56c9dd38,6,2024-03-01 18:22:53,2024-03-01 18:23:30,8,0.0,0.0,0.0,0.0,-0.0,-0.0,0,0,0,0.0,0.6166666666666667,False,0.0,0.0,0.0,0,,,
cc437ba03f750d63f3b26f0ff776bd6900b90756786d379862c36f3baf46a863,1,2024-03-01 10:04:02,2024-03-01 10:04:02,1,0.0,0.0,0.0,0.0,0.0,0.0,0,0,0,0.0,0.0,False,0.0,0.0,0.0,0,,,
cc6c3824479ae007ff8f939a39ede2bf65e6d2260a18e83a394b2abb9c86b1e0,1,2024-03-01 00:01:44,2024-03-01 00:01:44,1,1.0,3.0,3.0,0.0,0.0,0.0,0,0,0,0.0,0.0,False,1.0,3.0,3.0,0,,,
cc6c3824479ae007ff8f939a39ede2bf65e6d2260a18e83a394b2abb9c86b1e0,2,2024-03-01 01:11:04,2024-03-01 01:11:04,1,1.0,3.0,3.0,0.0,0.0,0.0,0,0,0,0.0,0.0,False,1.0,3.0,3.0,0,,,
cc6c3824479ae007ff8f939a39ede2bf65e6d2260a18e83a394b2abb9c86b1e0,3,2024-03-01 04:40:28,2024-03-01 04:40:28,1,0.0,0.0,0.0,0.0,0.0,0.0,0,0,0,0.0,0.0,False,1.0,0.0,0.0,0,,,
cc6c3824479ae007ff8f939a39ede2bf65e6d2260a18e83a394b2abb9c86b1e0,4,2024-03-01 07:02:03,2024-03-01 07:02:03,1,0.0,0.0,0.0,0.0,0.0,0.0,0,0,0,0.0,0.0,False,0.0,0.0,0.0,0,,,
cc6c3824479ae007ff8f939a39ede2bf65e6d2260a18e83a394b2abb9c86b1e0,5,2024-03-01 08:10:10,2024-03-01 08:10:10,1,0.0,0.0,0.0,0.0,0.0,0.0,0,0,0,0.0,0.0,False,0.0,0.0,0.0,0,,,
cc6c3824479ae007ff8f939a39ede2bf65e6d2260a18e83a394b2abb9c86b1e0,6,2024-03-01 09:20:59,2024-03-01 09:20:59,1,0.0,0.0,0.0,0.0,0.0,0.0,0,0,0,0.0,0.0,False,0.0,0.0,0.0,0,,,
cc6c3824479ae007ff8f939a39ede2bf65e6d2260a18e83a394b2abb9c86b1e0,7,2024-03-01 12:49:26,2024-03-01 12:49:26,1,1.0,3.0,3.0,0.0,0.0,0.0,0,0,0,0.0,0.0,False,0.0,3.0,3.0,0,,,
cc6c3824479ae007ff8f939a39ede2bf65e6d2260a18e83a394b2abb9c86b1e0,8,2024-03-01 16:18:57,2024-03-01 16:20:52,2,0.0,0.0,0.0,0.0,0.0,0.0,0,0,0,0.0,1.9166666666666667,False,0.0,0.0,0.0,0,,,
cc6c3824479ae007ff8f939a39ede2bf65e6d2260a18e83a394b2abb9c86b1e0,9,2024-03-01 17:41:05,2024-03-01 17:41:10,2,0.0,0.0,0.0,0.0,0.0,0.0,0,0,0,0.0,0.08333333333333333,False,0.0,0.0,0.0,0,,,
cc6c3824479ae007ff8f939a39ede2bf65e6d2260a18e83a394b2abb9c86b1e0,10,2024-03-01 17:53:22,2024-03-01 18:00:08,79,0.6708860759493671,7.8734177215189876,24.0,0.6222222222222216,0.5601851851851849,2.0166666666666657,0,0,0,0.8808333333333335,6.766666666666667,True,0.0,7.8734177215189876,11.735849056603774,0,0.0,0.0,0.0
cc6c3824479ae007ff8f939a39ede2bf65e6d2260a18e83a394b2abb9c86b1e0,11,2024-03-01 18:10:22,2024-03-01 18:30:01,227,0.3039647577092511,2.951541850220264,15.399999999999977,0.4444444444444445,0.4277777777777772,1.5399999999999978,0,0,0,0.9338888888888888,19.65,True,0.0,2.951541850220264,9.710144927536232,0,0.0,0.0,0.0
cce5643056c93c34b6ae161bb6d6d99a517f4ba1eaa86099548ad072bde74823,1,2024-03-01 14:44:51,2024-03-01 14:56:26,127,0.8818897637795275,42.28346456692913,98.0,0.5555555555555557,0.7222222222222222,2.6,0,0,0,8.426388888888887,11.583333333333334,True,0.0,42.28346456692913,47.94642857142857,0,0.0,0.0,0.0
cce5643056c93c34b6ae161bb6d6d99a517f4ba1eaa86099548ad072bde74823,2,2024-03-01 15:09:32,2024-03-01 15:52:49,437,0.8672768878718535,26.89016018306636,81.0,0.888888888888889,0.7777777777777779,2.8,2,0,0,17.63,43.28333333333333,True,0.0,26.89016018306636,31.005277044854882,0,0.0,0.11344299489506524,0.0
cce5643056c93c34b6ae161bb6d6d99a517f4ba1eaa86099548ad072bde74823,3,2024-03-01 16:52:55,2024-03-01 16:52:55,1,0.0,0.0,0.0,0.0,0.0,0.0,0,0,0,0.0,0.0,False,0.0,0.0,0.0,0,,,
cce5643056c93c34b6ae161bb6d6d99a517f4ba1eaa86099548ad072bde74823,4,2024-03-01 17:06:53,2024-03-01 17:24:10,196,0.8214285714285714,22.96938775510204,70.0,0.5023148148148148,0.5,1.8,0,0,0,6.677222222222221,17.283333333333335,True,0.0,22.96938775510204,27.96273291925466,0,0.0,0.0,0.0
cce5643056c93c34b6ae161bb6d6d99a517f4ba1eaa86099548ad072bde74823,5,2024-03-01 18:24:14,2024-03-01 18:24:14,1,0.0,0.0,0.0,0.0,0.0,0.0,0,0,0,0.0,0.0,False,0.0,0.0,0.0,0,,,
ccf363a3074084a6c19d1cb4bcdff72e48b4063227abba725cbc60ada1d5a702,1,2024-03-01 01:07:32,2024-03-01 01:07:32,1,0.0,0.0,0.0,0.0,0.0,0.0,0,0,0,0.0,0.0,False,1.0,0.0,0.0,0,,,
ccf363a3074084a6c19d1cb4bcdff72e48b4063227abba725cbc60ada1d5a702,2,2024-03-01 02:13:02,2024-03-01 02:13:02,1,0.0,0.0,0.0,0.0,0.0,0.0,0,0,0,0.0,0.0,False,1.0,0.0,0.0,0,,,
ccf363a3074084a6c19d1cb4bcdff72e48b4063227abba725cbc60ada1d5a702,3,2024-03-01 04:24:11,2024-03-01 04:24:11,1,0.0,0.0,0.0,0.0,0.0,0.0,0,0,0,0.0,0.0,False,1.0,0.0,0.0,0,,,
ccf363a3074084a6c19d1cb4bcdff72e48b4063227abba725cbc60ada1d5a702,4,2024-03-01 05:29:48,2024-03-01 05:29:48,1,1.0,1.0,1.0,0.0,0.0,0.0,0,0,0,0.0,0.0,False,1.0,1.0,1.0,0,,,
ccf363a3074084a6c19d1cb4bcdff72e48b4063227abba725cbc60ada1d5a702,5,2024-03-01 06:35:27,2024-03-01 06:35:27,1,1.0,1.0,1.0,0.0,0.0,0.0,0,0,0,0.0,0.0,False,0.0,1.0,1.0,0,,,
ccf363a3074084a6c19d1cb4bcdff72e48b4063227abba725cbc60ada1d5a702,6,2024-03-01 07:41:08,2024-03-01 07:41:08,1,0.0,0.0,0.0,0.0,0.0,0.0,0,0,0,0.0,0.0,False,0.0,0.0,0.0,0,,,
ccf363a3074084a6c19d1cb4bcdff72e48b4063227abba725cbc60ada1d5a702,7,2024-03-01 09:52:32,2024-03-01 09:52:32,1,0.0,0.0,0.0,0.0,0.0,0.0,0,0,0,0.0,0.0,False,0.0,0.0,0.0,0,,,
ccf363a3074084a6c19d1cb4bcdff72e48b4063227abba725cbc60ada1d5a702,8,2024-03-01 12:03:50,2024-03-01 12:03:50,1,0.0,0.0,0.0,0.0,0.0,0.0,0,0,0,0.0,0.0,False,0.0,0.0,0.0,0,,,
ccf363a3074084a6c19d1cb4bcdff72e48b4063227abba725cbc60ada1d5a702,9,2024-03-01 13:09:24,2024-03-01 13:09:24,1,1.0,1.0,1.0,0.0,0.0,0.0,0,0,0,0.0,0.0,False,0.0,1.0,1.0,0,,,
ccf363a3074084a6c19d1cb4bcdff72e48b4063227abba725cbc60ada1d5a702,10,2024-03-01 14:14:53,2024-03-01 14:14:53,1,1.0,3.0,3.0,0.0,0.0,0.0,0,0,0,0.0,0.0,False,0.0,3.0,3.0,0,,,
ccf363a3074084a6c19d1cb4bcdff72e48b4063227abba725cbc60ada1d5a702,11,2024-03-01 15:20:18,2024-03-01 15:20:18,1,0.0,0.0,0.0,0.0,0.0,0.0,0,0,0,0.0,0.0,False,0.0,0.0,0.0,0,,,
ccf363a3074084a6c19d1cb4bcdff72e48b4063227abba725cbc60ada1d5a702,12,2024-03-01 16:25:42,2024-03-01 16:25:42,1,0.0,0.0,0.0,0.0,0.0,0.0,0,0,0,0.0,0.0,False,0.0,0.0,0.0,0,,,
cd0b5183fb10fa8af4620d3e130e496402ce59332d0896931d9c7ebad992a505,1,2024-03-01 03:03:41,2024-03-01 03:03:41,1,0.0,0.0,0.0,0.0,0.0,0.0,0,0,0,0.0,0.0,False,1.0,0.0,0.0,0,,,
cd0b5183fb10fa8af4620d3e130e496402ce59332d0896931d9c7ebad992a505,2,2024-03-01 04:12:08,2024-03-01 04:12:08,1,1.0,1.0,1.0,0.0,0.0,0.0,0,0,0,0.0,0.0,False,1.0,1.0,1.0,0,,,
cd0b5183fb10fa8af4620d3e130e496402ce59332d0896931d9c7ebad992a505,3,2024-03-01 07:38:21,2024-03-01 07:38:21,1,1.0,1.0,1.0,0.0,0.0,0.0,0,0,0,0.0,0.0,False,0.0,1.0,1.0,0,,,
cd0b5183fb10fa8af4620d3e130e496402ce59332d0896931d9c7ebad992a505,4,2024-03-01 08:47:12,2024-03-01 08:47:12,1,0.0,0.0,0.0,0.0,0.0,0.0,0,0,0,0.0,0.0,False,0.0,0.0,0.0,0,,,
cd0b5183fb10fa8af4620d3e130e496402ce59332d0896931d9c7ebad992a505,5,2024-03-01 09:56:02,2024-03-01 09:56:02,1,0.0,0.0,0.0,0.0,0.0,0.0,0,0,0,0.0,0.0,False,0.0,0.0,0.0,0,,,
cd0b5183fb10fa8af4620d3e130e496402ce59332d0896931d9c7ebad992a505,6,2024-03-01 11:07:10,2024-03-01 11:07:10,1,0.0,0.0,0.0,0.0,0.0,0.0,0,0,0,0.0,0.0,False,0.0,0.0,0.0,0,,,
cd0b5183fb10fa8af4620d3e130e496402ce59332d0896931d9c7ebad992a505,7,2024-03-01 11:13:26,2024-03-01 11:24:19,129,0.9224806201550387,34.27131782945737,62.0,0.747222222222222,0.787037037037037,2.8333333333333335,0,0,0,6.326666666666666,10.883333333333333,True,0.0,34.27131782945737,37.15126050420168,0,0.0,0.0,0.0
cd0b5183fb10fa8af4620d3e130e496402ce59332d0896931d9c7ebad992a505,8,2024-03-01 11:32:43,2024-03-01 11:38:34,23,0.9130434782608695,20.91304347826087,47.8,0.8240740740740738,0.8194444444444434,2.9499999999999966,0,0,0,1.428888888888889,5.85,True,0.0,20.91304347826087,22.904761904761905,0,0.0,0.0,0.0
cd0b5183fb10fa8af4620d3e130e496402ce59332d0896931d9c7ebad992a505,9,2024-03-01 11:47:47,2024-03-01 11:49:50,25,0.88,24.68,45.599999999999994,0.9111111111111099,0.6018518518518517,2.1666666666666665,0,0,0,0.8902777777777777,2.05,True,0.0,24.68,28.045454545454547,0,0.0,0.0,0.0
cd0b5183fb10fa8af4620d3e130e496402ce59332d0896931d9c7ebad992a505,10,2024-03-01 11:57:02,2024-03-01 11:59:30,30,0.7666666666666667,17.233333333333334,36.099999999999994,0.783333333333333,0.6888888888888887,2.4799999999999995,0,0,0,0.7391666666666666,2.466666666666667,True,0.0,17.233333333333334,22.47826086956522,0,0.0,0.0,0.0
cd0b5183fb10fa8af4620d3e130e496402ce59332d0896931d9c7ebad992a505,11,2024-03-01 12:41:41,2024-03-01 12:47:04,18,0.6111111111111112,5.222222222222222,12.299999999999997,0.34999999999999987,0.38981481481481467,1.4033333333333327,0,0,0,0.1383333333333333,5.383333333333334,True,0.0,5.222222222222222,8.545454545454545,0,0.0,0.0,0.0
cd0b5183fb10fa8af4620d3e130e496402ce59332d0896931d9c7ebad992a505,12,2024-03-01 12:53:29,2024-03-01 12:55:10,22,0.9545454545454546,13.363636363636363,24.0,0.7259259259259258,1.3611111111111107,4.899999999999999,0,0,0,0.41055555555555556,1.6833333333333333,True,0.0,13.363636363636363,14.0,0,0.0,0.0,0.0
cd0b5183fb10fa8af4620d3e130e496402ce59332d0896931d9c7ebad992a505,13,2024-03-01 13:00:11,2024-03-01 13:07:55,88,0.6363636363636364,8.284090909090908,24.0,0.48055555555555507,0.3824074074074072,1.376666666666666,0,0,0,1.0605555555555555,7.733333333333333,True,0.0,8.284090909090908,13.017857142857142,0,0.0,0.0,0.0
cd0b5183fb10fa8af4620d3e130e496402ce59332d0896931d9c7ebad992a505,14,2024-03-01 13:13:08,2024-03-01 13:22:20,106,0.8773584905660378,12.084905660377359,22.0,0.40972222222222227,0.43055555555555547,1.55,0,0,0,1.8744444444444444,9.2,True,0.0,12.084905660377359,13.774193548387096,0,0.0,0.0,0.0
cd0b5183fb10fa8af4620d3e130e496402ce59332d0896931d9c7ebad992a505,15,2024-03-01 13:29:45,2024-03-01 13:39:26,67,0.9701492537313433,14.805970149253731,25.0,0.6499999999999998,0.580555555555555,2.0899999999999985,0,0,0,1.4361111111111111,9.683333333333334,True,0.0,14.805970149253731,15.261538461538462,0,0.0,0.0,0.0
cd0b5183fb10fa8af4620d3e130e496402ce59332d0896931d9c7ebad992a505,16,2024-03-01 13:52:14,2024-03-01 13:58:39,64,0.734375,12.328125,24.0,0.4333333333333329,0.31712962962962943,1.1416666666666657,0,0,0,1.1488888888888888,6.416666666666667,True,0.0,12.328125,16.78723404255319,0,0.0,0.0,0.0
cd0b5183fb10fa8af4620d3e130e496402ce59332d0896931d9c7ebad992a505,17,2024-03-01 14:23:22,2024-03-01 14:25:51,29,0.896551724137931,16.103448275862068,31.39999999999999,0.5,0.6333333333333327,2.2799999999999985,0,0,0,0.6941666666666666,2.4833333333333334,True,0.0,16.103448275862068,17.96153846153846,0,0.0,0.0,0.0
cd0b5183fb10fa8af4620d3e130e496402ce59332d0896931d9c7ebad992a505,18,2024-03-01 14:32:51,2024-03-01 14:34:42,2,0.0,0.0,0.0,0.0,0.0,0.0,0,0,0,0.0,1.85,False,0.0,0.0,0.0,0,,,
cd0b5183fb10fa8af4620d3e130e496402ce59332d0896931d9c7ebad992a505,19,2024-03-01 14:46:04,2024-03-01 15:04:36,163,0.8588957055214724,50.88343558282209,115.80000000000001,0.611111111111111,0.6444444444444448,2.3200000000000007,0,0,0,16.79083333333333,18.533333333333335,True,0.0,50.88343558282209,59.24285714285714,0,0.0,0.0,0.0
cd0b5183fb10fa8af4620d3e130e496402ce59332d0896931d9c7ebad992a505,20,2024-03-01 15:21:42,2024-03-01 15:49:11,284,0.9788732394366197,48.34154929577465,83.0,0.4444444444444443,0.5,1.8,0,0,0,22.43833333333333,27.483333333333334,True,0.0,48.34154929577465,49.384892086330936,0,0.0,0.0,0.0
cd0b5183fb10fa8af4620d3e130e496402ce59332d0896931d9c7ebad992a505,21,2024-03-01 16:05:28,2024-03-01 16:10:58,66,0.7575757575757576,24.484848484848484,60.0,0.7152777777777778,0.6874999999999999,2.475,0,0,0,2.224166666666667,5.5,True,0.0,24.484848484848484,32.32,0,0.0,0.0,0.0
cd0b5183fb10fa8af4620d3e130e496402ce59332d0896931d9c7ebad992a505,22,2024-03-01 17:11:08,2024-03-01 17:11:08,1,0.0,0.0,0.0,0.0,0.0,0.0,0,0,0,0.0,0.0,False,0.0,0.0,0.0,0,,,
cd0b5183fb10fa8af4620d3e130e496402ce59332d0896931d9c7ebad992a505,23,2024-03-01 17:31:41,2024-03-01 17:36:07,33,0.48484848484848486,10.424242424242424,34.599999999999994,0.733333333333333,0.7148148148148146,2.573333333333333,0,0,0,0.47972222222222216,4.433333333333334,True,0.0,10.424242424242424,21.5,0,0.0,0.0,0.0
cf55bde7da4ba8eab1d27aee28d7344d6b71db18d31dade7006bc7092c621d4a,1,2024-03-01 00:21:09,2024-03-01 00:21:09,1,0.0,0.0,0.0,0.0,0.0,0.0,0,0,0,0.0,0.0,False,1.0,0.0,0.0,0,,,
cf55bde7da4ba8eab1d27aee28d7344d6b71db18d31dade7006bc7092c621d4a,2,2024-03-01 01:29:00,2024-03-01 01:29:00,1,0.0,0.0,0.0,0.0,0.0,0.0,0,0,0,0.0,0.0,False,1.0,0.0,0.0,0,,,
cf55bde7da4ba8eab1d27aee28d7344d6b71db18d31dade7006bc7092c621d4a,3,2024-03-01 02:36:53,2024-03-01 02:36:53,1,0.0,0.0,0.0,0.0,0.0,0.0,0,0,0,0.0,0.0,False,1.0,0.0,0.0,0,,,
cf55bde7da4ba8eab1d27aee28d7344d6b71db18d31dade7006bc7092c621d4a,4,2024-03-01 03:44:52,2024-03-01 03:44:52,1,0.0,0.0,0.0,0.0,0.0,0.0,0,0,0,0.0,0.0,False,1.0,0.0,0.0,0,,,
cf55bde7da4ba8eab1d27aee28d7344d6b71db18d31dade7006bc7092c621d4a,5,2024-03-01 04:52:53,2024-03-01 04:52:53,1,0.0,0.0,0.0,0.0,0.0,0.0,0,0,0,0.0,0.0,False,1.0,0.0,0.0,0,,,
cf55bde7da4ba8eab1d27aee28d7344d6b71db18d31dade7006bc7092c621d4a,6,2024-03-01 06:01:14,2024-03-01 06:01:14,1,0.0,0.0,0.0,0.0,0.0,0.0,0,0,0,0.0,0.0,False,0.0,0.0,0.0,0,,,
cf55bde7da4ba8eab1d27aee28d7344d6b71db18d31dade7006bc7092c621d4a,7,2024-03-01 07:08:58,2024-03-01 07:08:58,1,0.0,0.0,0.0,0.0,0.0,0.0,0,0,0,0.0,0.0,False,0.0,0.0,0.0,0,,,
cf55bde7da4ba8eab1d27aee28d7344d6b71db18d31dade7006bc7092c621d4a,8,2024-03-01 07:42:49,2024-03-01 07:42:49,1,0.0,0.0,0.0,0.0,0.0,0.0,0,0,0,0.0,0.0,False,0.0,0.0,0.0,0,,,
cf55bde7da4ba8eab1d27aee28d7344d6b71db18d31dade7006bc7092c621d4a,9,2024-03-01 08:02:09,2024-03-01 08:35:05,284,0.8732394366197183,18.83450704225352,42.0,1.01574074074074,1.0555555555555554,3.8,0,0,0,7.871388888888888,32.93333333333333,True,0.0,18.83450704225352,21.568548387096776,0,0.0,0.0,0.0
cf55bde7da4ba8eab1d27aee28d7344d6b71db18d31dade7006bc7092c621d4a,10,2024-03-01 10:46:06,2024-03-01 10:52:01,66,0.9545454545454546,22.46969696969697,41.5,0.7152777777777777,0.7152777777777777,2.575,0,0,0,2.1336111111111107,5.916666666666667,True,0.0,22.46969696969697,23.53968253968254,0,0.0,0.0,0.0
cf55bde7da4ba8eab1d27aee28d7344d6b71db18d31dade7006bc7092c621d4a,11,2024-03-01 11:00:19,2024-03-01 11:10:10,109,0.944954128440367,23.394495412844037,46.39999999999998,0.611111111111111,0.7555555555555552,2.719999999999999,0,0,0,3.7630555555555554,9.85,True,0.0,23.394495412844037,24.75728155339806,0,0.0,0.0,0.0
cf55bde7da4ba8eab1d27aee28d7344d6b71db18d31dade7006bc7092c621d4a,12,2024-03-01 12:13:04,2024-03-01 12:13:04,1,0.0,0.0,0.0,0.0,0.0,0.0,0,0,0,0.0,0.0,False,0.0,0.0,0.0,0,,,
cf55bde7da4ba8eab1d27aee28d7344d6b71db18d31dade7006bc7092c621d4a,13,2024-03-01 13:14:45,2024-03-01 13:14:45,1,0.0,0.0,0.0,0.0,0.0,0.0,0,0,0,0.0,0.0,False,0.0,0.0,0.0,0,,,
cf55bde7da4ba8eab1d27aee28d7344d6b71db18d31dade7006bc7092c621d4a,14,2024-03-01 14:56:17,2024-03-01 15:07:14,108,0.9166666666666666,23.62037037037037,50.0,0.9249999999999995,0.9624999999999998,3.464999999999999,1,0,0,4.05,10.95,True,0.0,23.62037037037037,25.767676767676768,0,0.0,0.2469135802469136,0.0
cf55bde7da4ba8eab1d27aee28d7344d6b71db18d31dade7006bc7092c621d4a,15,2024-03-01 15:27:13,2024-03-01 15:42:41,170,0.9588235294117647,34.476470588235294,87.54999999999998,0.6722222222222203,0.8944444444444425,3.219999999999993,0,0,0,9.835555555555555,15.466666666666667,True,0.0,34.476470588235294,35.95705521472393,0,0.0,0.0,0.0
cf55bde7da4ba8eab1d27aee28d7344d6b71db18d31dade7006bc7092c621d4a,16,2024-03-01 16:00:32,2024-03-01 16:13:02,115,0.991304347826087,35.904347826086955,59.0,0.7416666666666664,1.0722222222222224,3.8599999999999994,0,1,0,6.979444444444445,12.5,True,0.0,35.904347826086955,36.219298245614034,0,0.14327787948738357,0.0,0.0
cf55bde7da4ba8eab1d27aee28d7344d6b71db18d31dade7006bc7092c621d4a,17,2024-03-01 17:29:51,2024-03-01 17:30:51,2,0.0,0.0,0.0,0.0,0.0,0.0,0,0,0,0.0,1.0,False,0.0,0.0,0.0,0,,,
cf55bde7da4ba8eab1d27aee28d7344d6b71db18d31dade7006bc7092c621d4a,18,2024-03-01 17:57:55,2024-03-01 17:58:26,3,0.0,0.0,0.0,0.0,-0.0,-0.0,0,0,0,0.0,0.5166666666666667,False,0.0,0.0,0.0,0,,,
d0486c8aff026136d4a9d9b8880097b68c450c26212ab5e04eb6d75222bd9b07,1,2024-03-01 01:30:40,2024-03-01 01:30:40,1,1.0,3.0,3.0,0.0,0.0,0.0,0,0,0,0.0,0.0,False,1.0,3.0,3.0,0,,,
d0486c8aff026136d4a9d9b8880097b68c450c26212ab5e04eb6d75222bd9b07,2,2024-03-01 03:52:04,2024-03-01 03:52:04,1,0.0,0.0,0.0,0.0,0.0,0.0,0,0,0,0.0,0.0,False,1.0,0.0,0.0,0,,,
d0486c8aff026136d4a9d9b8880097b68c450c26212ab5e04eb6d75222bd9b07,3,2024-03-01 05:02:47,2024-03-01 05:02:47,1,0.0,0.0,0.0,0.0,0.0,0.0,0,0,0,0.0,0.0,False,1.0,0.0,0.0,0,,,
d0486c8aff026136d4a9d9b8880097b68c450c26212ab5e04eb6d75222bd9b07,4,2024-03-01 06:15:48,2024-03-01 06:15:48,1,0.0,0.0,0.0,0.0,0.0,0.0,0,0,0,0.0,0.0,False,0.0,0.0,0.0,0,,,
d0486c8aff026136d4a9d9b8880097b68c450c26212ab5e04eb6d75222bd9b07,5,2024-03-01 07:17:36,2024-03-01 07:22:26,55,0.8181818181818182,20.736363636363638,42.599999999999994,0.5393518518518516,0.7388888888888886,2.6599999999999993,0,0,0,1.6983333333333333,4.833333333333333,True,0.0,20.736363636363638,25.344444444444445,0,0.0,0.0,0.0
d0486c8aff026136d4a9d9b8880097b68c450c26212ab5e04eb6d75222bd9b07,6,2024-03-01 08:22:15,2024-03-01 08:22:15,1,0.0,0.0,0.0,0.0,0.0,0.0,0,0,0,0.0,0.0,False,0.0,0.0,0.0,0,,,
d0486c8aff026136d4a9d9b8880097b68c450c26212ab5e04eb6d75222bd9b07,7,2024-03-01 09:22:47,2024-03-01 09:22:47,1,0.0,0.0,0.0,0.0,0.0,0.0,0,0,0,0.0,0.0,False,0.0,0.0,0.0,0,,,
d0486c8aff026136d4a9d9b8880097b68c450c26212ab5e04eb6d75222bd9b07,8,2024-03-01 10:33:22,2024-03-01 10:35:37,2,0.0,0.0,0.0,0.0,0.0,0.0,0,0,0,0.0,2.25,False,0.0,0.0,0.0,0,,,
d0486c8aff026136d4a9d9b8880097b68c450c26212ab5e04eb6d75222bd9b07,9,2024-03-01 11:05:04,2024-03-01 11:11:02,64,0.734375,16.671875,43.69999999999999,0.4402777777777775,0.4736111111111101,1.7049999999999965,0,0,0,1.568888888888889,5.966666666666667,True,0.0,16.671875,22.70212765957447,0,0.0,0.0,0.0
d0486c8aff026136d4a9d9b8880097b68c450c26212ab5e04eb6d75222bd9b07,10,2024-03-01 12:10:47,2024-03-01 12:10:47,1,0.0,0.0,0.0,0.0,0.0,0.0,0,0,0,0.0,0.0,False,0.0,0.0,0.0,0,,,
d0486c8aff026136d4a9d9b8880097b68c450c26212ab5e04eb6d75222bd9b07,11,2024-03-01 14:21:38,2024-03-01 14:21:38,1,1.0,5.0,5.0,0.0,0.0,0.0,0,0,0,0.0,0.0,False,0.0,5.0,5.0,0,,,
d0486c8aff026136d4a9d9b8880097b68c450c26212ab5e04eb6d75222bd9b07,12,2024-03-01 15:31:56,2024-03-01 15:31:56,1,0.0,0.0,0.0,0.0,0.0,0.0,0,0,0,0.0,0.0,False,0.0,0.0,0.0,0,,,
d0620ec41712c044f2f1929d5566d162544cdc9f4ba8436335c91ef2a1c01560,1,2024-03-01 04:00:42,2024-03-01 04:00:42,1,0.0,0.0,0.0,0.0,0.0,0.0,0,0,0,0.0,0.0,False,1.0,0.0,0.0,0,,,
d0620ec41712c044f2f1929d5566d162544cdc9f4ba8436335c91ef2a1c01560,2,2024-03-01 05:14:05,2024-03-01 05:14:05,1,0.0,0.0,0.0,0.0,0.0,0.0,0,0,0,0.0,0.0,False,1.0,0.0,0.0,0,,,
d0620ec41712c044f2f1929d5566d162544cdc9f4ba8436335c91ef2a1c01560,3,2024-03-01 11:20:18,2024-03-01 11:20:18,1,0.0,0.0,0.0,0.0,0.0,0.0,0,0,0,0.0,0.0,False,0.0,0.0,0.0,0,,,
d0620ec41712c044f2f1929d5566d162544cdc9f4ba8436335c91ef2a1c01560,4,2024-03-01 14:59:35,2024-03-01 14:59:35,1,0.0,0.0,0.0,0.0,0.0,0.0,0,0,0,0.0,0.0,False,0.0,0.0,0.0,0,,,
d06ecef296a9de8f7c374f461e5e67604489d74b5f80153febb8bbbf2f62a895,1,2024-03-01 13:13:59,2024-03-01 13:43:23,340,0.9735294117647059,30.708823529411763,55.0,0.9039351851851853,1.0583333333333338,3.8100000000000023,0,0,0,15.221944444444444,29.4,True,0.0,30.708823529411763,31.54380664652568,0,0.0,0.0,0.0
d06ecef296a9de8f7c374f461e5e67604489d74b5f80153febb8bbbf2f62a895,2,2024-03-01 14:43:17,2024-03-01 14:43:17,1,0.0,0.0,0.0,0.0,0.0,0.0,0,0,0,0.0,0.0,False,0.0,0.0,0.0,0,,,
d06ecef296a9de8f7c374f461e5e67604489d74b5f80153febb8bbbf2f62a895,3,2024-03-01 15:32:58,2024-03-01 15:32:58,1,0.0,0.0,0.0,0.0,0.0,0.0,0,0,0,0.0,0.0,False,0.0,0.0,0.0,0,,,
d06ecef296a9de8f7c374f461e5e67604489d74b5f80153febb8bbbf2f62a895,4,2024-03-01 15:43:10,2024-03-01 15:44:10,2,0.0,0.0,0.0,0.0,0.0,0.0,0,0,0,0.0,1.0,False,0.0,0.0,0.0,0,,,
d06ecef296a9de8f7c374f461e5e67604489d74b5f80153febb8bbbf2f62a895,5,2024-03-01 16:28:22,2024-03-01 16:37:04,101,0.8316831683168316,25.396039603960396,62.0,0.8333333333333333,0.6944444444444446,2.5,0,0,0,3.7336111111111103,8.7,True,0.0,25.396039603960396,30.535714285714285,0,0.0,0.0,0.0
d06ecef296a9de8f7c374f461e5e67604489d74b5f80153febb8bbbf2f62a895,6,2024-03-01 16:51:26,2024-03-01 16:52:47,6,0.0,0.0,0.0,0.0,-0.0,-0.0,0,0,0,0.0,1.35,False,0.0,0.0,0.0,0,,,
d06ecef296a9de8f7c374f461e5e67604489d74b5f80153febb8bbbf2f62a895,7,2024-03-01 17:20:43,2024-03-01 17:27:09,75,0.88,29.22,51.599999999999994,0.644444444444444,1.0868055555555554,3.9124999999999996,0,0,0,3.2170833333333335,6.433333333333334,True,0.0,29.22,33.20454545454545,0,0.0,0.0,0.0
d080342a46fd57f01e28b5c37774e1c5ba1e01d288a5ea906d1b627f52d4cbba,1,2024-03-01 06:49:24,2024-03-01 06:49:24,1,0.0,0.0,0.0,0.0,0.0,0.0,0,0,0,0.0,0.0,False,0.0,0.0,0.0,0,,,
d080342a46fd57f01e28b5c37774e1c5ba1e01d288a5ea906d1b627f52d4cbba,2,2024-03-01 07:51:28,2024-03-01 08:04:43,153,0.8235294117647058,15.722222222222221,35.0,0.6333333333333336,0.611111111111111,2.2,0,0,0,3.4595833333333332,13.25,True,0.0,15.722222222222221,19.091269841269842,0,0.0,0.0,0.0
d080342a46fd57f01e28b5c37774e1c5ba1e01d288a5ea906d1b627f52d4cbba,3,2024-03-01 09:05:16,2024-03-01 09:05:16,1,0.0,0.0,0.0,0.0,0.0,0.0,0,0,0,0.0,0.0,False,0.0,0.0,0.0,0,,,
d080342a46fd57f01e28b5c37774e1c5ba1e01d288a5ea906d1b627f52d4cbba,4,2024-03-01 11:14:06,2024-03-01 11:14:06,1,1.0,3.0,3.0,0.0,0.0,0.0,0,0,0,0.0,0.0,False,0.0,3.0,3.0,0,,,
d080342a46fd57f01e28b5c37774e1c5ba1e01d288a5ea906d1b627f52d4cbba,5,2024-03-01 13:38:14,2024-03-01 13:55:04,123,0.8292682926829268,15.121951219512194,33.0,0.5046296296296292,0.6055555555555551,2.1799999999999984,0,0,0,4.046944444444445,16.833333333333332,True,0.0,15.121951219512194,18.235294117647058,0,0.0,0.0,0.0
d080342a46fd57f01e28b5c37774e1c5ba1e01d288a5ea906d1b627f52d4cbba,6,2024-03-01 14:19:46,2024-03-01 14:19:46,1,0.0,0.0,0.0,0.0,0.0,0.0,0,0,0,0.0,0.0,False,0.0,0.0,0.0,0,,,
d080342a46fd57f01e28b5c37774e1c5ba1e01d288a5ea906d1b627f52d4cbba,7,2024-03-01 15:19:56,2024-03-01 15:19:56,1,0.0,0.0,0.0,0.0,0.0,0.0,0,0,0,0.0,0.0,False,0.0,0.0,0.0,0,,,
d080342a46fd57f01e28b5c37774e1c5ba1e01d288a5ea906d1b627f52d4cbba,8,2024-03-01 17:04:12,2024-03-01 17:04:12,1,1.0,1.0,1.0,0.0,0.0,0.0,0,0,0,0.0,0.0,False,0.0,1.0,1.0,0,,,
d080342a46fd57f01e28b5c37774e1c5ba1e01d288a5ea906d1b627f52d4cbba,9,2024-03-01 18:17:13,2024-03-01 18:30:05,112,0.6696428571428571,18.830357142857142,52.799999999999955,0.6666666666666666,0.64861111111111,2.334999999999997,0,0,0,2.873333333333333,12.866666666666667,True,0.0,18.830357142857142,28.12,0,0.0,0.0,0.0
d0a3c1961fbe64707c937ac5b8a548a6b5a93a23fcfbd7a18ba7dd1b2398c874,1,2024-03-01 07:41:50,2024-03-01 07:50:13,77,0.7532467532467533,20.98701298701299,44.0,0.7333333333333334,0.8925925925925927,3.213333333333334,0,0,0,2.334166666666667,8.383333333333333,True,0.0,20.98701298701299,27.862068965517242,0,0.0,0.0,0.0
d0a3c1961fbe64707c937ac5b8a548a6b5a93a23fcfbd7a18ba7dd1b2398c874,2,2024-03-01 08:53:01,2024-03-01 08:53:39,2,0.0,0.0,0.0,0.0,0.0,0.0,0,0,0,0.0,0.6333333333333333,False,0.0,0.0,0.0,0,,,
d0a3c1961fbe64707c937ac5b8a548a6b5a93a23fcfbd7a18ba7dd1b2398c874,3,2024-03-01 09:06:15,2024-03-01 09:21:00,172,0.877906976744186,18.24418604651163,40.89999999999998,0.6361111111111104,0.888888888888889,3.2,0,0,0,4.5925,14.75,True,0.0,18.24418604651163,20.781456953642383,0,0.0,0.0,0.0
d0a3c1961fbe64707c937ac5b8a548a6b5a93a23fcfbd7a18ba7dd1b2398c874,4,2024-03-01 09:27:33,2024-03-01 09:30:20,22,0.9090909090909091,15.5,26.849999999999998,0.3861111111111111,0.33333333333333337,1.2,0,0,0,0.5058333333333334,2.783333333333333,True,0.0,15.5,17.05,0,0.0,0.0,0.0
d0a3c1961fbe64707c937ac5b8a548a6b5a93a23fcfbd7a18ba7dd1b2398c874,5,2024-03-01 12:32:25,2024-03-01 12:53:33,209,0.9090909090909091,56.75837320574163,88.0,0.677777777777777,0.7111111111111109,2.5599999999999996,0,0,0,18.49347222222222,21.133333333333333,True,0.0,56.75837320574163,62.43421052631579,0,0.0,0.0,0.0
d0a3c1961fbe64707c937ac5b8a548a6b5a93a23fcfbd7a18ba7dd1b2398c874,6,2024-03-01 13:38:39,2024-03-01 13:41:37,23,0.30434782608695654,3.608695652173913,21.39999999999999,0.09999999999999981,0.533333333333333,1.9199999999999988,0,0,0,0.09583333333333331,2.966666666666667,True,0.0,3.608695652173913,11.857142857142858,0,0.0,0.0,0.0
d0a3c1961fbe64707c937ac5b8a548a6b5a93a23fcfbd7a18ba7dd1b2398c874,7,2024-03-01 14:06:48,2024-03-01 14:16:49,78,0.3717948717948718,11.166666666666666,57.599999999999966,0.9930555555555545,0.7546296296296289,2.7166666666666637,0,0,0,1.1925,10.016666666666667,True,0.0,11.166666666666666,30.03448275862069,0,0.0,0.0,0.0
d0a3c1961fbe64707c937ac5b8a548a6b5a93a23fcfbd7a18ba7dd1b2398c874,8,2024-03-01 15:17:21,2024-03-01 15:17:21,1,0.0,0.0,0.0,0.0,0.0,0.0,0,0,0,0.0,0.0,False,0.0,0.0,0.0,0,,,
d0a3c1961fbe64707c937ac5b8a548a6b5a93a23fcfbd7a18ba7dd1b2398c874,9,2024-03-01 16:20:37,2024-03-01 16:20:37,1,0.0,0.0,0.0,0.0,0.0,0.0,0,0,0,0.0,0.0,False,0.0,0.0,0.0,0,,,
d0a3c1961fbe64707c937ac5b8a548a6b5a93a23fcfbd7a18ba7dd1b2398c874,10,2024-03-01 17:07:19,2024-03-01 17:15:41,95,0.8,11.705263157894738,38.0,0.5166666666666665,0.46111111111111097,1.6599999999999995,0,0,0,1.6599999999999995,8.366666666666667,True,0.0,11.705263157894738,14.631578947368421,0,0.0,0.0,0.0
d0a3c1961fbe64707c937ac5b8a548a6b5a93a23fcfbd7a18ba7dd1b2398c874,11,2024-03-01 18:29:02,2024-03-01 18:29:40,2,0.0,0.0,0.0,0.0,0.0,0.0,0,0,0,0.0,0.6333333333333333,False,0.0,0.0,0.0,0,,,
d0da2852038e4a1ce8832315d2b6f5fd77cc310904b162246cb7a8819986dda4,1,2024-03-01 01:51:16,2024-03-01 01:51:16,1,1.0,7.0,7.0,0.0,0.0,0.0,0,0,0,0.0,0.0,False,1.0,7.0,7.0,0,,,
d0da2852038e4a1ce8832315d2b6f5fd77cc310904b162246cb7a8819986dda4,2,2024-03-01 06:31:38,2024-03-01 06:31:38,1,0.0,0.0,0.0,0.0,0.0,0.0,0,0,0,0.0,0.0,False,0.0,0.0,0.0,0,,,
d0da2852038e4a1ce8832315d2b6f5fd77cc310904b162246cb7a8819986dda4,3,2024-03-01 07:41:47,2024-03-01 07:41:47,1,0.0,0.0,0.0,0.0,0.0,0.0,0,0,0,0.0,0.0,False,0.0,0.0,0.0,0,,,
d0da2852038e4a1ce8832315d2b6f5fd77cc310904b162246cb7a8819986dda4,4,2024-03-01 11:12:21,2024-03-01 11:14:37,2,0.0,0.0,0.0,0.0,0.0,0.0,0,0,0,0.0,2.2666666666666666,False,0.0,0.0,0.0,0,,,
d0da2852038e4a1ce8832315d2b6f5fd77cc310904b162246cb7a8819986dda4,5,2024-03-01 11:27:58,2024-03-01 12:48:18,887,0.9413754227733935,47.85343855693348,105.0,0.611111111111111,0.7870370370370369,2.8333333333333335,0,0,0,63.22749999999999,80.33333333333333,True,0.0,47.85343855693348,50.83353293413174,0,0.0,0.0,0.0
d0da2852038e4a1ce8832315d2b6f5fd77cc310904b162246cb7a8819986dda4,6,2024-03-01 13:03:35,2024-03-01 13:04:00,4,0.5,4.25,12.349999999999996,0.0,0.19398148148148145,0.6983333333333333,0,0,0,0.012499999999999999,0.4166666666666667,True,0.0,4.25,8.5,0,0.0,0.0,0.0
d0da2852038e4a1ce8832315d2b6f5fd77cc310904b162246cb7a8819986dda4,7,2024-03-01 13:22:59,2024-03-01 14:47:12,946,0.9376321353065539,46.53171247357294,101.0,0.611111111111111,0.8333333333333333,3.0,0,1,0,67.1325,84.21666666666667,True,0.0,46.53171247357294,49.62683201803833,0,0.014895914795367372,0.0,0.0
d0da2852038e4a1ce8832315d2b6f5fd77cc310904b162246cb7a8819986dda4,8,2024-03-01 15:49:55,2024-03-01 15:49:55,1,0.0,0.0,0.0,0.0,0.0,0.0,0,0,0,0.0,0.0,False,0.0,0.0,0.0,0,,,
d0da2852038e4a1ce8832315d2b6f5fd77cc310904b162246cb7a8819986dda4,9,2024-03-01 16:24:58,2024-03-01 16:51:26,225,0.88,39.52444444444444,104.59999999999997,0.7666666666666658,0.6111111111111114,2.2,0,0,0,14.438333333333333,26.466666666666665,True,0.0,39.52444444444444,44.91414141414141,0,0.0,0.0,0.0
d0da2852038e4a1ce8832315d2b6f5fd77cc310904b162246cb7a8819986dda4,10,2024-03-01 17:35:04,2024-03-01 18:30:03,628,0.5859872611464968,13.197452229299364,56.299999999999955,0.6111111111111113,0.611111111111111,2.2,0,0,0,11.754722222222222,54.983333333333334,True,0.0,13.197452229299364,22.52173913043478,0,0.0,0.0,0.0
d17c8bd72cf979d5cb99c778dd95fe4b559ac369df52bda858f5862815e07bbc,1,2024-03-01 00:07:59,2024-03-01 00:07:59,1,0.0,0.0,0.0,0.0,0.0,0.0,0,0,0,0.0,0.0,False,1.0,0.0,0.0,0,,,
d17c8bd72cf979d5cb99c778dd95fe4b559ac369df52bda858f5862815e07bbc,2,2024-03-01 01:59:00,2024-03-01 01:59:00,1,0.0,0.0,0.0,0.0,0.0,0.0,0,0,0,0.0,0.0,False,1.0,0.0,0.0,0,,,
d17c8bd72cf979d5cb99c778dd95fe4b559ac369df52bda858f5862815e07bbc,3,2024-03-01 08:34:18,2024-03-01 08:34:18,1,0.0,0.0,0.0,0.0,0.0,0.0,0,0,0,0.0,0.0,False,0.0,0.0,0.0,0,,,
d17c8bd72cf979d5cb99c778dd95fe4b559ac369df52bda858f5862815e07bbc,4,2024-03-01 08:55:32,2024-03-01 09:04:35,105,0.8952380952380953,22.714285714285715,43.599999999999994,0.9333333333333331,0.8240740740740738,2.9666666666666663,0,0,0,3.3902777777777775,9.05,True,0.0,22.714285714285715,25.372340425531913,0,0.0,0.0,0.0
d17c8bd72cf979d5cb99c778dd95fe4b559ac369df52bda858f5862815e07bbc,5,2024-03-01 10:04:34,2024-03-01 10:04:34,1,0.0,0.0,0.0,0.0,0.0,0.0,0,0,0,0.0,0.0,False,0.0,0.0,0.0,0,,,
d17c8bd72cf979d5cb99c778dd95fe4b559ac369df52bda858f5862815e07bbc,6,2024-03-01 14:25:30,2024-03-01 14:26:30,2,0.0,0.0,0.0,0.0,0.0,0.0,0,0,0,0.0,1.0,False,0.0,0.0,0.0,0,,,
d17c8bd72cf979d5cb99c778dd95fe4b559ac369df52bda858f5862815e07bbc,7,2024-03-01 14:45:50,2024-03-01 14:55:07,108,0.75,18.51851851851852,39.29999999999998,0.7944444444444434,0.8666666666666647,3.119999999999993,0,0,0,2.8772222222222217,9.283333333333333,True,0.0,18.51851851851852,24.691358024691358,0,0.0,0.0,0.0
d17c8bd72cf979d5cb99c778dd95fe4b559ac369df52bda858f5862815e07bbc,8,2024-03-01 16:07:01,2024-03-01 16:07:39,2,0.0,0.0,0.0,0.0,0.0,0.0,0,0,0,0.0,0.6333333333333333,False,0.0,0.0,0.0,0,,,
d19d5e1bdf378c6fd49c3bfea2b7165037094db81022c0fb96aa38a22f4ebe61,1,2024-03-01 00:14:06,2024-03-01 00:14:06,1,1.0,1.0,1.0,0.0,0.0,0.0,0,0,0,0.0,0.0,False,1.0,1.0,1.0,0,,,
d19d5e1bdf378c6fd49c3bfea2b7165037094db81022c0fb96aa38a22f4ebe61,2,2024-03-01 02:26:25,2024-03-01 02:26:25,1,1.0,1.0,1.0,0.0,0.0,0.0,0,0,0,0.0,0.0,False,1.0,1.0,1.0,0,,,
d19d5e1bdf378c6fd49c3bfea2b7165037094db81022c0fb96aa38a22f4ebe61,3,2024-03-01 08:00:20,2024-03-01 08:00:20,1,1.0,1.0,1.0,0.0,0.0,0.0,0,0,0,0.0,0.0,False,0.0,1.0,1.0,0,,,
d19d5e1bdf378c6fd49c3bfea2b7165037094db81022c0fb96aa38a22f4ebe61,4,2024-03-01 14:41:02,2024-03-01 14:41:02,1,0.0,0.0,0.0,0.0,0.0,0.0,0,0,0,0.0,0.0,False,0.0,0.0,0.0,0,,,
d19d5e1bdf378c6fd49c3bfea2b7165037094db81022c0fb96aa38a22f4ebe61,5,2024-03-01 15:47:13,2024-03-01 15:47:13,1,1.0,1.0,1.0,0.0,0.0,0.0,0,0,0,0.0,0.0,False,0.0,1.0,1.0,0,,,
d2daac64e737e74c579f4584b7e7c49bec506b808dbd8c0207b57d45d17390c1,1,2024-03-01 04:51:35,2024-03-01 04:51:35,1,1.0,5.0,5.0,0.0,0.0,0.0,0,0,0,0.0,0.0,False,1.0,5.0,5.0,0,,,
d2daac64e737e74c579f4584b7e7c49bec506b808dbd8c0207b57d45d17390c1,2,2024-03-01 06:01:16,2024-03-01 06:01:16,1,0.0,0.0,0.0,0.0,0.0,0.0,0,0,0,0.0,0.0,False,0.0,0.0,0.0,0,,,
d2daac64e737e74c579f4584b7e7c49bec506b808dbd8c0207b57d45d17390c1,3,2024-03-01 07:13:16,2024-03-01 07:13:16,1,0.0,0.0,0.0,0.0,0.0,0.0,0,0,0,0.0,0.0,False,0.0,0.0,0.0,0,,,
d2daac64e737e74c579f4584b7e7c49bec506b808dbd8c0207b57d45d17390c1,4,2024-03-01 07:49:00,2024-03-01 08:07:02,181,0.7734806629834254,22.176795580110497,55.0,1.0555555555555556,1.25,4.5,0,0,0,5.896944444444444,18.033333333333335,True,0.0,22.176795580110497,28.67142857142857,0,0.0,0.0,0.0
d2daac64e737e74c579f4584b7e7c49bec506b808dbd8c0207b57d45d17390c1,5,2024-03-01 14:44:50,2024-03-01 14:47:08,2,0.5,3.5,6.6499999999999995,0.0,0.013385668276972624,0.04818840579710145,0,0,0,0.0,2.3,False,0.0,3.5,7.0,0,,,
d2daac64e737e74c579f4584b7e7c49bec506b808dbd8c0207b57d45d17390c1,6,2024-03-01 15:28:25,2024-03-01 15:33:51,64,0.734375,22.875,61.54999999999998,0.9208333333333323,1.2430555555555554,4.474999999999999,0,0,0,2.1327777777777777,5.433333333333334,True,0.0,22.875,31.148936170212767,0,0.0,0.0,0.0
d2daac64e737e74c579f4584b7e7c49bec506b808dbd8c0207b57d45d17390c1,7,2024-03-01 16:07:49,2024-03-01 16:20:59,153,0.7777777777777778,15.07843137254902,40.0,0.8703703703703709,1.055555555555556,3.8000000000000016,0,0,0,3.348333333333333,13.166666666666666,True,0.0,15.07843137254902,19.386554621848738,0,0.0,0.0,0.0
d3075355460ac6d659fda6136cc4c574b6a1c9e2adaec7de75fb17f4ad7203ab,1,2024-03-01 00:45:16,2024-03-01 00:45:16,1,0.0,0.0,0.0,0.0,0.0,0.0,0,0,0,0.0,0.0,False,1.0,0.0,0.0,0,,,
d3075355460ac6d659fda6136cc4c574b6a1c9e2adaec7de75fb17f4ad7203ab,2,2024-03-01 01:46:28,2024-03-01 01:46:28,1,1.0,1.0,1.0,0.0,0.0,0.0,0,0,0,0.0,0.0,False,1.0,1.0,1.0,0,,,
d3075355460ac6d659fda6136cc4c574b6a1c9e2adaec7de75fb17f4ad7203ab,3,2024-03-01 04:05:30,2024-03-01 04:05:30,1,1.0,1.0,1.0,0.0,0.0,0.0,0,0,0,0.0,0.0,False,1.0,1.0,1.0,0,,,
d3075355460ac6d659fda6136cc4c574b6a1c9e2adaec7de75fb17f4ad7203ab,4,2024-03-01 07:34:40,2024-03-01 07:34:40,1,0.0,0.0,0.0,0.0,0.0,0.0,0,0,0,0.0,0.0,False,0.0,0.0,0.0,0,,,
d3075355460ac6d659fda6136cc4c574b6a1c9e2adaec7de75fb17f4ad7203ab,5,2024-03-01 08:46:49,2024-03-01 08:46:49,1,0.0,0.0,0.0,0.0,0.0,0.0,0,0,0,0.0,0.0,False,0.0,0.0,0.0,0,,,
d3075355460ac6d659fda6136cc4c574b6a1c9e2adaec7de75fb17f4ad7203ab,6,2024-03-01 09:20:32,2024-03-01 09:27:40,84,0.9761904761904762,43.964285714285715,65.69999999999999,0.5555555555555556,0.8263888888888885,2.974999999999999,0,0,0,5.427499999999999,7.133333333333334,True,0.0,43.964285714285715,45.03658536585366,0,0.0,0.0,0.0
d3075355460ac6d659fda6136cc4c574b6a1c9e2adaec7de75fb17f4ad7203ab,7,2024-03-01 09:34:06,2024-03-01 09:34:38,7,0.7142857142857143,4.142857142857143,9.0,0.3527777777777776,0.1111111111111111,0.4,0,0,0,0.04361111111111111,0.5333333333333333,True,0.0,4.142857142857143,5.8,0,0.0,0.0,0.0
d3075355460ac6d659fda6136cc4c574b6a1c9e2adaec7de75fb17f4ad7203ab,8,2024-03-01 09:45:48,2024-03-01 09:54:34,101,0.9603960396039604,37.396039603960396,55.0,0.7222222222222221,0.611111111111111,2.2,0,0,0,5.6075,8.766666666666667,True,0.0,37.396039603960396,38.93814432989691,0,0.0,0.0,0.0
d3075355460ac6d659fda6136cc4c574b6a1c9e2adaec7de75fb17f4ad7203ab,9,2024-03-01 10:55:25,2024-03-01 10:55:25,1,0.0,0.0,0.0,0.0,0.0,0.0,0,0,0,0.0,0.0,False,0.0,0.0,0.0,0,,,
d3075355460ac6d659fda6136cc4c574b6a1c9e2adaec7de75fb17f4ad7203ab,10,2024-03-01 11:09:50,2024-03-01 11:24:23,119,0.957983193277311,39.378151260504204,62.19999999999999,0.7287037037037032,0.6222222222222212,2.239999999999998,0,0,0,8.02,14.55,True,0.0,39.378151260504204,41.10526315789474,0,0.0,0.0,0.0
d3075355460ac6d659fda6136cc4c574b6a1c9e2adaec7de75fb17f4ad7203ab,11,2024-03-01 11:36:59,2024-03-01 11:57:23,245,0.9428571428571428,38.86938775510204,78.59999999999997,0.8111111111111092,0.9333333333333322,3.3599999999999968,0,0,0,13.483333333333333,20.4,True,0.0,38.86938775510204,41.22510822510822,0,0.0,0.0,0.0
d3075355460ac6d659fda6136cc4c574b6a1c9e2adaec7de75fb17f4ad7203ab,12,2024-03-01 12:10:49,2024-03-01 12:18:01,45,0.8888888888888888,21.622222222222224,54.599999999999994,0.7111111111111108,0.6555555555555552,2.3599999999999994,0,0,0,4.665555555555556,7.2,True,0.0,21.622222222222224,24.325,0,0.0,0.0,0.0
d3075355460ac6d659fda6136cc4c574b6a1c9e2adaec7de75fb17f4ad7203ab,13,2024-03-01 13:18:39,2024-03-01 13:18:39,1,0.0,0.0,0.0,0.0,0.0,0.0,0,0,0,0.0,0.0,False,0.0,0.0,0.0,0,,,
d3075355460ac6d659fda6136cc4c574b6a1c9e2adaec7de75fb17f4ad7203ab,14,2024-03-01 14:09:30,2024-03-01 14:30:31,211,0.8767772511848341,46.725118483412324,90.0,0.787037037037037,0.9490740740740737,3.416666666666667,0,0,0,14.091944444444442,21.016666666666666,True,0.0,46.725118483412324,53.29189189189189,0,0.0,0.0,0.0
d3075355460ac6d659fda6136cc4c574b6a1c9e2adaec7de75fb17f4ad7203ab,15,2024-03-01 14:40:24,2024-03-01 14:55:52,165,0.696969696969697,38.20909090909091,85.0,0.7166666666666661,0.8222222222222214,2.9599999999999964,0,0,0,9.217361111111112,15.466666666666667,True,0.0,38.20909090909091,54.821739130434786,0,0.0,0.0,0.0
d3075355460ac6d659fda6136cc4c574b6a1c9e2adaec7de75fb17f4ad7203ab,16,2024-03-01 15:28:53,2024-03-01 15:39:29,116,0.6810344827586207,33.28448275862069,70.0,0.7222222222222223,0.4953703703703704,1.7833333333333334,0,0,0,5.556388888888889,10.6,True,0.0,33.28448275862069,48.87341772151899,0,0.0,0.0,0.0
d3075355460ac6d659fda6136cc4c574b6a1c9e2adaec7de75fb17f4ad7203ab,17,2024-03-01 16:57:44,2024-03-01 17:00:08,28,0.7142857142857143,10.964285714285714,25.0,0.38888888888888895,0.3499999999999998,1.2599999999999993,0,0,0,0.45833333333333337,2.4,True,0.0,10.964285714285714,15.35,0,0.0,0.0,0.0
d3075355460ac6d659fda6136cc4c574b6a1c9e2adaec7de75fb17f4ad7203ab,18,2024-03-01 17:05:32,2024-03-01 17:15:22,105,0.9904761904761905,40.84285714285714,61.8,0.8370370370370362,0.5814814814814812,2.0933333333333324,0,0,0,6.231111111111112,9.833333333333334,True,0.0,40.84285714285714,41.23557692307692,0,0.0,0.0,0.0
d3075355460ac6d659fda6136cc4c574b6a1c9e2adaec7de75fb17f4ad7203ab,19,2024-03-01 17:43:20,2024-03-01 17:43:41,6,0.3333333333333333,2.5,10.75,0.5972222222222222,0.034722222222222224,0.125,0,0,0,0.020833333333333332,0.35,True,0.0,2.5,7.5,0,0.0,0.0,0.0
d3075355460ac6d659fda6136cc4c574b6a1c9e2adaec7de75fb17f4ad7203ab,20,2024-03-01 17:49:01,2024-03-01 17:56:58,89,0.9887640449438202,50.37078651685393,62.0,0.7444444444444434,0.6444444444444442,2.319999999999999,0,0,0,6.438055555555555,7.95,True,0.0,50.37078651685393,50.94318181818182,0,0.0,0.0,0.0
d3075355460ac6d659fda6136cc4c574b6a1c9e2adaec7de75fb17f4ad7203ab,21,2024-03-01 18:07:05,2024-03-01 18:08:06,9,0.4444444444444444,9.666666666666666,25.799999999999997,1.0370370370370368,0.1285714285714285,0.4628571428571426,0,0,0,0.10083333333333333,1.0166666666666666,True,0.0,9.666666666666666,21.75,0,0.0,0.0,0.0
d32a4217d70efbe55de3fdd19700b7a94b151095c4e670f1e8e1f2a04ee54bc9,1,2024-03-01 08:33:17,2024-03-01 08:51:41,172,0.8313953488372093,34.145348837209305,74.44999999999999,0.7819444444444443,0.9087962962962954,3.271666666666664,0,0,0,10.20611111111111,18.4,True,0.0,34.145348837209305,41.06993006993007,0,0.0,0.0,0.0
d32a4217d70efbe55de3fdd19700b7a94b151095c4e670f1e8e1f2a04ee54bc9,2,2024-03-01 09:04:45,2024-03-01 09:11:34,55,0.8909090909090909,42.72727272727273,68.6,0.5027777777777778,0.7555555555555552,2.719999999999999,0,0,0,4.386388888888889,6.816666666666666,True,0.0,42.72727272727273,47.95918367346939,0,0.0,0.0,0.0
d32a4217d70efbe55de3fdd19700b7a94b151095c4e670f1e8e1f2a04ee54bc9,3,2024-03-01 09:29:02,2024-03-01 09:45:33,138,0.8188405797101449,38.630434782608695,75.0,0.7791666666666668,0.690740740740741,2.4866666666666677,0,0,0,8.318055555555555,16.516666666666666,True,0.0,38.630434782608695,47.176991150442475,0,0.0,0.0,0.0
d32a4217d70efbe55de3fdd19700b7a94b151095c4e670f1e8e1f2a04ee54bc9,4,2024-03-01 09:56:57,2024-03-01 10:28:11,272,0.9595588235294118,65.06985294117646,87.0,0.5763888888888873,0.5805555555555549,2.0899999999999976,0,0,0,35.1525,31.233333333333334,True,0.0,65.06985294117646,67.81226053639847,0,0.0,0.0,0.0
d32a4217d70efbe55de3fdd19700b7a94b151095c4e670f1e8e1f2a04ee54bc9,5,2024-03-01 11:38:02,2024-03-01 11:43:59,25,0.88,20.6,49.999999999999986,0.27777777777777757,0.32592592592592584,1.173333333333333,0,0,0,2.0436111111111113,5.95,True,0.0,20.6,23.40909090909091,0,0.0,0.0,0.0
d32a4217d70efbe55de3fdd19700b7a94b151095c4e670f1e8e1f2a04ee54bc9,6,2024-03-01 14:42:39,2024-03-01 14:45:05,18,0.6666666666666666,8.277777777777779,22.299999999999997,0.644444444444444,0.6532407407407401,2.351666666666665,0,0,0,0.2172222222222222,2.433333333333333,True,0.0,8.277777777777779,12.416666666666666,0,0.0,0.0,0.0
d32a4217d70efbe55de3fdd19700b7a94b151095c4e670f1e8e1f2a04ee54bc9,7,2024-03-01 15:03:50,2024-03-01 15:18:53,171,0.9473684210526315,58.333333333333336,83.0,0.7500000000000002,0.5046296296296295,1.8166666666666667,0,0,0,14.731666666666667,15.05,True,0.0,58.333333333333336,61.574074074074076,0,0.0,0.0,0.0
d32a4217d70efbe55de3fdd19700b7a94b151095c4e670f1e8e1f2a04ee54bc9,8,2024-03-01 15:25:01,2024-03-01 15:57:58,324,0.8950617283950617,44.08024691358025,85.0,0.5555555555555558,0.6819444444444415,2.45499999999999,0,0,0,26.72083333333333,32.95,True,0.0,44.08024691358025,49.248275862068965,0,0.0,0.0,0.0
d32a4217d70efbe55de3fdd19700b7a94b151095c4e670f1e8e1f2a04ee54bc9,9,2024-03-01 16:33:44,2024-03-01 16:33:44,1,0.0,0.0,0.0,0.0,0.0,0.0,0,0,0,0.0,0.0,False,0.0,0.0,0.0,0,,,
d32a4217d70efbe55de3fdd19700b7a94b151095c4e670f1e8e1f2a04ee54bc9,10,2024-03-01 17:57:19,2024-03-01 18:03:16,58,0.6551724137931034,6.241379310344827,18.299999999999997,0.5152777777777776,0.42083333333333334,1.515,0,0,0,0.5388888888888889,5.95,True,0.0,6.241379310344827,9.526315789473685,0,0.0,0.0,0.0
d3ac37bc6ea17ef65dca4cb06be934a29a8a9bda8554f0334193efcf12a72f47,1,2024-03-01 10:36:25,2024-03-01 10:36:25,1,0.0,0.0,0.0,0.0,0.0,0.0,0,0,0,0.0,0.0,False,0.0,0.0,0.0,0,,,
d3ac37bc6ea17ef65dca4cb06be934a29a8a9bda8554f0334193efcf12a72f47,2,2024-03-01 11:45:32,2024-03-01 11:45:32,1,0.0,0.0,0.0,0.0,0.0,0.0,0,0,0,0.0,0.0,False,0.0,0.0,0.0,0,,,
d3ac37bc6ea17ef65dca4cb06be934a29a8a9bda8554f0334193efcf12a72f47,3,2024-03-01 12:02:06,2024-03-01 12:13:28,137,0.7664233576642335,17.204379562043794,48.39999999999998,0.7222222222222221,0.7222222222222221,2.6,0,0,0,3.3125,11.366666666666667,True,0.0,17.204379562043794,22.447619047619046,0,0.0,0.0,0.0
d3ac37bc6ea17ef65dca4cb06be934a29a8a9bda8554f0334193efcf12a72f47,4,2024-03-01 13:14:15,2024-03-01 13:14:15,1,0.0,0.0,0.0,0.0,0.0,0.0,0,0,0,0.0,0.0,False,0.0,0.0,0.0,0,,,
d3ac37bc6ea17ef65dca4cb06be934a29a8a9bda8554f0334193efcf12a72f47,5,2024-03-01 18:25:00,2024-03-01 18:30:00,57,0.7543859649122807,17.05263157894737,33.39999999999999,0.5555555555555555,0.5277777777777773,1.8999999999999986,0,0,0,1.4530555555555558,5.0,True,0.0,17.05263157894737,22.6046511627907,0,0.0,0.0,0.0
d4517105f455c37da404bfb0f8029ea029c09d623b2d243b45675692ece885db,1,2024-03-01 01:32:04,2024-03-01 01:32:04,1,1.0,1.0,1.0,0.0,0.0,0.0,0,0,0,0.0,0.0,False,1.0,1.0,1.0,0,,,
d4517105f455c37da404bfb0f8029ea029c09d623b2d243b45675692ece885db,2,2024-03-01 11:02:45,2024-03-01 11:02:45,1,0.0,0.0,0.0,0.0,0.0,0.0,0,0,0,0.0,0.0,False,0.0,0.0,0.0,0,,,
d4517105f455c37da404bfb0f8029ea029c09d623b2d243b45675692ece885db,3,2024-03-01 11:15:05,2024-03-01 11:42:07,271,0.8191881918819188,36.59409594095941,87.5,0.8611111111111113,1.0,3.6,0,0,0,14.068333333333333,27.033333333333335,True,0.0,36.59409594095941,44.671171171171174,0,0.0,0.0,0.0
d4517105f455c37da404bfb0f8029ea029c09d623b2d243b45675692ece885db,4,2024-03-01 11:56:31,2024-03-01 12:08:36,137,0.9635036496350365,39.43065693430657,85.0,0.7222222222222221,0.9444444444444443,3.4,0,0,0,7.878888888888889,12.083333333333334,True,0.0,39.43065693430657,40.92424242424242,0,0.0,0.0,0.0
d4517105f455c37da404bfb0f8029ea029c09d623b2d243b45675692ece885db,5,2024-03-01 12:20:11,2024-03-01 12:28:50,100,0.86,32.2,64.1,1.1150793650793647,1.3092592592592585,4.713333333333331,0,0,0,4.345555555555555,8.65,True,0.0,32.2,37.44186046511628,0,0.0,0.0,0.0
d4517105f455c37da404bfb0f8029ea029c09d623b2d243b45675692ece885db,6,2024-03-01 12:45:47,2024-03-01 12:49:28,44,0.9545454545454546,32.38636363636363,61.0,0.8333333333333334,0.7694444444444446,2.77,0,0,0,2.0591666666666666,3.683333333333333,True,0.0,32.38636363636363,33.92857142857143,0,0.0,0.0,0.0
d4517105f455c37da404bfb0f8029ea029c09d623b2d243b45675692ece885db,7,2024-03-01 14:03:39,2024-03-01 14:03:39,1,0.0,0.0,0.0,0.0,0.0,0.0,0,0,0,0.0,0.0,False,0.0,0.0,0.0,0,,,
d4517105f455c37da404bfb0f8029ea029c09d623b2d243b45675692ece885db,8,2024-03-01 15:39:56,2024-03-01 15:39:56,1,0.0,0.0,0.0,0.0,0.0,0.0,0,0,0,0.0,0.0,False,0.0,0.0,0.0,0,,,
d4517105f455c37da404bfb0f8029ea029c09d623b2d243b45675692ece885db,9,2024-03-01 16:20:08,2024-03-01 16:20:08,1,1.0,1.0,1.0,0.0,0.0,0.0,0,0,0,0.0,0.0,False,0.0,1.0,1.0,0,,,
d4517105f455c37da404bfb0f8029ea029c09d623b2d243b45675692ece885db,10,2024-03-01 16:36:38,2024-03-01 16:47:19,125,0.576,20.976,68.0,0.7111111111111112,0.7222222222222221,2.6,0,0,0,3.758611111111111,10.683333333333334,True,0.0,20.976,36.416666666666664,0,0.0,0.0,0.0
d4517105f455c37da404bfb0f8029ea029c09d623b2d243b45675692ece885db,11,2024-03-01 17:47:13,2024-03-01 17:47:13,1,0.0,0.0,0.0,0.0,0.0,0.0,0,0,0,0.0,0.0,False,0.0,0.0,0.0,0,,,
d5753053994834b215378893ffbe5f3bfa0a604621e89eafb9d6b7195f69717c,1,2024-03-01 01:02:24,2024-03-01 01:02:24,1,1.0,3.0,3.0,0.0,0.0,0.0,0,0,0,0.0,0.0,False,1.0,3.0,3.0,0,,,
d5753053994834b215378893ffbe5f3bfa0a604621e89eafb9d6b7195f69717c,2,2024-03-01 04:29:55,2024-03-01 04:29:55,1,0.0,0.0,0.0,0.0,0.0,0.0,0,0,0,0.0,0.0,False,1.0,0.0,0.0,0,,,
d5753053994834b215378893ffbe5f3bfa0a604621e89eafb9d6b7195f69717c,3,2024-03-01 05:41:27,2024-03-01 06:15:30,358,0.9608938547486033,80.0195530726257,120.0,0.4444444444444443,0.611111111111111,2.2,0,0,0,44.57416666666666,34.05,True,0.505586592178771,80.0195530726257,83.27616279069767,0,0.0,0.0,0.0
d5a6caadbb957084f8ba7cb041c2b4d0e67637919cbb61307385a4e6a196f777,1,2024-03-01 05:53:38,2024-03-01 05:53:38,1,0.0,0.0,0.0,0.0,0.0,0.0,0,0,0,0.0,0.0,False,1.0,0.0,0.0,0,,,
d6aecfd3b8e8d1c59cf3fad68c61722a802810fbe869eaa964ef4808d163e27b,1,2024-03-01 07:16:06,2024-03-01 07:18:21,2,0.0,0.0,0.0,0.0,0.0,0.0,0,0,0,0.0,2.25,False,0.0,0.0,0.0,0,,,
d6aecfd3b8e8d1c59cf3fad68c61722a802810fbe869eaa964ef4808d163e27b,2,2024-03-01 07:37:13,2024-03-01 07:43:09,73,0.7534246575342466,17.904109589041095,40.39999999999999,1.0277777777777763,1.1481481481481473,4.13333333333333,0,0,0,1.7983333333333333,5.933333333333334,True,0.0,17.904109589041095,23.763636363636362,0,0.0,0.0,0.0
d6aecfd3b8e8d1c59cf3fad68c61722a802810fbe869eaa964ef4808d163e27b,3,2024-03-01 08:43:06,2024-03-01 08:43:06,1,0.0,0.0,0.0,0.0,0.0,0.0,0,0,0,0.0,0.0,False,0.0,0.0,0.0,0,,,
d6aecfd3b8e8d1c59cf3fad68c61722a802810fbe869eaa964ef4808d163e27b,4,2024-03-01 09:44:39,2024-03-01 09:44:39,1,0.0,0.0,0.0,0.0,0.0,0.0,0,0,0,0.0,0.0,False,0.0,0.0,0.0,0,,,
d6aecfd3b8e8d1c59cf3fad68c61722a802810fbe869eaa964ef4808d163e27b,5,2024-03-01 10:50:29,2024-03-01 10:50:29,1,1.0,1.0,1.0,0.0,0.0,0.0,0,0,0,0.0,0.0,False,0.0,1.0,1.0,0,,,
d6aecfd3b8e8d1c59cf3fad68c61722a802810fbe869eaa964ef4808d163e27b,6,2024-03-01 11:57:05,2024-03-01 12:05:05,26,0.7307692307692307,4.153846153846154,11.0,0.3194444444444444,0.3310185185185185,1.1916666666666667,0,0,0,1.0161111111111112,8.0,True,0.0,4.153846153846154,5.684210526315789,0,0.0,0.0,0.0
d6aecfd3b8e8d1c59cf3fad68c61722a802810fbe869eaa964ef4808d163e27b,7,2024-03-01 12:44:12,2024-03-01 12:51:18,84,0.8095238095238095,15.166666666666666,37.0,0.760648148148147,0.8805555555555553,3.169999999999999,0,0,0,1.8047222222222221,7.1,True,0.0,15.166666666666666,18.735294117647058,0,0.0,0.0,0.0
d6aecfd3b8e8d1c59cf3fad68c61722a802810fbe869eaa964ef4808d163e27b,8,2024-03-01 13:51:15,2024-03-01 13:51:15,1,0.0,0.0,0.0,0.0,0.0,0.0,0,0,0,0.0,0.0,False,0.0,0.0,0.0,0,,,
d6aecfd3b8e8d1c59cf3fad68c61722a802810fbe869eaa964ef4808d163e27b,9,2024-03-01 15:58:12,2024-03-01 15:58:12,1,0.0,0.0,0.0,0.0,0.0,0.0,0,0,0,0.0,0.0,False,0.0,0.0,0.0,0,,,
d6aecfd3b8e8d1c59cf3fad68c61722a802810fbe869eaa964ef4808d163e27b,10,2024-03-01 17:04:38,2024-03-01 17:08:13,21,0.8095238095238095,19.761904761904763,66.0,1.0,0.9444444444444446,3.4,0,0,0,0.515,3.5833333333333335,True,0.0,19.761904761904763,24.41176470588235,0,0.0,0.0,0.0
d6aecfd3b8e8d1c59cf3fad68c61722a802810fbe869eaa964ef4808d163e27b,11,2024-03-01 18:13:52,2024-03-01 18:13:52,1,0.0,0.0,0.0,0.0,0.0,0.0,0,0,0,0.0,0.0,False,0.0,0.0,0.0,0,,,
d71b486e1c7b1b96f09fb1aabdcefc98b600c6df2776dbb5bec66d88fdea35d7,1,2024-03-01 07:24:50,2024-03-01 07:24:50,1,0.0,0.0,0.0,0.0,0.0,0.0,0,0,0,0.0,0.0,False,0.0,0.0,0.0,0,,,
d71b486e1c7b1b96f09fb1aabdcefc98b600c6df2776dbb5bec66d88fdea35d7,2,2024-03-01 08:37:58,2024-03-01 08:37:58,1,1.0,1.0,1.0,0.0,0.0,0.0,0,0,0,0.0,0.0,False,0.0,1.0,1.0,0,,,
d71b486e1c7b1b96f09fb1aabdcefc98b600c6df2776dbb5bec66d88fdea35d7,3,2024-03-01 15:55:39,2024-03-01 15:55:39,1,0.0,0.0,0.0,0.0,0.0,0.0,0,0,0,0.0,0.0,False,0.0,0.0,0.0,0,,,
d82dd2a8af93ad6779224836999099c473b2649b0180dd0a26c0b13eeebb17a6,1,2024-03-01 01:05:17,2024-03-01 01:05:17,1,1.0,1.0,1.0,0.0,0.0,0.0,0,0,0,0.0,0.0,False,1.0,1.0,1.0,0,,,
d82dd2a8af93ad6779224836999099c473b2649b0180dd0a26c0b13eeebb17a6,2,2024-03-01 08:52:37,2024-03-01 08:52:37,1,1.0,1.0,1.0,0.0,0.0,0.0,0,0,0,0.0,0.0,False,0.0,1.0,1.0,0,,,
d82dd2a8af93ad6779224836999099c473b2649b0180dd0a26c0b13eeebb17a6,3,2024-03-01 09:59:26,2024-03-01 09:59:26,1,0.0,0.0,0.0,0.0,0.0,0.0,0,0,0,0.0,0.0,False,0.0,0.0,0.0,0,,,
d82dd2a8af93ad6779224836999099c473b2649b0180dd0a26c0b13eeebb17a6,4,2024-03-01 12:12:55,2024-03-01 12:12:55,1,0.0,0.0,0.0,0.0,0.0,0.0,0,0,0,0.0,0.0,False,0.0,0.0,0.0,0,,,
d82dd2a8af93ad6779224836999099c473b2649b0180dd0a26c0b13eeebb17a6,5,2024-03-01 14:26:12,2024-03-01 14:26:12,1,0.0,0.0,0.0,0.0,0.0,0.0,0,0,0,0.0,0.0,False,0.0,0.0,0.0,0,,,
d82dd2a8af93ad6779224836999099c473b2649b0180dd0a26c0b13eeebb17a6,6,2024-03-01 15:32:43,2024-03-01 15:32:43,1,0.0,0.0,0.0,0.0,0.0,0.0,0,0,0,0.0,0.0,False,0.0,0.0,0.0,0,,,
d873ccf281bf7a14f96ba21cd679c69fc626642f312f9ae51af878e90fe0288c,1,2024-03-01 01:48:04,2024-03-01 01:48:04,1,0.0,0.0,0.0,0.0,0.0,0.0,0,0,0,0.0,0.0,False,1.0,0.0,0.0,0,,,
d873ccf281bf7a14f96ba21cd679c69fc626642f312f9ae51af878e90fe0288c,2,2024-03-01 04:07:23,2024-03-01 04:07:23,1,0.0,0.0,0.0,0.0,0.0,0.0,0,0,0,0.0,0.0,False,1.0,0.0,0.0,0,,,
d873ccf281bf7a14f96ba21cd679c69fc626642f312f9ae51af878e90fe0288c,3,2024-03-01 06:26:42,2024-03-01 06:26:42,1,0.0,0.0,0.0,0.0,0.0,0.0,0,0,0,0.0,0.0,False,0.0,0.0,0.0,0,,,
d873ccf281bf7a14f96ba21cd679c69fc626642f312f9ae51af878e90fe0288c,4,2024-03-01 15:43:04,2024-03-01 15:43:04,1,1.0,1.0,1.0,0.0,0.0,0.0,0,0,0,0.0,0.0,False,0.0,1.0,1.0,0,,,
d8887907ce74650383f78d413faff10cf7f4d972e2e0c754131e69ca883bbd8c,1,2024-03-01 00:35:48,2024-03-01 00:35:48,1,1.0,1.0,1.0,0.0,0.0,0.0,0,0,0,0.0,0.0,False,1.0,1.0,1.0,0,,,
d8887907ce74650383f78d413faff10cf7f4d972e2e0c754131e69ca883bbd8c,2,2024-03-01 08:29:32,2024-03-01 08:29:32,1,0.0,0.0,0.0,0.0,0.0,0.0,0,0,0,0.0,0.0,False,0.0,0.0,0.0,0,,,
d8887907ce74650383f78d413faff10cf7f4d972e2e0c754131e69ca883bbd8c,3,2024-03-01 09:26:22,2024-03-01 09:43:26,199,0.9597989949748744,35.91959798994975,64.0,0.611111111111111,0.8333333333333333,3.0,0,0,0,10.310833333333331,17.066666666666666,True,0.0,35.91959798994975,37.424083769633505,0,0.0,0.0,0.0
d8887907ce74650383f78d413faff10cf7f4d972e2e0c754131e69ca883bbd8c,4,2024-03-01 10:45:22,2024-03-01 10:45:22,1,0.0,0.0,0.0,0.0,0.0,0.0,0,0,0,0.0,0.0,False,0.0,0.0,0.0,0,,,
d8887907ce74650383f78d413faff10cf7f4d972e2e0c754131e69ca883bbd8c,5,2024-03-01 12:53:18,2024-03-01 12:53:18,1,0.0,0.0,0.0,0.0,0.0,0.0,0,0,0,0.0,0.0,False,0.0,0.0,0.0,0,,,
d8887907ce74650383f78d413faff10cf7f4d972e2e0c754131e69ca883bbd8c,6,2024-03-01 14:00:28,2024-03-01 14:00:28,1,0.0,0.0,0.0,0.0,0.0,0.0,0,0,0,0.0,0.0,False,0.0,0.0,0.0,0,,,
d8887907ce74650383f78d413faff10cf7f4d972e2e0c754131e69ca883bbd8c,7,2024-03-01 15:07:38,2024-03-01 15:07:38,1,0.0,0.0,0.0,0.0,0.0,0.0,0,0,0,0.0,0.0,False,0.0,0.0,0.0,0,,,
d8887907ce74650383f78d413faff10cf7f4d972e2e0c754131e69ca883bbd8c,8,2024-03-01 16:14:47,2024-03-01 16:17:03,2,0.0,0.0,0.0,0.0,0.0,0.0,0,0,0,0.0,2.2666666666666666,False,0.0,0.0,0.0,0,,,
d8887907ce74650383f78d413faff10cf7f4d972e2e0c754131e69ca883bbd8c,9,2024-03-01 16:38:25,2024-03-01 16:59:09,234,0.9230769230769231,24.52991452991453,57.0,0.611111111111111,0.7041666666666664,2.5349999999999993,0,0,0,8.516666666666667,20.733333333333334,True,0.0,24.52991452991453,26.574074074074073,0,0.0,0.0,0.0
d8887907ce74650383f78d413faff10cf7f4d972e2e0c754131e69ca883bbd8c,10,2024-03-01 18:27:01,2024-03-01 18:27:40,2,0.0,0.0,0.0,0.0,0.0,0.0,0,0,0,0.0,0.65,False,0.0,0.0,0.0,0,,,
d9141df98baf5f238cd6e73687b8df92a602c1e354c623e33efd774d84fddc9e,1,2024-03-01 00:00:03,2024-03-01 12:38:46,8427,0.00533997864008544,0.1414501008662632,0.0,0.0,-0.0,-0.0,0,0,0,1.755555555555555,758.7166666666667,False,0.4769194256556307,0.1414501008662632,26.488888888888887,0,0.0,0.0,0.0
d9141df98baf5f238cd6e73687b8df92a602c1e354c623e33efd774d84fddc9e,2,2024-03-01 13:22:58,2024-03-01 16:38:21,2140,0.02663551401869159,0.5700934579439252,0.0,0.0,0.0,0.0,0,0,0,1.6552777777777776,195.38333333333333,False,0.0,0.5700934579439252,21.403508771929825,0,0.0,0.0,0.0
d9141df98baf5f238cd6e73687b8df92a602c1e354c623e33efd774d84fddc9e,3,2024-03-01 17:11:01,2024-03-01 17:18:28,70,0.0,0.0,0.0,0.0,-0.0,-0.0,0,0,0,0.0,7.45,False,0.0,0.0,0.0,0,,,
d9141df98baf5f238cd6e73687b8df92a602c1e354c623e33efd774d84fddc9e,4,2024-03-01 18:16:48,2024-03-01 18:29:59,147,0.0,0.0,0.0,0.0,-0.0,-0.0,0,0,0,0.0,13.183333333333334,False,0.0,0.0,0.0,0,,,
d9375e2510dbb11dfad251ed5c076e415c08191b9ce173679cd55cb1460aa515,1,2024-03-01 00:19:09,2024-03-01 00:19:09,1,1.0,18.0,18.0,0.0,0.0,0.0,0,0,0,0.0,0.0,False,1.0,18.0,18.0,0,,,
d9375e2510dbb11dfad251ed5c076e415c08191b9ce173679cd55cb1460aa515,2,2024-03-01 06:22:12,2024-03-01 06:22:12,1,1.0,1.0,1.0,0.0,0.0,0.0,0,0,0,0.0,0.0,False,0.0,1.0,1.0,0,,,
d9375e2510dbb11dfad251ed5c076e415c08191b9ce173679cd55cb1460aa515,3,2024-03-01 11:13:15,2024-03-01 11:13:15,1,1.0,1.0,1.0,0.0,0.0,0.0,0,0,0,0.0,0.0,False,0.0,1.0,1.0,0,,,
d9375e2510dbb11dfad251ed5c076e415c08191b9ce173679cd55cb1460aa515,4,2024-03-01 16:02:31,2024-03-01 16:02:31,1,0.0,0.0,0.0,0.0,0.0,0.0,0,0,0,0.0,0.0,False,0.0,0.0,0.0,0,,,
d9375e2510dbb11dfad251ed5c076e415c08191b9ce173679cd55cb1460aa515,5,2024-03-01 18:26:32,2024-03-01 18:26:32,1,0.0,0.0,0.0,0.0,0.0,0.0,0,0,0,0.0,0.0,False,0.0,0.0,0.0,0,,,
d974f6d5182b3ea5117cb15f505114f7f4384ea9cfce10b991e0c5946ab4a9c8,1,2024-03-01 01:56:28,2024-03-01 01:56:28,1,1.0,3.0,3.0,0.0,0.0,0.0,0,0,0,0.0,0.0,False,1.0,3.0,3.0,0,,,
d974f6d5182b3ea5117cb15f505114f7f4384ea9cfce10b991e0c5946ab4a9c8,2,2024-03-01 08:40:02,2024-03-01 08:40:02,1,0.0,0.0,0.0,0.0,0.0,0.0,0,0,0,0.0,0.0,False,0.0,0.0,0.0,0,,,
d974f6d5182b3ea5117cb15f505114f7f4384ea9cfce10b991e0c5946ab4a9c8,3,2024-03-01 14:16:19,2024-03-01 14:16:19,1,0.0,0.0,0.0,0.0,0.0,0.0,0,0,0,0.0,0.0,False,0.0,0.0,0.0,0,,,
da2b2801830cb703c3e31c73c49cf925d249dca27d7c22c7f37374675a866d77,1,2024-03-01 09:11:07,2024-03-01 09:46:59,278,0.935251798561151,35.33812949640288,75.29999999999995,0.7222222222222221,0.8472222222222203,3.0499999999999923,0,0,0,17.039166666666667,35.86666666666667,True,0.0,35.33812949640288,37.784615384615385,0,0.0,0.0,0.0
da2b2801830cb703c3e31c73c49cf925d249dca27d7c22c7f37374675a866d77,2,2024-03-01 09:57:19,2024-03-01 10:08:16,117,0.9145299145299145,30.905982905982906,57.0,0.8555555555555547,0.9296296296296295,3.346666666666666,0,0,0,5.086666666666667,10.95,True,0.0,30.905982905982906,33.794392523364486,0,0.0,0.0,0.0
da2b2801830cb703c3e31c73c49cf925d249dca27d7c22c7f37374675a866d77,3,2024-03-01 15:40:02,2024-03-01 16:26:17,481,0.8648648648648649,29.11018711018711,66.0,0.8333333333333333,0.9444444444444443,3.4,0,0,0,23.02361111111111,46.25,True,0.0,29.11018711018711,33.65865384615385,0,0.0,0.0,0.0
daf226f67f27161a2faa59ac5603e07e58f6e497dcf9c639e2c8aa8ea9b6f940,1,2024-03-01 01:05:30,2024-03-01 01:05:30,1,0.0,0.0,0.0,0.0,0.0,0.0,0,0,0,0.0,0.0,False,1.0,0.0,0.0,0,,,
daf226f67f27161a2faa59ac5603e07e58f6e497dcf9c639e2c8aa8ea9b6f940,2,2024-03-01 03:44:47,2024-03-01 03:44:47,1,0.0,0.0,0.0,0.0,0.0,0.0,0,0,0,0.0,0.0,False,1.0,0.0,0.0,0,,,
daf226f67f27161a2faa59ac5603e07e58f6e497dcf9c639e2c8aa8ea9b6f940,3,2024-03-01 06:24:27,2024-03-01 06:24:27,1,0.0,0.0,0.0,0.0,0.0,0.0,0,0,0,0.0,0.0,False,0.0,0.0,0.0,0,,,
daf226f67f27161a2faa59ac5603e07e58f6e497dcf9c639e2c8aa8ea9b6f940,4,2024-03-01 07:44:24,2024-03-01 07:44:24,1,1.0,1.0,1.0,0.0,0.0,0.0,0,0,0,0.0,0.0,False,0.0,1.0,1.0,0,,,
daf226f67f27161a2faa59ac5603e07e58f6e497dcf9c639e2c8aa8ea9b6f940,5,2024-03-01 09:04:21,2024-03-01 09:04:21,1,0.0,0.0,0.0,0.0,0.0,0.0,0,0,0,0.0,0.0,False,0.0,0.0,0.0,0,,,
daf226f67f27161a2faa59ac5603e07e58f6e497dcf9c639e2c8aa8ea9b6f940,6,2024-03-01 10:24:12,2024-03-01 10:24:12,1,0.0,0.0,0.0,0.0,0.0,0.0,0,0,0,0.0,0.0,False,0.0,0.0,0.0,0,,,
daf226f67f27161a2faa59ac5603e07e58f6e497dcf9c639e2c8aa8ea9b6f940,7,2024-03-01 12:59:03,2024-03-01 12:59:45,9,1.0,24.22222222222222,31.0,0.5074074074074072,0.6777777777777776,2.4399999999999995,0,0,0,0.28888888888888886,0.7,True,0.0,24.22222222222222,24.22222222222222,0,0.0,0.0,0.0
daf226f67f27161a2faa59ac5603e07e58f6e497dcf9c639e2c8aa8ea9b6f940,8,2024-03-01 14:00:56,2024-03-01 14:00:56,1,0.0,0.0,0.0,0.0,0.0,0.0,0,0,0,0.0,0.0,False,0.0,0.0,0.0,0,,,
daf226f67f27161a2faa59ac5603e07e58f6e497dcf9c639e2c8aa8ea9b6f940,9,2024-03-01 16:15:29,2024-03-01 16:18:15,32,0.875,15.25,35.05,0.5805555555555555,0.6791666666666666,2.445,0,0,0,0.7105555555555556,2.7666666666666666,True,0.0,15.25,17.428571428571427,0,0.0,0.0,0.0
daf226f67f27161a2faa59ac5603e07e58f6e497dcf9c639e2c8aa8ea9b6f940,10,2024-03-01 16:25:02,2024-03-01 16:26:43,20,0.6,6.75,24.05,0.9444444444444443,0.513888888888889,1.85,0,0,0,0.19666666666666666,1.6833333333333333,True,0.0,6.75,11.25,0,0.0,0.0,0.0
daf226f67f27161a2faa59ac5603e07e58f6e497dcf9c639e2c8aa8ea9b6f940,11,2024-03-01 16:32:40,2024-03-01 16:35:04,30,0.8333333333333334,12.766666666666667,30.099999999999994,0.4805555555555551,0.7999999999999987,2.8799999999999955,0,0,0,0.5425,2.4,True,0.0,12.766666666666667,15.32,0,0.0,0.0,0.0
daf226f67f27161a2faa59ac5603e07e58f6e497dcf9c639e2c8aa8ea9b6f940,12,2024-03-01 17:35:03,2024-03-01 17:35:03,1,0.0,0.0,0.0,0.0,0.0,0.0,0,0,0,0.0,0.0,False,0.0,0.0,0.0,0,,,
dba9a242fd4b58fb00fa1342566f888372f85cb730c5d5683fd4067c68f84945,1,2024-03-01 00:57:49,2024-03-01 00:57:49,1,0.0,0.0,0.0,0.0,0.0,0.0,0,0,0,0.0,0.0,False,1.0,0.0,0.0,0,,,
dba9a242fd4b58fb00fa1342566f888372f85cb730c5d5683fd4067c68f84945,2,2024-03-01 02:10:21,2024-03-01 02:10:21,1,0.0,0.0,0.0,0.0,0.0,0.0,0,0,0,0.0,0.0,False,1.0,0.0,0.0,0,,,
dba9a242fd4b58fb00fa1342566f888372f85cb730c5d5683fd4067c68f84945,3,2024-03-01 06:47:24,2024-03-01 06:47:24,1,1.0,1.0,1.0,0.0,0.0,0.0,0,0,0,0.0,0.0,False,0.0,1.0,1.0,0,,,
dba9a242fd4b58fb00fa1342566f888372f85cb730c5d5683fd4067c68f84945,4,2024-03-01 07:13:31,2024-03-01 07:41:01,968,0.881198347107438,23.459538567493112,51.21666666666666,1.0185185185185186,1.1111111111111112,4.0,1,0,0,11.04587962962963,27.5,True,0.0,23.459538567493112,26.622313403673314,0,0.0,0.09053149532044377,0.0
dba9a242fd4b58fb00fa1342566f888372f85cb730c5d5683fd4067c68f84945,5,2024-03-01 08:06:43,2024-03-01 08:06:43,1,0.0,0.0,0.0,0.0,0.0,0.0,0,0,0,0.0,0.0,False,0.0,0.0,0.0,0,,,
dba9a242fd4b58fb00fa1342566f888372f85cb730c5d5683fd4067c68f84945,6,2024-03-01 09:07:01,2024-03-01 09:07:01,1,0.0,0.0,0.0,0.0,0.0,0.0,0,0,0,0.0,0.0,False,0.0,0.0,0.0,0,,,
dba9a242fd4b58fb00fa1342566f888372f85cb730c5d5683fd4067c68f84945,7,2024-03-01 09:44:31,2024-03-01 09:44:31,1,0.0,0.0,0.0,0.0,0.0,0.0,0,0,0,0.0,0.0,False,0.0,0.0,0.0,0,,,
dba9a242fd4b58fb00fa1342566f888372f85cb730c5d5683fd4067c68f84945,8,2024-03-01 12:56:01,2024-03-01 13:18:36,527,0.7419354838709677,14.677177176607916,50.0,0.8333333333333334,1.1111111111111114,4.0,1,1,0,3.9078005682589008,22.583333333333332,True,0.0,14.677177176607916,19.782282281515016,0,0.2558984222794012,0.2558984222794012,0.0
dba9a242fd4b58fb00fa1342566f888372f85cb730c5d5683fd4067c68f84945,9,2024-03-01 13:24:06,2024-03-01 13:50:22,832,0.6322115384615384,15.90655048076923,53.666666666666664,1.1111111111111107,1.1111111111111112,4.0,2,2,0,4.8726620370370375,26.266666666666666,True,0.0,15.90655048076923,25.160171102661597,0,0.4104532563100062,0.4104532563100062,0.0
dba9a242fd4b58fb00fa1342566f888372f85cb730c5d5683fd4067c68f84945,10,2024-03-01 17:45:49,2024-03-01 18:06:22,324,0.4506172839506173,11.284471135860025,56.13333333333329,0.9175505050505032,0.5555555555555554,2.0,2,0,0,1.5989498186998186,20.55,True,0.0,11.284471135860025,25.042251013826355,0,0.0,1.2508209930104588,0.0
dba9a242fd4b58fb00fa1342566f888372f85cb730c5d5683fd4067c68f84945,11,2024-03-01 18:16:49,2024-03-01 18:17:32,34,0.0,0.0,0.0,0.0,0.0,0.0,0,0,0,0.0,0.7166666666666667,False,0.0,0.0,0.0,0,,,
dba9a242fd4b58fb00fa1342566f888372f85cb730c5d5683fd4067c68f84945,12,2024-03-01 18:26:01,2024-03-01 18:27:27,82,0.5853658536585366,6.460365853658536,20.0,1.1111111111111112,0.9212962962962966,3.316666666666668,0,0,0,0.14715277777777777,1.4333333333333333,True,0.0,6.460365853658536,11.036458333333334,0,0.0,0.0,0.0
dc490c5546a18d46a50711050b7ddda6a6103d6a57c1277c6ee45dd32b25d13f,1,2024-03-01 07:56:28,2024-03-01 08:06:40,121,0.7355371900826446,18.09090909090909,46.0,0.7222222222222222,0.7407407407407408,2.6666666666666665,0,0,0,3.1627777777777775,10.2,True,0.0,18.09090909090909,24.59550561797753,0,0.0,0.0,0.0
decb76416581962b8680d1275d87528a38d46e516f5dd46698a050b852b5db8f,1,2024-03-01 00:43:28,2024-03-01 00:43:28,1,1.0,1.0,1.0,0.0,0.0,0.0,0,0,0,0.0,0.0,False,1.0,1.0,1.0,0,,,
decb76416581962b8680d1275d87528a38d46e516f5dd46698a050b852b5db8f,2,2024-03-01 02:00:43,2024-03-01 02:00:43,1,0.0,0.0,0.0,0.0,0.0,0.0,0,0,0,0.0,0.0,False,1.0,0.0,0.0,0,,,
decb76416581962b8680d1275d87528a38d46e516f5dd46698a050b852b5db8f,3,2024-03-01 05:49:19,2024-03-01 05:49:19,1,1.0,1.0,1.0,0.0,0.0,0.0,0,0,0,0.0,0.0,False,1.0,1.0,1.0,0,,,
decb76416581962b8680d1275d87528a38d46e516f5dd46698a050b852b5db8f,4,2024-03-01 09:39:06,2024-03-01 09:39:06,1,1.0,3.0,3.0,0.0,0.0,0.0,0,0,0,0.0,0.0,False,0.0,3.0,3.0,0,,,
defdf88a76343b8d78fb3888bd9501a59793c13b30f55b348c66a628ac9dda45,1,2024-03-01 00:08:33,2024-03-01 00:08:33,1,0.0,0.0,0.0,0.0,0.0,0.0,0,0,0,0.0,0.0,False,1.0,0.0,0.0,0,,,
defdf88a76343b8d78fb3888bd9501a59793c13b30f55b348c66a628ac9dda45,2,2024-03-01 02:25:33,2024-03-01 02:25:33,1,0.0,0.0,0.0,0.0,0.0,0.0,0,0,0,0.0,0.0,False,1.0,0.0,0.0,0,,,
defdf88a76343b8d78fb3888bd9501a59793c13b30f55b348c66a628ac9dda45,3,2024-03-01 03:34:06,2024-03-01 03:34:06,1,0.0,0.0,0.0,0.0,0.0,0.0,0,0,0,0.0,0.0,False,1.0,0.0,0.0,0,,,
defdf88a76343b8d78fb3888bd9501a59793c13b30f55b348c66a628ac9dda45,4,2024-03-01 04:42:43,2024-03-01 04:42:43,1,0.0,0.0,0.0,0.0,0.0,0.0,0,0,0,0.0,0.0,False,1.0,0.0,0.0,0,,,
defdf88a76343b8d78fb3888bd9501a59793c13b30f55b348c66a628ac9dda45,5,2024-03-01 05:51:16,2024-03-01 05:51:16,1,0.0,0.0,0.0,0.0,0.0,0.0,0,0,0,0.0,0.0,False,1.0,0.0,0.0,0,,,
defdf88a76343b8d78fb3888bd9501a59793c13b30f55b348c66a628ac9dda45,6,2024-03-01 07:02:11,2024-03-01 07:02:11,1,0.0,0.0,0.0,0.0,0.0,0.0,0,0,0,0.0,0.0,False,0.0,0.0,0.0,0,,,
defdf88a76343b8d78fb3888bd9501a59793c13b30f55b348c66a628ac9dda45,7,2024-03-01 08:02:38,2024-03-01 08:16:02,166,0.7771084337349398,25.042168674698797,55.0,0.8865740740740742,1.3888888888888886,5.0,0,1,0,5.706388888888888,13.4,True,0.0,25.042168674698797,32.224806201550386,0,0.1752421749501047,0.0,0.0
defdf88a76343b8d78fb3888bd9501a59793c13b30f55b348c66a628ac9dda45,8,2024-03-01 08:22:36,2024-03-01 08:31:42,104,0.7403846153846154,27.442307692307693,71.39999999999998,0.6819444444444439,0.8787037037037019,3.163333333333327,0,0,0,4.129722222222222,9.1,True,0.0,27.442307692307693,37.064935064935064,0,0.0,0.0,0.0
defdf88a76343b8d78fb3888bd9501a59793c13b30f55b348c66a628ac9dda45,9,2024-03-01 09:32:11,2024-03-01 09:32:11,1,0.0,0.0,0.0,0.0,0.0,0.0,0,0,0,0.0,0.0,False,0.0,0.0,0.0,0,,,
defdf88a76343b8d78fb3888bd9501a59793c13b30f55b348c66a628ac9dda45,10,2024-03-01 10:28:16,2024-03-01 10:36:52,48,0.9166666666666666,31.833333333333332,64.25,1.1638888888888885,0.6560185185185184,2.3616666666666664,0,0,0,4.771388888888889,8.6,True,0.0,31.833333333333332,34.72727272727273,0,0.0,0.0,0.0
defdf88a76343b8d78fb3888bd9501a59793c13b30f55b348c66a628ac9dda45,11,2024-03-01 11:03:06,2024-03-01 11:12:37,119,0.8907563025210085,23.907563025210084,66.39999999999998,1.486111111111111,1.6888888888888878,6.079999999999996,0,1,0,3.375555555555555,9.516666666666667,True,0.0,23.907563025210084,26.839622641509433,0,0.2962475312705728,0.0,0.0
defdf88a76343b8d78fb3888bd9501a59793c13b30f55b348c66a628ac9dda45,12,2024-03-01 11:35:52,2024-03-01 11:43:53,71,0.971830985915493,36.901408450704224,87.0,1.1111111111111112,1.5625,5.625,0,0,0,5.989722222222222,8.016666666666667,True,0.0,36.901408450704224,37.971014492753625,0,0.0,0.0,0.0
defdf88a76343b8d78fb3888bd9501a59793c13b30f55b348c66a628ac9dda45,13,2024-03-01 12:44:23,2024-03-01 12:44:23,1,0.0,0.0,0.0,0.0,0.0,0.0,0,0,0,0.0,0.0,False,0.0,0.0,0.0,0,,,
defdf88a76343b8d78fb3888bd9501a59793c13b30f55b348c66a628ac9dda45,14,2024-03-01 14:53:16,2024-03-01 14:53:16,1,0.0,0.0,0.0,0.0,0.0,0.0,0,0,0,0.0,0.0,False,0.0,0.0,0.0,0,,,
defdf88a76343b8d78fb3888bd9501a59793c13b30f55b348c66a628ac9dda45,15,2024-03-01 16:01:13,2024-03-01 16:03:28,2,0.0,0.0,0.0,0.0,0.0,0.0,0,0,0,0.0,2.25,False,0.0,0.0,0.0,0,,,
defdf88a76343b8d78fb3888bd9501a59793c13b30f55b348c66a628ac9dda45,16,2024-03-01 16:30:09,2024-03-01 16:39:12,107,0.9345794392523364,70.4392523364486,109.0,0.7999999999999986,0.9916666666666659,3.569999999999999,0,0,0,10.766388888888889,9.05,True,0.0,70.4392523364486,75.37,0,0.0,0.0,0.0
defdf88a76343b8d78fb3888bd9501a59793c13b30f55b348c66a628ac9dda45,17,2024-03-01 16:52:24,2024-03-01 16:52:24,1,0.0,0.0,0.0,0.0,0.0,0.0,0,0,0,0.0,0.0,False,0.0,0.0,0.0,0,,,
defdf88a76343b8d78fb3888bd9501a59793c13b30f55b348c66a628ac9dda45,18,2024-03-01 16:57:32,2024-03-01 17:19:58,272,0.7352941176470589,18.602941176470587,51.0,1.0,1.4097222222222214,5.074999999999998,0,0,0,7.056666666666666,22.433333333333334,True,0.0,18.602941176470587,25.3,0,0.0,0.0,0.0
df6528eff46dd1d91ff51325f87b0467aab3c872feb2b497bb2d7edcb4d27c78,1,2024-03-01 00:00:04,2024-03-01 00:08:23,86,0.627906976744186,29.72093023255814,91.5,0.9305555555555556,0.8819444444444445,3.1750000000000003,0,0,0,3.6425,8.316666666666666,True,1.0,29.72093023255814,47.333333333333336,0,0.0,0.0,0.0
dfb1e99c809a3dd067f536ae20ceb86bf1b8477e186ece1d47c86978ec19d1bc,1,2024-03-01 00:51:27,2024-03-01 00:51:27,1,1.0,7.0,7.0,0.0,0.0,0.0,0,0,0,0.0,0.0,False,1.0,7.0,7.0,0,,,
dfb1e99c809a3dd067f536ae20ceb86bf1b8477e186ece1d47c86978ec19d1bc,2,2024-03-01 04:15:05,2024-03-01 04:15:05,1,0.0,0.0,0.0,0.0,0.0,0.0,0,0,0,0.0,0.0,False,1.0,0.0,0.0,0,,,
dfb1e99c809a3dd067f536ae20ceb86bf1b8477e186ece1d47c86978ec19d1bc,3,2024-03-01 05:23:17,2024-03-01 05:23:17,1,0.0,0.0,0.0,0.0,0.0,0.0,0,0,0,0.0,0.0,False,1.0,0.0,0.0,0,,,
dfb1e99c809a3dd067f536ae20ceb86bf1b8477e186ece1d47c86978ec19d1bc,4,2024-03-01 07:38:44,2024-03-01 07:38:44,1,1.0,9.0,9.0,0.0,0.0,0.0,0,0,0,0.0,0.0,False,0.0,9.0,9.0,0,,,
dfb1e99c809a3dd067f536ae20ceb86bf1b8477e186ece1d47c86978ec19d1bc,5,2024-03-01 08:46:37,2024-03-01 08:46:37,1,0.0,0.0,0.0,0.0,0.0,0.0,0,0,0,0.0,0.0,False,0.0,0.0,0.0,0,,,
dfb1e99c809a3dd067f536ae20ceb86bf1b8477e186ece1d47c86978ec19d1bc,6,2024-03-01 11:03:12,2024-03-01 11:03:12,1,0.0,0.0,0.0,0.0,0.0,0.0,0,0,0,0.0,0.0,False,0.0,0.0,0.0,0,,,
dfb1e99c809a3dd067f536ae20ceb86bf1b8477e186ece1d47c86978ec19d1bc,7,2024-03-01 12:12:30,2024-03-01 12:12:30,1,0.0,0.0,0.0,0.0,0.0,0.0,0,0,0,0.0,0.0,False,0.0,0.0,0.0,0,,,
dfb1e99c809a3dd067f536ae20ceb86bf1b8477e186ece1d47c86978ec19d1bc,8,2024-03-01 12:24:04,2024-03-01 12:28:51,55,0.9090909090909091,22.745454545454546,38.0,0.5,0.6046296296296296,2.1766666666666663,0,0,0,1.796944444444444,4.783333333333333,True,0.0,22.745454545454546,25.02,0,0.0,0.0,0.0
dfb1e99c809a3dd067f536ae20ceb86bf1b8477e186ece1d47c86978ec19d1bc,9,2024-03-01 12:40:10,2024-03-01 13:11:18,252,0.6904761904761905,16.841269841269842,53.0,0.5,0.6060185185185183,2.181666666666666,0,0,0,11.767222222222223,31.133333333333333,True,0.0,16.841269841269842,24.39080459770115,0,0.0,0.0,0.0
dfb1e99c809a3dd067f536ae20ceb86bf1b8477e186ece1d47c86978ec19d1bc,10,2024-03-01 13:17:10,2024-03-01 13:17:10,1,0.0,0.0,0.0,0.0,0.0,0.0,0,0,0,0.0,0.0,False,0.0,0.0,0.0,0,,,
dfb1e99c809a3dd067f536ae20ceb86bf1b8477e186ece1d47c86978ec19d1bc,11,2024-03-01 13:25:45,2024-03-01 14:13:44,479,0.81419624217119,32.1294363256785,66.0,0.611111111111111,0.611111111111111,2.2,0,0,0,22.682777777777773,47.983333333333334,True,0.0,32.1294363256785,39.46153846153846,0,0.0,0.0,0.0
dfb1e99c809a3dd067f536ae20ceb86bf1b8477e186ece1d47c86978ec19d1bc,12,2024-03-01 14:32:42,2024-03-01 15:06:14,277,0.9205776173285198,33.75812274368231,75.0,0.5,0.6111111111111112,2.2,0,0,0,14.561388888888887,33.53333333333333,True,0.0,33.75812274368231,36.67058823529412,0,0.0,0.0,0.0
dfb1e99c809a3dd067f536ae20ceb86bf1b8477e186ece1d47c86978ec19d1bc,13,2024-03-01 15:47:30,2024-03-01 15:51:26,37,0.8648648648648649,19.972972972972972,49.79999999999996,0.8888888888888876,1.0851851851851844,3.906666666666664,0,0,0,0.9511111111111111,3.933333333333333,True,0.0,19.972972972972972,23.09375,0,0.0,0.0,0.0
dfb1e99c809a3dd067f536ae20ceb86bf1b8477e186ece1d47c86978ec19d1bc,14,2024-03-01 16:14:44,2024-03-01 16:16:58,16,0.625,10.9375,27.5,0.5324074074074073,0.7499999999999999,2.7,0,0,0,0.26111111111111107,2.2333333333333334,True,0.0,10.9375,17.5,0,0.0,0.0,0.0
dfb1e99c809a3dd067f536ae20ceb86bf1b8477e186ece1d47c86978ec19d1bc,15,2024-03-01 16:38:21,2024-03-01 16:48:20,106,0.7452830188679245,15.382075471698114,45.5,0.7037037037037039,0.986111111111111,3.55,0,1,0,2.3772222222222226,9.983333333333333,True,0.0,15.382075471698114,20.639240506329113,0,0.4206590324842252,0.0,0.0
dfcb8e5d6aebf854e16a6a45f0ec07c6bb815cc189dbdc846fe341d540af47c4,1,2024-03-01 08:11:16,2024-03-01 08:11:16,1,0.0,0.0,0.0,0.0,0.0,0.0,0,0,0,0.0,0.0,False,0.0,0.0,0.0,0,,,
dfcb8e5d6aebf854e16a6a45f0ec07c6bb815cc189dbdc846fe341d540af47c4,2,2024-03-01 13:59:04,2024-03-01 14:45:14,461,0.9023861171366594,42.96529284164859,96.0,1.1111111111111112,1.111111111111111,4.0,1,0,0,31.87027777777778,46.166666666666664,True,0.0,42.96529284164859,47.61298076923077,0,0.0,0.031377197493310555,0.0
dfcb8e5d6aebf854e16a6a45f0ec07c6bb815cc189dbdc846fe341d540af47c4,3,2024-03-01 15:39:21,2024-03-01 15:51:44,134,0.8880597014925373,32.0634328358209,70.0,1.457407407407407,1.6064814814814807,5.783333333333331,1,1,0,5.668333333333332,12.383333333333333,True,0.0,32.0634328358209,36.10504201680672,0,0.17641870038224056,0.17641870038224056,0.0
dfcb8e5d6aebf854e16a6a45f0ec07c6bb815cc189dbdc846fe341d540af47c4,4,2024-03-01 16:47:59,2024-03-01 16:49:24,17,0.4117647058823529,11.823529411764707,42.599999999999994,1.0666666666666664,0.731481481481481,2.6333333333333315,0,0,0,0.29333333333333333,1.4166666666666667,True,0.0,11.823529411764707,28.714285714285715,0,0.0,0.0,0.0
dfcb8e5d6aebf854e16a6a45f0ec07c6bb815cc189dbdc846fe341d540af47c4,5,2024-03-01 16:54:24,2024-03-01 16:56:12,11,0.0,0.0,0.0,0.0,-0.0,-0.0,0,0,0,0.0,1.8,False,0.0,0.0,0.0,0,,,
dfcb8e5d6aebf854e16a6a45f0ec07c6bb815cc189dbdc846fe341d540af47c4,6,2024-03-01 17:35:39,2024-03-01 17:44:20,63,0.7142857142857143,14.079365079365079,37.9,0.9444444444444443,0.8263888888888888,2.9749999999999996,0,0,0,1.1986111111111108,8.683333333333334,True,0.0,14.079365079365079,19.711111111111112,0,0.0,0.0,0.0
dfcb8e5d6aebf854e16a6a45f0ec07c6bb815cc189dbdc846fe341d540af47c4,7,2024-03-01 17:52:24,2024-03-01 18:30:03,405,0.9728395061728395,27.54320987654321,64.0,0.7222222222222221,0.824074074074072,2.9666666666666592,0,0,0,18.059444444444445,37.65,True,0.0,27.54320987654321,28.31218274111675,0,0.0,0.0,0.0
e08100ea5e0f46a4d32ee5fa9586fdbcf3ca5c41003f92cf0ec59b5fd125175f,1,2024-03-01 07:06:28,2024-03-01 07:06:28,1,1.0,1.0,1.0,0.0,0.0,0.0,0,0,0,0.0,0.0,False,0.0,1.0,1.0,0,,,
e12021f03347f4d227f51ac039ca85f3fbe5ea14fcd7ac01d6741cd902d34d24,1,2024-03-01 01:12:16,2024-03-01 01:12:16,1,0.0,0.0,0.0,0.0,0.0,0.0,0,0,0,0.0,0.0,False,1.0,0.0,0.0,0,,,
e12021f03347f4d227f51ac039ca85f3fbe5ea14fcd7ac01d6741cd902d34d24,2,2024-03-01 02:27:09,2024-03-01 02:27:09,1,1.0,1.0,1.0,0.0,0.0,0.0,0,0,0,0.0,0.0,False,1.0,1.0,1.0,0,,,
e12021f03347f4d227f51ac039ca85f3fbe5ea14fcd7ac01d6741cd902d34d24,3,2024-03-01 04:57:15,2024-03-01 04:57:15,1,1.0,1.0,1.0,0.0,0.0,0.0,0,0,0,0.0,0.0,False,1.0,1.0,1.0,0,,,
e12021f03347f4d227f51ac039ca85f3fbe5ea14fcd7ac01d6741cd902d34d24,4,2024-03-01 08:42:38,2024-03-01 08:46:47,32,0.875,17.84375,35.9,0.9583333333333329,0.772222222222222,2.78,0,0,0,0.8597222222222222,4.15,True,0.0,17.84375,20.392857142857142,0,0.0,0.0,0.0
e12021f03347f4d227f51ac039ca85f3fbe5ea14fcd7ac01d6741cd902d34d24,5,2024-03-01 09:47:44,2024-03-01 09:47:44,1,0.0,0.0,0.0,0.0,0.0,0.0,0,0,0,0.0,0.0,False,0.0,0.0,0.0,0,,,
e12021f03347f4d227f51ac039ca85f3fbe5ea14fcd7ac01d6741cd902d34d24,6,2024-03-01 10:00:17,2024-03-01 10:05:36,59,0.864406779661017,26.47457627118644,46.49999999999997,0.8499999999999988,1.2013888888888877,4.324999999999996,0,0,0,2.3874999999999997,5.316666666666666,True,0.0,26.47457627118644,30.627450980392158,0,0.0,0.0,0.0
e12021f03347f4d227f51ac039ca85f3fbe5ea14fcd7ac01d6741cd902d34d24,7,2024-03-01 13:22:47,2024-03-01 13:24:57,2,0.5,0.5,0.95,0.0,0.00202991452991453,0.007307692307692308,0,0,0,0.0,2.1666666666666665,False,0.0,0.5,1.0,0,,,
e12021f03347f4d227f51ac039ca85f3fbe5ea14fcd7ac01d6741cd902d34d24,8,2024-03-01 14:30:37,2024-03-01 14:33:44,36,0.8888888888888888,26.333333333333332,44.5,0.7500000000000001,0.9305555555555556,3.35,0,0,0,1.366111111111111,3.1166666666666667,True,0.0,26.333333333333332,29.625,0,0.0,0.0,0.0
e12021f03347f4d227f51ac039ca85f3fbe5ea14fcd7ac01d6741cd902d34d24,9,2024-03-01 14:39:42,2024-03-01 14:41:25,11,0.9090909090909091,17.09090909090909,27.0,0.7175925925925928,0.8958333333333334,3.225,0,0,0,0.22166666666666665,1.7166666666666666,True,0.0,17.09090909090909,18.8,0,0.0,0.0,0.0
e12021f03347f4d227f51ac039ca85f3fbe5ea14fcd7ac01d6741cd902d34d24,10,2024-03-01 15:03:19,2024-03-01 15:13:37,89,0.7752808988764045,17.337078651685392,37.0,0.5,0.5333333333333329,1.9199999999999988,0,0,0,2.366388888888889,10.3,True,0.0,17.337078651685392,22.36231884057971,0,0.0,0.0,0.0
e12021f03347f4d227f51ac039ca85f3fbe5ea14fcd7ac01d6741cd902d34d24,11,2024-03-01 16:14:25,2024-03-01 16:14:25,1,0.0,0.0,0.0,0.0,0.0,0.0,0,0,0,0.0,0.0,False,0.0,0.0,0.0,0,,,
e12021f03347f4d227f51ac039ca85f3fbe5ea14fcd7ac01d6741cd902d34d24,12,2024-03-01 17:17:59,2024-03-01 17:17:59,1,0.0,0.0,0.0,0.0,0.0,0.0,0,0,0,0.0,0.0,False,0.0,0.0,0.0,0,,,
e12021f03347f4d227f51ac039ca85f3fbe5ea14fcd7ac01d6741cd902d34d24,13,2024-03-01 17:59:53,2024-03-01 18:01:04,9,0.7777777777777778,3.2222222222222223,8.2,0.13333333333333325,0.17777777777777776,0.6399999999999999,0,0,0,0.03027777777777778,1.1833333333333333,True,0.0,3.2222222222222223,4.142857142857143,0,0.0,0.0,0.0
e12021f03347f4d227f51ac039ca85f3fbe5ea14fcd7ac01d6741cd902d34d24,14,2024-03-01 18:27:42,2024-03-01 18:30:01,28,0.9285714285714286,23.571428571428573,52.3,0.7027777777777776,0.9342592592592589,3.363333333333332,0,0,0,0.9258333333333333,2.316666666666667,True,0.0,23.571428571428573,25.384615384615383,0,0.0,0.0,0.0
e205071676562b6e02a0b9424aabb670b631990ee3a8044d78af27bf3d2d3b8d,1,2024-03-01 07:32:23,2024-03-01 07:42:15,114,0.5701754385964912,11.482456140350877,40.69999999999999,0.9472222222222213,0.8877314814814813,3.195833333333333,0,0,0,1.7872222222222223,9.866666666666667,True,0.0,11.482456140350877,20.138461538461538,0,0.0,0.0,0.0
e205071676562b6e02a0b9424aabb670b631990ee3a8044d78af27bf3d2d3b8d,2,2024-03-01 07:47:17,2024-03-01 07:59:02,124,0.6693548387096774,13.419354838709678,45.69999999999999,0.9888888888888885,1.1666666666666667,4.2,0,0,0,2.1127777777777776,11.75,True,0.0,13.419354838709678,20.048192771084338,0,0.0,0.0,0.0
e205071676562b6e02a0b9424aabb670b631990ee3a8044d78af27bf3d2d3b8d,3,2024-03-01 08:59:36,2024-03-01 08:59:36,1,0.0,0.0,0.0,0.0,0.0,0.0,0,0,0,0.0,0.0,False,0.0,0.0,0.0,0,,,
e205071676562b6e02a0b9424aabb670b631990ee3a8044d78af27bf3d2d3b8d,4,2024-03-01 10:02:52,2024-03-01 10:02:52,1,0.0,0.0,0.0,0.0,0.0,0.0,0,0,0,0.0,0.0,False,0.0,0.0,0.0,0,,,
e205071676562b6e02a0b9424aabb670b631990ee3a8044d78af27bf3d2d3b8d,5,2024-03-01 10:49:39,2024-03-01 11:02:21,146,0.7671232876712328,22.65753424657534,62.0,0.7534722222222222,0.8333333333333333,3.0,0,0,0,4.717777777777777,12.7,True,0.0,22.65753424657534,29.535714285714285,0,0.0,0.0,0.0
e205071676562b6e02a0b9424aabb670b631990ee3a8044d78af27bf3d2d3b8d,6,2024-03-01 12:02:49,2024-03-01 12:02:49,1,0.0,0.0,0.0,0.0,0.0,0.0,0,0,0,0.0,0.0,False,0.0,0.0,0.0,0,,,
e205071676562b6e02a0b9424aabb670b631990ee3a8044d78af27bf3d2d3b8d,7,2024-03-01 16:37:44,2024-03-01 16:38:44,2,0.0,0.0,0.0,0.0,0.0,0.0,0,0,0,0.0,1.0,False,0.0,0.0,0.0,0,,,
e205071676562b6e02a0b9424aabb670b631990ee3a8044d78af27bf3d2d3b8d,8,2024-03-01 17:11:31,2024-03-01 17:25:07,159,0.7044025157232704,18.88679245283019,57.19999999999999,0.7916666666666664,0.611111111111111,2.2,0,0,0,4.244722222222221,13.6,True,0.0,18.88679245283019,26.8125,0,0.0,0.0,0.0
e205071676562b6e02a0b9424aabb670b631990ee3a8044d78af27bf3d2d3b8d,9,2024-03-01 17:52:37,2024-03-01 17:56:53,52,0.5769230769230769,8.173076923076923,24.449999999999996,0.8287037037037033,0.9569444444444443,3.4449999999999994,0,0,0,0.5744444444444444,4.266666666666667,True,0.0,8.173076923076923,14.166666666666666,0,0.0,0.0,0.0
e24cf05976e0c614937b932550924e1cce185f524c164e8a18f50e2dfa1a9969,1,2024-03-01 08:48:28,2024-03-01 08:48:28,1,0.0,0.0,0.0,0.0,0.0,0.0,0,0,0,0.0,0.0,False,0.0,0.0,0.0,0,,,
e24cf05976e0c614937b932550924e1cce185f524c164e8a18f50e2dfa1a9969,2,2024-03-01 14:26:18,2024-03-01 14:26:18,1,0.0,0.0,0.0,0.0,0.0,0.0,0,0,0,0.0,0.0,False,0.0,0.0,0.0,0,,,
e24cf05976e0c614937b932550924e1cce185f524c164e8a18f50e2dfa1a9969,3,2024-03-01 15:06:46,2024-03-01 15:10:19,41,0.8780487804878049,10.829268292682928,27.0,0.4444444444444443,0.611111111111111,2.2,0,0,0,0.6430555555555554,3.55,True,0.0,10.829268292682928,12.333333333333334,0,0.0,0.0,0.0
e24cf05976e0c614937b932550924e1cce185f524c164e8a18f50e2dfa1a9969,4,2024-03-01 15:17:34,2024-03-01 15:17:34,1,0.0,0.0,0.0,0.0,0.0,0.0,0,0,0,0.0,0.0,False,0.0,0.0,0.0,0,,,
e24cf05976e0c614937b932550924e1cce185f524c164e8a18f50e2dfa1a9969,5,2024-03-01 16:18:03,2024-03-01 16:18:03,1,0.0,0.0,0.0,0.0,0.0,0.0,0,0,0,0.0,0.0,False,0.0,0.0,0.0,0,,,
e24cf05976e0c614937b932550924e1cce185f524c164e8a18f50e2dfa1a9969,6,2024-03-01 17:01:47,2024-03-01 17:08:29,83,0.7349397590361446,12.75301204819277,36.79999999999998,1.2361111111111098,0.8333333333333334,3.0,1,0,0,1.3243055555555554,6.7,True,0.0,12.75301204819277,17.352459016393443,0,0.0,0.7551127425275302,0.0
e2a6582b11b0c7996e5c31407b547e1a07432e8181c869f16be9724f8132a0e4,1,2024-03-01 01:36:41,2024-03-01 01:36:41,1,0.0,0.0,0.0,0.0,0.0,0.0,0,0,0,0.0,0.0,False,1.0,0.0,0.0,0,,,
e2a6582b11b0c7996e5c31407b547e1a07432e8181c869f16be9724f8132a0e4,2,2024-03-01 07:21:06,2024-03-01 07:21:06,1,1.0,1.0,1.0,0.0,0.0,0.0,0,0,0,0.0,0.0,False,0.0,1.0,1.0,0,,,
e2a6582b11b0c7996e5c31407b547e1a07432e8181c869f16be9724f8132a0e4,3,2024-03-01 13:07:31,2024-03-01 13:07:31,1,0.0,0.0,0.0,0.0,0.0,0.0,0,0,0,0.0,0.0,False,0.0,0.0,0.0,0,,,
e2a6582b11b0c7996e5c31407b547e1a07432e8181c869f16be9724f8132a0e4,4,2024-03-01 14:00:05,2024-03-01 14:15:07,96,0.9166666666666666,31.729166666666668,70.5,0.5694444444444444,0.611111111111111,2.2,0,0,0,5.183888888888888,15.033333333333333,True,0.0,31.729166666666668,34.61363636363637,0,0.0,0.0,0.0
e2a6582b11b0c7996e5c31407b547e1a07432e8181c869f16be9724f8132a0e4,5,2024-03-01 15:15:40,2024-03-01 15:15:40,1,0.0,0.0,0.0,0.0,0.0,0.0,0,0,0,0.0,0.0,False,0.0,0.0,0.0,0,,,
e2a6582b11b0c7996e5c31407b547e1a07432e8181c869f16be9724f8132a0e4,6,2024-03-01 16:00:12,2024-03-01 16:23:29,265,0.7773584905660378,20.132075471698112,46.0,0.5555555555555556,0.6555555555555547,2.3599999999999968,0,0,0,7.8358333333333325,23.283333333333335,True,0.0,20.132075471698112,25.898058252427184,0,0.0,0.0,0.0
e2a6582b11b0c7996e5c31407b547e1a07432e8181c869f16be9724f8132a0e4,7,2024-03-01 16:32:41,2024-03-01 16:38:39,61,0.6557377049180327,11.885245901639344,35.0,0.6944444444444444,0.8333333333333333,3.0,0,0,0,1.0333333333333332,5.966666666666667,True,0.0,11.885245901639344,18.125,0,0.0,0.0,0.0
e2a6582b11b0c7996e5c31407b547e1a07432e8181c869f16be9724f8132a0e4,8,2024-03-01 16:53:23,2024-03-01 16:54:42,16,0.6875,15.4375,37.25,0.5555555555555554,0.6666666666666666,2.4000000000000004,0,0,0,0.36333333333333334,1.3166666666666667,True,0.0,15.4375,22.454545454545453,0,0.0,0.0,0.0
e2a6582b11b0c7996e5c31407b547e1a07432e8181c869f16be9724f8132a0e4,9,2024-03-01 18:07:01,2024-03-01 18:07:42,2,0.0,0.0,0.0,0.0,0.0,0.0,0,0,0,0.0,0.6833333333333333,False,0.0,0.0,0.0,0,,,
e3b9174838bcd724c7e45840995a923317a30c558f02e425204367947697a41b,1,2024-03-01 14:07:36,2024-03-01 14:09:24,11,0.9090909090909091,10.272727272727273,21.0,0.5648148148148148,0.41666666666666663,1.5,0,0,0,0.14333333333333334,1.8,True,0.0,10.272727272727273,11.3,0,0.0,0.0,0.0
e4b941a46681761c8b77844e9490d700e2b1151461ef79e8b4b51adbc4411663,1,2024-03-01 01:35:20,2024-03-01 01:35:20,1,1.0,1.0,1.0,0.0,0.0,0.0,0,0,0,0.0,0.0,False,1.0,1.0,1.0,0,,,
e4b941a46681761c8b77844e9490d700e2b1151461ef79e8b4b51adbc4411663,2,2024-03-01 12:44:04,2024-03-01 12:57:22,108,0.4537037037037037,8.833333333333334,42.0,0.36944444444444396,0.4606481481481469,1.658333333333329,0,0,0,1.4191666666666665,13.3,True,0.0,8.833333333333334,19.46938775510204,0,0.0,0.0,0.0
e4b941a46681761c8b77844e9490d700e2b1151461ef79e8b4b51adbc4411663,3,2024-03-01 13:07:36,2024-03-01 13:16:59,83,0.6506024096385542,6.493975903614458,18.0,0.6444444444444442,0.6444444444444442,2.319999999999999,0,0,0,0.7672222222222221,9.383333333333333,True,0.0,6.493975903614458,9.981481481481481,0,0.0,0.0,0.0
e4b941a46681761c8b77844e9490d700e2b1151461ef79e8b4b51adbc4411663,4,2024-03-01 14:16:59,2024-03-01 14:16:59,1,0.0,0.0,0.0,0.0,0.0,0.0,0,0,0,0.0,0.0,False,0.0,0.0,0.0,0,,,
e4b941a46681761c8b77844e9490d700e2b1151461ef79e8b4b51adbc4411663,5,2024-03-01 17:31:56,2024-03-01 17:32:12,5,0.0,0.0,0.0,0.0,-0.0,-0.0,0,0,0,0.0,0.26666666666666666,False,0.0,0.0,0.0,0,,,
e4c9414dcd4e2bfc2985cd40273e07ee2de1c9864dfa24309bd4a1cb5a990af9,1,2024-03-01 06:29:24,2024-03-01 06:29:24,1,1.0,1.0,1.0,0.0,0.0,0.0,0,0,0,0.0,0.0,False,0.0,1.0,1.0,0,,,
e5096f8ca46e208dcc42db94d033757d679dc5b19ac5337845c22b25777a39ae,1,2024-03-01 00:11:53,2024-03-01 00:11:53,1,0.0,0.0,0.0,0.0,0.0,0.0,0,0,0,0.0,0.0,False,1.0,0.0,0.0,0,,,
e5096f8ca46e208dcc42db94d033757d679dc5b19ac5337845c22b25777a39ae,2,2024-03-01 05:45:26,2024-03-01 05:45:26,1,1.0,1.0,1.0,0.0,0.0,0.0,0,0,0,0.0,0.0,False,1.0,1.0,1.0,0,,,
e5096f8ca46e208dcc42db94d033757d679dc5b19ac5337845c22b25777a39ae,3,2024-03-01 06:51:47,2024-03-01 06:51:47,1,1.0,1.0,1.0,0.0,0.0,0.0,0,0,0,0.0,0.0,False,0.0,1.0,1.0,0,,,
e5096f8ca46e208dcc42db94d033757d679dc5b19ac5337845c22b25777a39ae,4,2024-03-01 07:59:54,2024-03-01 08:00:52,2,0.0,0.0,0.0,0.0,0.0,0.0,0,0,0,0.0,0.9666666666666667,False,0.0,0.0,0.0,0,,,
e5096f8ca46e208dcc42db94d033757d679dc5b19ac5337845c22b25777a39ae,5,2024-03-01 08:53:42,2024-03-01 09:25:07,335,0.7074626865671642,19.423880597014925,51.0,0.7777777777777778,0.8333333333333333,3.0,0,0,0,9.413888888888888,31.416666666666668,True,0.0,19.423880597014925,27.455696202531644,0,0.0,0.0,0.0
e5096f8ca46e208dcc42db94d033757d679dc5b19ac5337845c22b25777a39ae,6,2024-03-01 11:23:33,2024-03-01 11:34:21,100,0.84,13.48,29.0,0.6990740740740736,0.6129629629629629,2.2066666666666666,0,0,0,2.0102777777777776,10.8,True,0.0,13.48,16.047619047619047,0,0.0,0.0,0.0
e5096f8ca46e208dcc42db94d033757d679dc5b19ac5337845c22b25777a39ae,7,2024-03-01 11:40:42,2024-03-01 11:55:20,161,0.639751552795031,22.385093167701864,53.0,0.9027777777777779,0.888888888888889,3.2,0,0,0,5.156666666666666,14.633333333333333,True,0.0,22.385093167701864,34.99029126213592,0,0.0,0.0,0.0
e5096f8ca46e208dcc42db94d033757d679dc5b19ac5337845c22b25777a39ae,8,2024-03-01 12:24:13,2024-03-01 12:31:21,77,0.6883116883116883,25.2987012987013,68.4,1.0,1.1666666666666674,4.200000000000003,0,0,0,2.746111111111112,7.133333333333334,True,0.0,25.2987012987013,36.75471698113208,0,0.0,0.0,0.0
e5096f8ca46e208dcc42db94d033757d679dc5b19ac5337845c22b25777a39ae,9,2024-03-01 13:28:15,2024-03-01 13:32:29,40,0.85,22.375,38.19999999999999,0.5833333333333319,0.5282407407407396,1.9016666666666626,0,0,0,1.2697222222222222,4.233333333333333,True,0.0,22.375,26.323529411764707,0,0.0,0.0,0.0
e5096f8ca46e208dcc42db94d033757d679dc5b19ac5337845c22b25777a39ae,10,2024-03-01 13:51:59,2024-03-01 14:01:06,96,0.8854166666666666,54.541666666666664,98.0,0.8611111111111112,0.6944444444444444,2.5,0,0,0,7.633333333333333,9.116666666666667,True,0.0,54.541666666666664,61.6,0,0.0,0.0,0.0
e5096f8ca46e208dcc42db94d033757d679dc5b19ac5337845c22b25777a39ae,11,2024-03-01 16:06:03,2024-03-01 16:06:03,1,0.0,0.0,0.0,0.0,0.0,0.0,0,0,0,0.0,0.0,False,0.0,0.0,0.0,0,,,
e5096f8ca46e208dcc42db94d033757d679dc5b19ac5337845c22b25777a39ae,12,2024-03-01 17:10:03,2024-03-01 17:19:09,108,0.9166666666666666,52.0,94.0,0.6078703703703704,1.1111111111111112,4.0,0,0,0,8.129722222222222,9.1,True,0.0,52.0,56.72727272727273,0,0.0,0.0,0.0
e5096f8ca46e208dcc42db94d033757d679dc5b19ac5337845c22b25777a39ae,13,2024-03-01 17:29:28,2024-03-01 18:12:34,483,0.6894409937888198,23.419254658385093,69.79999999999995,0.8287037037037026,0.8749999999999988,3.149999999999996,0,0,0,17.040555555555553,43.1,True,0.0,23.419254658385093,33.968468468468465,0,0.0,0.0,0.0
e5c3c1ca0becc735f7d5e38e2e4ad4ef541d5ccd657b1c41054933ca555307e1,1,2024-03-01 01:10:51,2024-03-01 01:10:51,1,1.0,1.0,1.0,0.0,0.0,0.0,0,0,0,0.0,0.0,False,1.0,1.0,1.0,0,,,
e5c3c1ca0becc735f7d5e38e2e4ad4ef541d5ccd657b1c41054933ca555307e1,2,2024-03-01 02:20:05,2024-03-01 02:20:05,1,1.0,1.0,1.0,0.0,0.0,0.0,0,0,0,0.0,0.0,False,1.0,1.0,1.0,0,,,
e5c3c1ca0becc735f7d5e38e2e4ad4ef541d5ccd657b1c41054933ca555307e1,3,2024-03-01 05:47:50,2024-03-01 05:47:50,1,1.0,1.0,1.0,0.0,0.0,0.0,0,0,0,0.0,0.0,False,1.0,1.0,1.0,0,,,
e5c3c1ca0becc735f7d5e38e2e4ad4ef541d5ccd657b1c41054933ca555307e1,4,2024-03-01 10:24:50,2024-03-01 10:27:07,2,0.5,0.5,0.95,0.0,0.0019261962692619628,0.006934306569343065,0,0,0,0.0,2.283333333333333,False,0.0,0.5,1.0,0,,,
e5c3c1ca0becc735f7d5e38e2e4ad4ef541d5ccd657b1c41054933ca555307e1,5,2024-03-01 10:51:00,2024-03-01 11:00:43,125,0.88,24.888,61.0,0.8055555555555557,0.833333333333333,3.0,0,0,0,3.540833333333333,9.716666666666667,True,0.0,24.888,28.28181818181818,0,0.0,0.0,0.0
e5c3c1ca0becc735f7d5e38e2e4ad4ef541d5ccd657b1c41054933ca555307e1,6,2024-03-01 11:09:31,2024-03-01 11:35:36,179,0.4972067039106145,4.692737430167598,18.0,0.37037037037037024,0.5055555555555552,1.819999999999999,0,0,0,1.3291666666666668,26.083333333333332,True,0.0,4.692737430167598,9.438202247191011,0,0.0,0.0,0.0
e5c3c1ca0becc735f7d5e38e2e4ad4ef541d5ccd657b1c41054933ca555307e1,7,2024-03-01 11:42:03,2024-03-01 11:55:51,150,0.8,16.06,33.0,0.6187499999999997,0.7222222222222222,2.6,0,0,0,2.939166666666666,13.8,True,0.0,16.06,20.075,0,0.0,0.0,0.0
e5c3c1ca0becc735f7d5e38e2e4ad4ef541d5ccd657b1c41054933ca555307e1,8,2024-03-01 12:05:33,2024-03-01 12:11:57,66,0.6060606060606061,4.666666666666667,16.0,0.5324074074074074,0.4791666666666667,1.725,0,0,0,0.5352777777777777,6.4,True,0.0,4.666666666666667,7.7,0,0.0,0.0,0.0
e5c3c1ca0becc735f7d5e38e2e4ad4ef541d5ccd657b1c41054933ca555307e1,9,2024-03-01 13:12:26,2024-03-01 13:12:26,1,0.0,0.0,0.0,0.0,0.0,0.0,0,0,0,0.0,0.0,False,0.0,0.0,0.0,0,,,
e5c3c1ca0becc735f7d5e38e2e4ad4ef541d5ccd657b1c41054933ca555307e1,10,2024-03-01 16:30:22,2024-03-01 16:30:22,1,1.0,12.0,12.0,0.0,0.0,0.0,0,0,0,0.0,0.0,False,0.0,12.0,12.0,0,,,
e6974c696286c4074380582f0d5739e3503e9beb7cecad6f82a8c3618ba96fdc,1,2024-03-01 01:53:52,2024-03-01 02:04:50,57,0.8245614035087719,30.333333333333332,100.19999999999996,0.8402777777777776,0.9148148148148145,3.2933333333333317,0,0,0,5.343055555555556,10.966666666666667,True,1.0,30.333333333333332,36.787234042553195,0,0.0,0.0,0.0
e6974c696286c4074380582f0d5739e3503e9beb7cecad6f82a8c3618ba96fdc,2,2024-03-01 03:05:06,2024-03-01 03:05:06,1,0.0,0.0,0.0,0.0,0.0,0.0,0,0,0,0.0,0.0,False,1.0,0.0,0.0,0,,,
e6974c696286c4074380582f0d5739e3503e9beb7cecad6f82a8c3618ba96fdc,3,2024-03-01 10:05:54,2024-03-01 10:05:54,1,0.0,0.0,0.0,0.0,0.0,0.0,0,0,0,0.0,0.0,False,0.0,0.0,0.0,0,,,
e6974c696286c4074380582f0d5739e3503e9beb7cecad6f82a8c3618ba96fdc,4,2024-03-01 10:36:58,2024-03-01 10:58:31,214,0.9018691588785047,26.757009345794394,77.0,0.6499999999999995,0.7222222222222222,2.6,0,0,0,9.52,21.55,True,0.0,26.757009345794394,29.66839378238342,0,0.0,0.0,0.0
e6974c696286c4074380582f0d5739e3503e9beb7cecad6f82a8c3618ba96fdc,5,2024-03-01 11:05:23,2024-03-01 11:06:50,7,0.8571428571428571,3.4285714285714284,7.799999999999997,0.18333333333333324,0.26111111111111096,0.9399999999999993,0,0,0,0.03083333333333333,1.45,True,0.0,3.4285714285714284,4.0,0,0.0,0.0,0.0
e6974c696286c4074380582f0d5739e3503e9beb7cecad6f82a8c3618ba96fdc,6,2024-03-01 11:57:00,2024-03-01 12:15:57,211,0.995260663507109,40.492890995260666,82.0,0.8611111111111112,0.9861111111111112,3.55,0,0,0,12.981388888888889,18.95,True,0.0,40.492890995260666,40.68571428571428,0,0.0,0.0,0.0
e6974c696286c4074380582f0d5739e3503e9beb7cecad6f82a8c3618ba96fdc,7,2024-03-01 13:16:13,2024-03-01 13:16:13,1,0.0,0.0,0.0,0.0,0.0,0.0,0,0,0,0.0,0.0,False,0.0,0.0,0.0,0,,,
e74bae1d4f17535e97c8d5215a102358b171453868ed019ac3ddd790de746f3f,1,2024-03-01 05:37:39,2024-03-01 05:37:39,1,0.0,0.0,0.0,0.0,0.0,0.0,0,0,0,0.0,0.0,False,1.0,0.0,0.0,0,,,
e74bae1d4f17535e97c8d5215a102358b171453868ed019ac3ddd790de746f3f,2,2024-03-01 07:56:16,2024-03-01 07:56:16,1,0.0,0.0,0.0,0.0,0.0,0.0,0,0,0,0.0,0.0,False,0.0,0.0,0.0,0,,,
e74bae1d4f17535e97c8d5215a102358b171453868ed019ac3ddd790de746f3f,3,2024-03-01 09:05:39,2024-03-01 09:05:39,1,1.0,3.0,3.0,0.0,0.0,0.0,0,0,0,0.0,0.0,False,0.0,3.0,3.0,0,,,
e74bae1d4f17535e97c8d5215a102358b171453868ed019ac3ddd790de746f3f,4,2024-03-01 10:17:19,2024-03-01 10:17:19,1,0.0,0.0,0.0,0.0,0.0,0.0,0,0,0,0.0,0.0,False,0.0,0.0,0.0,0,,,
e74bae1d4f17535e97c8d5215a102358b171453868ed019ac3ddd790de746f3f,5,2024-03-01 10:22:24,2024-03-01 10:24:48,28,0.9285714285714286,18.75,35.0,0.6638888888888885,0.5361111111111109,1.9299999999999997,0,0,0,0.7230555555555557,2.4,True,0.0,18.75,20.192307692307693,0,0.0,0.0,0.0
e74bae1d4f17535e97c8d5215a102358b171453868ed019ac3ddd790de746f3f,6,2024-03-01 11:25:27,2024-03-01 11:25:27,1,0.0,0.0,0.0,0.0,0.0,0.0,0,0,0,0.0,0.0,False,0.0,0.0,0.0,0,,,
e74bae1d4f17535e97c8d5215a102358b171453868ed019ac3ddd790de746f3f,7,2024-03-01 12:02:10,2024-03-01 12:10:43,98,0.7959183673469388,12.183673469387756,27.299999999999983,0.429166666666666,0.39722222222222175,1.4299999999999982,1,0,0,1.751111111111111,8.55,True,0.0,12.183673469387756,15.307692307692308,0,0.0,0.5710659898477157,0.0
e74bae1d4f17535e97c8d5215a102358b171453868ed019ac3ddd790de746f3f,8,2024-03-01 12:51:21,2024-03-01 12:58:51,82,0.7560975609756098,15.182926829268293,30.900000000000006,0.38888888888888895,0.49444444444444474,1.7800000000000011,0,0,0,1.8419444444444444,7.5,True,0.0,15.182926829268293,20.080645161290324,0,0.0,0.0,0.0
e74bae1d4f17535e97c8d5215a102358b171453868ed019ac3ddd790de746f3f,9,2024-03-01 13:59:28,2024-03-01 13:59:28,1,0.0,0.0,0.0,0.0,0.0,0.0,0,0,0,0.0,0.0,False,0.0,0.0,0.0,0,,,
e74bae1d4f17535e97c8d5215a102358b171453868ed019ac3ddd790de746f3f,10,2024-03-01 16:09:16,2024-03-01 16:11:34,2,0.5,0.5,0.95,0.0,0.0019122383252818038,0.006884057971014493,0,0,0,0.0,2.3,False,0.0,0.5,1.0,0,,,
e74bae1d4f17535e97c8d5215a102358b171453868ed019ac3ddd790de746f3f,11,2024-03-01 16:50:04,2024-03-01 16:59:19,97,0.8350515463917526,40.70103092783505,79.0,0.633333333333332,0.48888888888888915,1.7599999999999993,0,0,0,5.678888888888888,9.25,True,0.0,40.70103092783505,48.74074074074074,0,0.0,0.0,0.0
e74bae1d4f17535e97c8d5215a102358b171453868ed019ac3ddd790de746f3f,12,2024-03-01 18:14:35,2024-03-01 18:20:41,70,0.8857142857142857,21.357142857142858,41.099999999999994,0.611111111111111,0.8444444444444439,3.039999999999998,0,0,0,2.190833333333333,6.1,True,0.0,21.357142857142858,24.112903225806452,0,0.0,0.0,0.0
e74d5a3a7b5c625b6966e5da9a0a6399adfdc36b2de2f23a08619f261db77550,1,2024-03-01 00:53:16,2024-03-01 00:53:16,1,0.0,0.0,0.0,0.0,0.0,0.0,0,0,0,0.0,0.0,False,1.0,0.0,0.0,0,,,
e74d5a3a7b5c625b6966e5da9a0a6399adfdc36b2de2f23a08619f261db77550,2,2024-03-01 04:24:41,2024-03-01 04:24:41,1,0.0,0.0,0.0,0.0,0.0,0.0,0,0,0,0.0,0.0,False,1.0,0.0,0.0,0,,,
e74d5a3a7b5c625b6966e5da9a0a6399adfdc36b2de2f23a08619f261db77550,3,2024-03-01 05:35:33,2024-03-01 05:35:33,1,0.0,0.0,0.0,0.0,0.0,0.0,0,0,0,0.0,0.0,False,1.0,0.0,0.0,0,,,
e74d5a3a7b5c625b6966e5da9a0a6399adfdc36b2de2f23a08619f261db77550,4,2024-03-01 06:47:10,2024-03-01 06:47:10,1,0.0,0.0,0.0,0.0,0.0,0.0,0,0,0,0.0,0.0,False,0.0,0.0,0.0,0,,,
e74d5a3a7b5c625b6966e5da9a0a6399adfdc36b2de2f23a08619f261db77550,5,2024-03-01 07:56:51,2024-03-01 07:56:51,1,0.0,0.0,0.0,0.0,0.0,0.0,0,0,0,0.0,0.0,False,0.0,0.0,0.0,0,,,
e74d5a3a7b5c625b6966e5da9a0a6399adfdc36b2de2f23a08619f261db77550,6,2024-03-01 09:07:43,2024-03-01 09:07:43,1,0.0,0.0,0.0,0.0,0.0,0.0,0,0,0,0.0,0.0,False,0.0,0.0,0.0,0,,,
e74d5a3a7b5c625b6966e5da9a0a6399adfdc36b2de2f23a08619f261db77550,7,2024-03-01 11:01:34,2024-03-01 11:05:05,41,0.7073170731707317,9.585365853658537,22.0,0.3333333333333333,0.22222222222222215,0.8,0,0,0,0.5777777777777778,3.5166666666666666,True,0.0,9.585365853658537,13.551724137931034,0,0.0,0.0,0.0
e74d5a3a7b5c625b6966e5da9a0a6399adfdc36b2de2f23a08619f261db77550,8,2024-03-01 12:05:32,2024-03-01 12:05:32,1,0.0,0.0,0.0,0.0,0.0,0.0,0,0,0,0.0,0.0,False,0.0,0.0,0.0,0,,,
e74d5a3a7b5c625b6966e5da9a0a6399adfdc36b2de2f23a08619f261db77550,9,2024-03-01 15:24:25,2024-03-01 15:24:25,1,0.0,0.0,0.0,0.0,0.0,0.0,0,0,0,0.0,0.0,False,0.0,0.0,0.0,0,,,
e74d5a3a7b5c625b6966e5da9a0a6399adfdc36b2de2f23a08619f261db77550,10,2024-03-01 16:34:48,2024-03-01 16:34:48,1,0.0,0.0,0.0,0.0,0.0,0.0,0,0,0,0.0,0.0,False,0.0,0.0,0.0,0,,,
e75df3de455716e4282bc075a848e44c20e26cbbd11af132d06c430f6135db1d,1,2024-03-01 07:15:37,2024-03-01 07:15:37,1,0.0,0.0,0.0,0.0,0.0,0.0,0,0,0,0.0,0.0,False,0.0,0.0,0.0,0,,,
e75df3de455716e4282bc075a848e44c20e26cbbd11af132d06c430f6135db1d,2,2024-03-01 07:45:34,2024-03-01 07:49:47,49,0.8163265306122449,21.93877551020408,46.0,0.6740740740740733,0.8055555555555544,2.899999999999996,0,0,0,1.5877777777777777,4.216666666666667,True,0.0,21.93877551020408,26.875,0,0.0,0.0,0.0
e75df3de455716e4282bc075a848e44c20e26cbbd11af132d06c430f6135db1d,3,2024-03-01 08:08:03,2024-03-01 08:11:30,49,0.7959183673469388,27.102040816326532,66.0,1.5555555555555536,1.2962962962962947,4.666666666666662,0,0,0,1.4552777777777777,3.45,True,0.0,27.102040816326532,34.05128205128205,0,0.0,0.0,0.0
e75df3de455716e4282bc075a848e44c20e26cbbd11af132d06c430f6135db1d,4,2024-03-01 09:11:31,2024-03-01 09:11:31,1,0.0,0.0,0.0,0.0,0.0,0.0,0,0,0,0.0,0.0,False,0.0,0.0,0.0,0,,,
e75df3de455716e4282bc075a848e44c20e26cbbd11af132d06c430f6135db1d,5,2024-03-01 17:19:26,2024-03-01 17:19:26,1,1.0,1.0,1.0,0.0,0.0,0.0,0,0,0,0.0,0.0,False,0.0,1.0,1.0,0,,,
e75df3de455716e4282bc075a848e44c20e26cbbd11af132d06c430f6135db1d,6,2024-03-01 17:43:36,2024-03-01 17:44:52,16,0.875,28.0,48.0,1.0277777777777777,0.8194444444444444,2.95,0,0,0,0.6591666666666667,1.2666666666666666,True,0.0,28.0,32.0,0,0.0,0.0,0.0
e75df3de455716e4282bc075a848e44c20e26cbbd11af132d06c430f6135db1d,7,2024-03-01 17:59:09,2024-03-01 18:01:11,27,0.8888888888888888,21.037037037037038,37.7,0.7407407407407407,1.3555555555555554,4.88,0,0,0,0.7816666666666666,2.033333333333333,True,0.0,21.037037037037038,23.666666666666668,0,0.0,0.0,0.0
e7e143efaf95a366c645ee43b5ed1e59ba7673f6ca02a512c05af843fa71693c,1,2024-03-01 15:47:28,2024-03-01 15:53:55,71,0.7746478873239436,29.267605633802816,62.0,0.7777777777777777,1.1666666666666665,4.2,0,0,0,3.1630555555555553,6.45,True,0.0,29.267605633802816,37.78181818181818,0,0.0,0.0,0.0
e7e143efaf95a366c645ee43b5ed1e59ba7673f6ca02a512c05af843fa71693c,2,2024-03-01 16:54:11,2024-03-01 16:54:11,1,0.0,0.0,0.0,0.0,0.0,0.0,0,0,0,0.0,0.0,False,0.0,0.0,0.0,0,,,
e7f3771ad4c6144c1fd069a821cc755d9a0aadc6cb4fc503f89d5ccdd828b76f,1,2024-03-01 05:00:51,2024-03-01 05:00:51,1,0.0,0.0,0.0,0.0,0.0,0.0,0,0,0,0.0,0.0,False,1.0,0.0,0.0,0,,,
e7f3771ad4c6144c1fd069a821cc755d9a0aadc6cb4fc503f89d5ccdd828b76f,2,2024-03-01 08:20:26,2024-03-01 08:20:26,1,0.0,0.0,0.0,0.0,0.0,0.0,0,0,0,0.0,0.0,False,0.0,0.0,0.0,0,,,
e7f3771ad4c6144c1fd069a821cc755d9a0aadc6cb4fc503f89d5ccdd828b76f,3,2024-03-01 09:26:43,2024-03-01 09:26:43,1,0.0,0.0,0.0,0.0,0.0,0.0,0,0,0,0.0,0.0,False,0.0,0.0,0.0,0,,,
e7f3771ad4c6144c1fd069a821cc755d9a0aadc6cb4fc503f89d5ccdd828b76f,4,2024-03-01 12:46:39,2024-03-01 12:46:39,1,1.0,1.0,1.0,0.0,0.0,0.0,0,0,0,0.0,0.0,False,0.0,1.0,1.0,0,,,
e7f3771ad4c6144c1fd069a821cc755d9a0aadc6cb4fc503f89d5ccdd828b76f,5,2024-03-01 13:27:35,2024-03-01 13:27:54,5,0.0,0.0,0.0,0.0,-0.0,-0.0,0,0,0,0.0,0.31666666666666665,False,0.0,0.0,0.0,0,,,
e7f3771ad4c6144c1fd069a821cc755d9a0aadc6cb4fc503f89d5ccdd828b76f,6,2024-03-01 14:03:29,2024-03-01 14:10:03,78,0.5384615384615384,4.166666666666667,18.89999999999995,0.39999999999999936,0.3333333333333333,1.2,0,0,0,0.4436111111111111,6.566666666666666,True,0.0,4.166666666666667,7.738095238095238,0,0.0,0.0,0.0
e7f3771ad4c6144c1fd069a821cc755d9a0aadc6cb4fc503f89d5ccdd828b76f,7,2024-03-01 14:17:54,2024-03-01 14:20:39,25,0.84,11.72,23.599999999999994,0.5888888888888886,0.8481481481481467,3.0533333333333283,0,0,0,0.5086111111111111,2.75,True,0.0,11.72,13.952380952380953,0,0.0,0.0,0.0
e7f3771ad4c6144c1fd069a821cc755d9a0aadc6cb4fc503f89d5ccdd828b76f,8,2024-03-01 15:21:22,2024-03-01 15:21:22,1,0.0,0.0,0.0,0.0,0.0,0.0,0,0,0,0.0,0.0,False,0.0,0.0,0.0,0,,,
e7f3771ad4c6144c1fd069a821cc755d9a0aadc6cb4fc503f89d5ccdd828b76f,9,2024-03-01 16:22:15,2024-03-01 16:22:15,1,0.0,0.0,0.0,0.0,0.0,0.0,0,0,0,0.0,0.0,False,0.0,0.0,0.0,0,,,
e81f9811617618c65923e9794bed3009c3f7fa9d67567610a547e6eb6011f554,1,2024-03-01 00:02:16,2024-03-01 00:02:16,1,1.0,1.0,1.0,0.0,0.0,0.0,0,0,0,0.0,0.0,False,1.0,1.0,1.0,0,,,
e81f9811617618c65923e9794bed3009c3f7fa9d67567610a547e6eb6011f554,2,2024-03-01 01:11:34,2024-03-01 01:11:34,1,0.0,0.0,0.0,0.0,0.0,0.0,0,0,0,0.0,0.0,False,1.0,0.0,0.0,0,,,
e81f9811617618c65923e9794bed3009c3f7fa9d67567610a547e6eb6011f554,3,2024-03-01 02:21:00,2024-03-01 02:21:00,1,0.0,0.0,0.0,0.0,0.0,0.0,0,0,0,0.0,0.0,False,1.0,0.0,0.0,0,,,
e81f9811617618c65923e9794bed3009c3f7fa9d67567610a547e6eb6011f554,4,2024-03-01 06:59:34,2024-03-01 06:59:34,1,0.0,0.0,0.0,0.0,0.0,0.0,0,0,0,0.0,0.0,False,0.0,0.0,0.0,0,,,
e81f9811617618c65923e9794bed3009c3f7fa9d67567610a547e6eb6011f554,5,2024-03-01 09:19:04,2024-03-01 09:19:04,1,0.0,0.0,0.0,0.0,0.0,0.0,0,0,0,0.0,0.0,False,0.0,0.0,0.0,0,,,
e81f9811617618c65923e9794bed3009c3f7fa9d67567610a547e6eb6011f554,6,2024-03-01 12:30:56,2024-03-01 12:30:56,1,0.0,0.0,0.0,0.0,0.0,0.0,0,0,0,0.0,0.0,False,0.0,0.0,0.0,0,,,
e89a184f94417a624869e225117f523e11c567741e21b57ff4c3c601dcc0c480,1,2024-03-01 07:25:53,2024-03-01 07:28:08,2,0.5,2.5,4.75,0.0,0.009773662551440328,0.03518518518518518,0,0,0,0.0,2.25,False,0.0,2.5,5.0,0,,,
e89a184f94417a624869e225117f523e11c567741e21b57ff4c3c601dcc0c480,2,2024-03-01 08:11:06,2024-03-01 08:55:07,516,0.8294573643410853,21.63081395348837,73.25,0.8333333333333333,0.787037037037037,2.8333333333333335,0,2,0,15.631527777777777,44.016666666666666,True,0.0,21.63081395348837,26.078271028037385,0,0.12794654677601358,0.0,0.0
e89a184f94417a624869e225117f523e11c567741e21b57ff4c3c601dcc0c480,3,2024-03-01 09:01:56,2024-03-01 09:32:30,349,0.8624641833810889,22.068767908309457,61.0,0.8333333333333334,0.8333333333333333,3.0,1,1,0,10.920833333333333,30.566666666666666,True,0.0,22.068767908309457,25.588039867109636,0,0.09156810377718429,0.09156810377718429,0.0
e89a184f94417a624869e225117f523e11c567741e21b57ff4c3c601dcc0c480,4,2024-03-01 10:32:53,2024-03-01 10:32:53,1,0.0,0.0,0.0,0.0,0.0,0.0,0,0,0,0.0,0.0,False,0.0,0.0,0.0,0,,,
e89a184f94417a624869e225117f523e11c567741e21b57ff4c3c601dcc0c480,5,2024-03-01 10:41:06,2024-03-01 10:45:27,29,0.6896551724137931,13.810344827586206,42.0,0.9999999999999992,1.2569444444444438,4.524999999999999,0,0,0,1.1744444444444446,4.35,True,0.0,13.810344827586206,20.025,0,0.0,0.0,0.0
e89a184f94417a624869e225117f523e11c567741e21b57ff4c3c601dcc0c480,6,2024-03-01 11:23:42,2024-03-01 11:25:23,22,0.6363636363636364,19.863636363636363,49.49999999999999,1.1740740740740734,1.3555555555555547,4.879999999999998,0,0,0,0.55,1.6833333333333333,True,0.0,19.863636363636363,31.214285714285715,0,0.0,0.0,0.0
e89a184f94417a624869e225117f523e11c567741e21b57ff4c3c601dcc0c480,7,2024-03-01 12:09:53,2024-03-01 12:09:53,1,0.0,0.0,0.0,0.0,0.0,0.0,0,0,0,0.0,0.0,False,0.0,0.0,0.0,0,,,
e89a184f94417a624869e225117f523e11c567741e21b57ff4c3c601dcc0c480,8,2024-03-01 13:09:53,2024-03-01 13:13:06,29,0.7931034482758621,15.89655172413793,43.99999999999998,0.855555555555555,0.9777777777777772,3.5199999999999974,0,0,0,0.616111111111111,3.216666666666667,True,0.0,15.89655172413793,20.043478260869566,0,0.0,0.0,0.0
e89a184f94417a624869e225117f523e11c567741e21b57ff4c3c601dcc0c480,9,2024-03-01 13:50:11,2024-03-01 13:52:29,29,0.6896551724137931,14.068965517241379,34.199999999999996,0.36666666666666653,0.8749999999999998,3.1499999999999995,0,0,0,0.5375,2.3,True,0.0,14.068965517241379,20.4,0,0.0,0.0,0.0
e89a184f94417a624869e225117f523e11c567741e21b57ff4c3c601dcc0c480,10,2024-03-01 14:05:22,2024-03-01 14:32:45,309,0.86084142394822,24.598705501618124,75.0,0.9444444444444444,1.0111111111111104,3.6399999999999975,0,0,0,11.038611111111113,27.383333333333333,True,0.0,24.598705501618124,28.575187969924812,0,0.0,0.0,0.0
e89a184f94417a624869e225117f523e11c567741e21b57ff4c3c601dcc0c480,11,2024-03-01 15:11:45,2024-03-01 15:15:13,39,0.7692307692307693,11.051282051282051,22.200000000000003,0.5194444444444445,0.6287037037037039,2.2633333333333345,0,0,0,0.6752777777777779,3.466666666666667,True,0.0,11.051282051282051,14.366666666666667,0,0.0,0.0,0.0
e89a184f94417a624869e225117f523e11c567741e21b57ff4c3c601dcc0c480,12,2024-03-01 15:26:14,2024-03-01 15:57:12,337,0.8427299703264095,15.086053412462908,35.0,0.7222222222222221,0.8333333333333333,3.0,0,0,0,8.018888888888888,30.966666666666665,True,0.0,15.086053412462908,17.901408450704224,0,0.0,0.0,0.0
e89a184f94417a624869e225117f523e11c567741e21b57ff4c3c601dcc0c480,13,2024-03-01 16:06:34,2024-03-01 16:17:17,109,0.926605504587156,22.605504587155963,50.599999999999994,1.0,0.9370370370370369,3.373333333333333,0,0,0,3.625,10.716666666666667,True,0.0,22.605504587155963,24.396039603960396,0,0.0,0.0,0.0
e89a184f94417a624869e225117f523e11c567741e21b57ff4c3c601dcc0c480,14,2024-03-01 18:00:14,2024-03-01 18:30:04,220,0.9363636363636364,14.113636363636363,31.099999999999966,0.611111111111111,0.5092592592592592,1.8333333333333333,0,0,0,5.575833333333332,29.833333333333332,True,0.0,14.113636363636363,15.072815533980583,0,0.0,0.0,0.0
e8dc7cecd22163fc5a6f06b9a64f3ce20f0ea11716c42e6d7212fc6c41e6b8f8,1,2024-03-01 09:22:23,2024-03-01 09:23:33,15,0.26666666666666666,1.0666666666666667,6.199999999999996,0.19629629629629627,0.1888888888888884,0.6799999999999984,0,0,0,0.025,1.1666666666666667,True,0.0,1.0666666666666667,4.0,0,0.0,0.0,0.0
e8dc7cecd22163fc5a6f06b9a64f3ce20f0ea11716c42e6d7212fc6c41e6b8f8,2,2024-03-01 10:23:46,2024-03-01 10:23:46,1,0.0,0.0,0.0,0.0,0.0,0.0,0,0,0,0.0,0.0,False,0.0,0.0,0.0,0,,,
e8dc7cecd22163fc5a6f06b9a64f3ce20f0ea11716c42e6d7212fc6c41e6b8f8,3,2024-03-01 11:24:29,2024-03-01 11:26:46,2,0.0,0.0,0.0,0.0,0.0,0.0,0,0,0,0.0,2.283333333333333,False,0.0,0.0,0.0,0,,,
e8dc7cecd22163fc5a6f06b9a64f3ce20f0ea11716c42e6d7212fc6c41e6b8f8,4,2024-03-01 11:50:23,2024-03-01 12:31:57,335,0.9134328358208955,59.9910447761194,103.0,0.4444444444444443,0.6111111111111108,2.2,0,0,0,40.46944444444445,41.56666666666667,True,0.0,59.9910447761194,65.67647058823529,0,0.0,0.0,0.0
e8dc7cecd22163fc5a6f06b9a64f3ce20f0ea11716c42e6d7212fc6c41e6b8f8,5,2024-03-01 13:32:08,2024-03-01 13:32:08,1,0.0,0.0,0.0,0.0,0.0,0.0,0,0,0,0.0,0.0,False,0.0,0.0,0.0,0,,,
e9713991efde54595ae3ba0b7a6251842a0d1850b4d44fef2d0ed24695a9a676,1,2024-03-01 00:01:06,2024-03-01 00:01:06,1,0.0,0.0,0.0,0.0,0.0,0.0,0,0,0,0.0,0.0,False,1.0,0.0,0.0,0,,,
e9713991efde54595ae3ba0b7a6251842a0d1850b4d44fef2d0ed24695a9a676,2,2024-03-01 01:11:01,2024-03-01 01:11:01,1,0.0,0.0,0.0,0.0,0.0,0.0,0,0,0,0.0,0.0,False,1.0,0.0,0.0,0,,,
e9713991efde54595ae3ba0b7a6251842a0d1850b4d44fef2d0ed24695a9a676,3,2024-03-01 02:16:37,2024-03-01 02:16:37,1,0.0,0.0,0.0,0.0,0.0,0.0,0,0,0,0.0,0.0,False,1.0,0.0,0.0,0,,,
e9713991efde54595ae3ba0b7a6251842a0d1850b4d44fef2d0ed24695a9a676,4,2024-03-01 06:46:52,2024-03-01 06:46:52,1,0.0,0.0,0.0,0.0,0.0,0.0,0,0,0,0.0,0.0,False,0.0,0.0,0.0,0,,,
e9713991efde54595ae3ba0b7a6251842a0d1850b4d44fef2d0ed24695a9a676,5,2024-03-01 16:52:57,2024-03-01 16:52:57,1,0.0,0.0,0.0,0.0,0.0,0.0,0,0,0,0.0,0.0,False,0.0,0.0,0.0,0,,,
e9a11b7067b1fab1f94a58e24bc46afd31eea7bf069ceb83eef764d2174ac152,1,2024-03-01 00:00:01,2024-03-01 00:24:35,277,0.9025270758122743,30.76173285198556,51.39999999999998,0.4444444444444443,0.5111111111111104,1.8399999999999979,0,0,0,12.53361111111111,24.566666666666666,True,1.0,30.76173285198556,34.084,0,0.0,0.0,0.0
e9a11b7067b1fab1f94a58e24bc46afd31eea7bf069ceb83eef764d2174ac152,2,2024-03-01 01:59:51,2024-03-01 01:59:51,1,0.0,0.0,0.0,0.0,0.0,0.0,0,0,0,0.0,0.0,False,1.0,0.0,0.0,0,,,
e9a11b7067b1fab1f94a58e24bc46afd31eea7bf069ceb83eef764d2174ac152,3,2024-03-01 07:09:46,2024-03-01 07:09:46,1,0.0,0.0,0.0,0.0,0.0,0.0,0,0,0,0.0,0.0,False,0.0,0.0,0.0,0,,,
e9a11b7067b1fab1f94a58e24bc46afd31eea7bf069ceb83eef764d2174ac152,4,2024-03-01 08:07:01,2024-03-01 08:26:41,226,0.8141592920353983,22.261061946902654,62.0,0.4444444444444443,0.5439814814814813,1.9583333333333333,0,0,0,7.344444444444445,19.666666666666668,True,0.0,22.261061946902654,27.342391304347824,0,0.0,0.0,0.0
e9a11b7067b1fab1f94a58e24bc46afd31eea7bf069ceb83eef764d2174ac152,5,2024-03-01 09:26:56,2024-03-01 09:26:56,1,0.0,0.0,0.0,0.0,0.0,0.0,0,0,0,0.0,0.0,False,0.0,0.0,0.0,0,,,
e9a11b7067b1fab1f94a58e24bc46afd31eea7bf069ceb83eef764d2174ac152,6,2024-03-01 10:27:09,2024-03-01 10:27:09,1,0.0,0.0,0.0,0.0,0.0,0.0,0,0,0,0.0,0.0,False,0.0,0.0,0.0,0,,,
e9a11b7067b1fab1f94a58e24bc46afd31eea7bf069ceb83eef764d2174ac152,7,2024-03-01 10:46:47,2024-03-01 10:48:44,23,0.6521739130434783,2.391304347826087,8.799999999999997,0.3222222222222221,0.27222222222222214,0.9799999999999998,0,0,0,0.08111111111111113,1.95,True,0.0,2.391304347826087,3.6666666666666665,0,0.0,0.0,0.0
e9a11b7067b1fab1f94a58e24bc46afd31eea7bf069ceb83eef764d2174ac152,8,2024-03-01 11:02:12,2024-03-01 11:03:55,10,0.3,0.3,1.0,0.0305555555555555,0.0025462962962962917,0.00916666666666665,0,0,0,0.0044444444444444444,1.7166666666666666,True,0.0,0.3,1.0,0,0.0,0.0,0.0
e9a11b7067b1fab1f94a58e24bc46afd31eea7bf069ceb83eef764d2174ac152,9,2024-03-01 11:38:12,2024-03-01 11:45:14,79,0.7215189873417721,5.075949367088608,14.199999999999989,0.4884259259259257,0.36309523809523775,1.307142857142856,0,0,0,0.5769444444444445,7.033333333333333,True,0.0,5.075949367088608,7.035087719298246,0,0.0,0.0,0.0
e9a11b7067b1fab1f94a58e24bc46afd31eea7bf069ceb83eef764d2174ac152,10,2024-03-01 11:50:20,2024-03-01 12:06:49,188,0.7712765957446809,24.877659574468087,70.0,0.4250000000000002,0.4444444444444444,1.6,0,0,0,6.858055555555555,16.483333333333334,True,0.0,24.877659574468087,32.255172413793105,0,0.0,0.0,0.0
e9a11b7067b1fab1f94a58e24bc46afd31eea7bf069ceb83eef764d2174ac152,11,2024-03-01 13:07:07,2024-03-01 13:07:07,1,0.0,0.0,0.0,0.0,0.0,0.0,0,0,0,0.0,0.0,False,0.0,0.0,0.0,0,,,
e9a11b7067b1fab1f94a58e24bc46afd31eea7bf069ceb83eef764d2174ac152,12,2024-03-01 13:25:03,2024-03-01 14:10:38,504,0.27380952380952384,4.505952380952381,25.0,0.27083333333333176,0.22222222222222232,0.8,1,0,0,3.3547222222222217,45.583333333333336,True,0.0,4.505952380952381,16.456521739130434,0,0.0,0.29808727332946927,0.0
e9a11b7067b1fab1f94a58e24bc46afd31eea7bf069ceb83eef764d2174ac152,13,2024-03-01 14:34:03,2024-03-01 15:02:16,289,0.9238754325259516,22.05536332179931,55.0,0.4555555555555549,0.5555555555555556,2.0,0,0,0,10.0075,28.216666666666665,True,0.0,22.05536332179931,23.872659176029963,0,0.0,0.0,0.0
e9a11b7067b1fab1f94a58e24bc46afd31eea7bf069ceb83eef764d2174ac152,14,2024-03-01 16:04:40,2024-03-01 16:04:40,1,0.0,0.0,0.0,0.0,0.0,0.0,0,0,0,0.0,0.0,False,0.0,0.0,0.0,0,,,
e9a11b7067b1fab1f94a58e24bc46afd31eea7bf069ceb83eef764d2174ac152,15,2024-03-01 16:19:08,2024-03-01 16:21:37,29,0.5172413793103449,4.9655172413793105,15.199999999999996,0.3962962962962961,0.3444444444444442,1.239999999999999,0,0,0,0.21444444444444447,2.4833333333333334,True,0.0,4.9655172413793105,9.6,0,0.0,0.0,0.0
e9a11b7067b1fab1f94a58e24bc46afd31eea7bf069ceb83eef764d2174ac152,16,2024-03-01 16:28:28,2024-03-01 16:53:11,223,0.9282511210762332,25.09865470852018,61.0,0.3333333333333333,0.41388888888888825,1.4899999999999978,0,0,0,9.995,24.716666666666665,True,0.0,25.09865470852018,27.03864734299517,0,0.0,0.0,0.0
e9a11b7067b1fab1f94a58e24bc46afd31eea7bf069ceb83eef764d2174ac152,17,2024-03-01 16:58:36,2024-03-01 17:27:31,290,0.8241379310344827,24.03448275862069,70.0,0.3537037037037041,0.3638888888888896,1.3100000000000023,0,0,0,13.739722222222222,28.916666666666668,True,0.0,24.03448275862069,29.16317991631799,0,0.0,0.0,0.0
e9a11b7067b1fab1f94a58e24bc46afd31eea7bf069ceb83eef764d2174ac152,18,2024-03-01 18:27:41,2024-03-01 18:27:41,1,0.0,0.0,0.0,0.0,0.0,0.0,0,0,0,0.0,0.0,False,0.0,0.0,0.0,0,,,
e9a18d1f9e406fe8669122cafb4f2b4431e69b7e8d57475dcf4b8391a93846a5,1,2024-03-01 04:36:31,2024-03-01 04:36:31,1,1.0,1.0,1.0,0.0,0.0,0.0,0,0,0,0.0,0.0,False,1.0,1.0,1.0,0,,,
e9a18d1f9e406fe8669122cafb4f2b4431e69b7e8d57475dcf4b8391a93846a5,2,2024-03-01 07:02:09,2024-03-01 07:02:09,1,0.0,0.0,0.0,0.0,0.0,0.0,0,0,0,0.0,0.0,False,0.0,0.0,0.0,0,,,
e9a18d1f9e406fe8669122cafb4f2b4431e69b7e8d57475dcf4b8391a93846a5,3,2024-03-01 08:15:06,2024-03-01 08:15:06,1,1.0,1.0,1.0,0.0,0.0,0.0,0,0,0,0.0,0.0,False,0.0,1.0,1.0,0,,,
e9a18d1f9e406fe8669122cafb4f2b4431e69b7e8d57475dcf4b8391a93846a5,4,2024-03-01 09:27:50,2024-03-01 09:27:50,1,1.0,1.0,1.0,0.0,0.0,0.0,0,0,0,0.0,0.0,False,0.0,1.0,1.0,0,,,
e9a18d1f9e406fe8669122cafb4f2b4431e69b7e8d57475dcf4b8391a93846a5,5,2024-03-01 16:45:43,2024-03-01 16:45:43,1,0.0,0.0,0.0,0.0,0.0,0.0,0,0,0,0.0,0.0,False,0.0,0.0,0.0,0,,,
e9a18d1f9e406fe8669122cafb4f2b4431e69b7e8d57475dcf4b8391a93846a5,6,2024-03-01 17:44:25,2024-03-01 17:50:11,69,0.7101449275362319,13.304347826086957,50.0,1.2666666666666657,0.9518518518518512,3.426666666666664,0,0,0,1.218611111111111,5.766666666666667,True,0.0,13.304347826086957,18.73469387755102,0,0.0,0.0,0.0
ea51316e0ca24b7181ed176f6a57e9beef02f418c29d581e9bc4ec7e3076dd2b,1,2024-03-01 01:21:32,2024-03-01 01:21:32,1,0.0,0.0,0.0,0.0,0.0,0.0,0,0,0,0.0,0.0,False,1.0,0.0,0.0,0,,,
ea51316e0ca24b7181ed176f6a57e9beef02f418c29d581e9bc4ec7e3076dd2b,2,2024-03-01 03:37:49,2024-03-01 03:37:49,1,0.0,0.0,0.0,0.0,0.0,0.0,0,0,0,0.0,0.0,False,1.0,0.0,0.0,0,,,
ea51316e0ca24b7181ed176f6a57e9beef02f418c29d581e9bc4ec7e3076dd2b,3,2024-03-01 05:54:07,2024-03-01 05:54:07,1,1.0,1.0,1.0,0.0,0.0,0.0,0,0,0,0.0,0.0,False,1.0,1.0,1.0,0,,,
ea51316e0ca24b7181ed176f6a57e9beef02f418c29d581e9bc4ec7e3076dd2b,4,2024-03-01 07:02:17,2024-03-01 07:02:17,1,0.0,0.0,0.0,0.0,0.0,0.0,0,0,0,0.0,0.0,False,0.0,0.0,0.0,0,,,
ea51316e0ca24b7181ed176f6a57e9beef02f418c29d581e9bc4ec7e3076dd2b,5,2024-03-01 09:19:13,2024-03-01 09:19:13,1,0.0,0.0,0.0,0.0,0.0,0.0,0,0,0,0.0,0.0,False,0.0,0.0,0.0,0,,,
ea51316e0ca24b7181ed176f6a57e9beef02f418c29d581e9bc4ec7e3076dd2b,6,2024-03-01 18:22:14,2024-03-01 18:22:14,1,1.0,12.0,12.0,0.0,0.0,0.0,0,0,0,0.0,0.0,False,0.0,12.0,12.0,0,,,
ea67881bad0c221633197e370b07ab89d7db289ecc1164bb59f2cbab3c309dfe,1,2024-03-01 01:10:39,2024-03-01 01:13:18,2,0.0,0.0,0.0,0.0,0.0,0.0,0,0,0,0.0,2.65,False,1.0,0.0,0.0,0,,,
ea67881bad0c221633197e370b07ab89d7db289ecc1164bb59f2cbab3c309dfe,2,2024-03-01 06:31:01,2024-03-01 06:31:01,1,0.0,0.0,0.0,0.0,0.0,0.0,0,0,0,0.0,0.0,False,0.0,0.0,0.0,0,,,
ea67881bad0c221633197e370b07ab89d7db289ecc1164bb59f2cbab3c309dfe,3,2024-03-01 07:50:46,2024-03-01 07:50:46,1,1.0,1.0,1.0,0.0,0.0,0.0,0,0,0,0.0,0.0,False,0.0,1.0,1.0,0,,,
ea67881bad0c221633197e370b07ab89d7db289ecc1164bb59f2cbab3c309dfe,4,2024-03-01 09:10:49,2024-03-01 09:10:49,1,1.0,1.0,1.0,0.0,0.0,0.0,0,0,0,0.0,0.0,False,0.0,1.0,1.0,0,,,
ea67881bad0c221633197e370b07ab89d7db289ecc1164bb59f2cbab3c309dfe,5,2024-03-01 14:29:12,2024-03-01 14:29:12,1,1.0,14.0,14.0,0.0,0.0,0.0,0,0,0,0.0,0.0,False,0.0,14.0,14.0,0,,,
ea67881bad0c221633197e370b07ab89d7db289ecc1164bb59f2cbab3c309dfe,6,2024-03-01 18:26:17,2024-03-01 18:26:17,1,0.0,0.0,0.0,0.0,0.0,0.0,0,0,0,0.0,0.0,False,0.0,0.0,0.0,0,,,
ea8425b0a045763741e7fd74e5e1f1c61fa8e3fd53001e93e286b6974871e250,1,2024-03-01 13:17:20,2024-03-01 14:02:23,523,0.8948374760994264,67.35372848948374,144.0,0.8333333333333336,0.8333333333333335,3.0,1,1,0,51.485,45.05,True,0.0,67.35372848948374,75.26923076923077,0,0.01942313295134505,0.01942313295134505,0.0
ea8425b0a045763741e7fd74e5e1f1c61fa8e3fd53001e93e286b6974871e250,2,2024-03-01 15:02:16,2024-03-01 15:02:16,1,0.0,0.0,0.0,0.0,0.0,0.0,0,0,0,0.0,0.0,False,0.0,0.0,0.0,0,,,
ea8425b0a045763741e7fd74e5e1f1c61fa8e3fd53001e93e286b6974871e250,3,2024-03-01 17:06:25,2024-03-01 17:06:25,1,1.0,1.0,1.0,0.0,0.0,0.0,0,0,0,0.0,0.0,False,0.0,1.0,1.0,0,,,
ea8425b0a045763741e7fd74e5e1f1c61fa8e3fd53001e93e286b6974871e250,4,2024-03-01 18:12:01,2024-03-01 18:12:01,1,0.0,0.0,0.0,0.0,0.0,0.0,0,0,0,0.0,0.0,False,0.0,0.0,0.0,0,,,
ead9563c1c7594e0a783071703af942fe38f5d6aab18bf8643a203a4139e6a51,1,2024-03-01 01:18:59,2024-03-01 02:00:15,411,0.9829683698296837,80.03406326034063,87.0,0.22222222222222215,0.24999999999999994,0.9,0,0,0,54.46777777777778,41.266666666666666,True,1.0,80.03406326034063,81.42079207920793,0,0.0,0.0,0.0
ead9563c1c7594e0a783071703af942fe38f5d6aab18bf8643a203a4139e6a51,2,2024-03-01 02:27:13,2024-03-01 03:56:09,920,0.9597826086956521,86.64565217391305,114.0,0.4180555555555543,0.3245370370370369,1.168333333333332,0,0,0,126.95027777777776,88.93333333333334,True,1.0,86.64565217391305,90.27633069082673,0,0.0,0.0,0.0
ead9563c1c7594e0a783071703af942fe38f5d6aab18bf8643a203a4139e6a51,3,2024-03-01 04:56:06,2024-03-01 04:56:06,1,0.0,0.0,0.0,0.0,0.0,0.0,0,0,0,0.0,0.0,False,1.0,0.0,0.0,0,,,
ead9563c1c7594e0a783071703af942fe38f5d6aab18bf8643a203a4139e6a51,4,2024-03-01 07:09:36,2024-03-01 07:09:36,1,0.0,0.0,0.0,0.0,0.0,0.0,0,0,0,0.0,0.0,False,0.0,0.0,0.0,0,,,
ead9563c1c7594e0a783071703af942fe38f5d6aab18bf8643a203a4139e6a51,5,2024-03-01 08:21:27,2024-03-01 08:21:27,1,0.0,0.0,0.0,0.0,0.0,0.0,0,0,0,0.0,0.0,False,0.0,0.0,0.0,0,,,
ead9563c1c7594e0a783071703af942fe38f5d6aab18bf8643a203a4139e6a51,6,2024-03-01 12:02:00,2024-03-01 12:02:00,1,0.0,0.0,0.0,0.0,0.0,0.0,0,0,0,0.0,0.0,False,0.0,0.0,0.0,0,,,
ead9563c1c7594e0a783071703af942fe38f5d6aab18bf8643a203a4139e6a51,7,2024-03-01 13:44:13,2024-03-01 13:45:47,2,0.0,0.0,0.0,0.0,0.0,0.0,0,0,0,0.0,1.5666666666666667,False,0.0,0.0,0.0,0,,,
ead9563c1c7594e0a783071703af942fe38f5d6aab18bf8643a203a4139e6a51,8,2024-03-01 13:59:02,2024-03-01 14:03:09,47,0.7446808510638298,26.382978723404257,76.1,1.2722222222222206,0.761111111111111,2.739999999999999,1,0,0,1.8900000000000001,4.116666666666666,True,0.0,26.382978723404257,35.42857142857143,0,0.0,0.5291005291005291,0.0
ead9563c1c7594e0a783071703af942fe38f5d6aab18bf8643a203a4139e6a51,9,2024-03-01 14:16:19,2024-03-01 14:21:49,60,0.8166666666666667,27.583333333333332,74.0,0.6990740740740736,0.7277777777777775,2.6199999999999988,0,0,0,2.6275,5.5,True,0.0,27.583333333333332,33.775510204081634,0,0.0,0.0,0.0
ead9563c1c7594e0a783071703af942fe38f5d6aab18bf8643a203a4139e6a51,10,2024-03-01 15:21:46,2024-03-01 15:21:46,1,0.0,0.0,0.0,0.0,0.0,0.0,0,0,0,0.0,0.0,False,0.0,0.0,0.0,0,,,
ebec6732f1ed8c76daf180a40bc271e777bed13189235843d6663477370ea18a,1,2024-03-01 00:08:13,2024-03-01 00:08:13,1,0.0,0.0,0.0,0.0,0.0,0.0,0,0,0,0.0,0.0,False,1.0,0.0,0.0,0,,,
ebec6732f1ed8c76daf180a40bc271e777bed13189235843d6663477370ea18a,2,2024-03-01 02:04:30,2024-03-01 02:04:30,1,0.0,0.0,0.0,0.0,0.0,0.0,0,0,0,0.0,0.0,False,1.0,0.0,0.0,0,,,
ebec6732f1ed8c76daf180a40bc271e777bed13189235843d6663477370ea18a,3,2024-03-01 06:26:33,2024-03-01 06:28:49,2,0.0,0.0,0.0,0.0,0.0,0.0,0,0,0,0.0,2.2666666666666666,False,0.0,0.0,0.0,0,,,
ebec6732f1ed8c76daf180a40bc271e777bed13189235843d6663477370ea18a,4,2024-03-01 07:33:35,2024-03-01 07:37:58,57,0.6666666666666666,9.929824561403509,29.39999999999999,0.9888888888888885,1.0555555555555551,3.799999999999999,0,0,0,0.7324999999999999,4.383333333333334,True,0.0,9.929824561403509,14.894736842105264,0,0.0,0.0,0.0
ebec6732f1ed8c76daf180a40bc271e777bed13189235843d6663477370ea18a,5,2024-03-01 08:38:15,2024-03-01 08:38:15,1,0.0,0.0,0.0,0.0,0.0,0.0,0,0,0,0.0,0.0,False,0.0,0.0,0.0,0,,,
ebec6732f1ed8c76daf180a40bc271e777bed13189235843d6663477370ea18a,6,2024-03-01 12:54:50,2024-03-01 12:54:50,1,0.0,0.0,0.0,0.0,0.0,0.0,0,0,0,0.0,0.0,False,0.0,0.0,0.0,0,,,
ebec6732f1ed8c76daf180a40bc271e777bed13189235843d6663477370ea18a,7,2024-03-01 13:05:19,2024-03-01 13:05:40,5,1.0,35.8,45.2,0.3999999999999999,0.622222222222222,2.2399999999999998,0,0,0,0.20888888888888887,0.35,True,0.0,35.8,35.8,0,0.0,0.0,0.0
ebec6732f1ed8c76daf180a40bc271e777bed13189235843d6663477370ea18a,8,2024-03-01 13:12:40,2024-03-01 13:14:13,15,0.8,31.933333333333334,56.199999999999996,0.3129629629629627,0.9444444444444443,3.4,0,0,0,0.988888888888889,1.55,True,0.0,31.933333333333334,39.916666666666664,0,0.0,0.0,0.0
ebec6732f1ed8c76daf180a40bc271e777bed13189235843d6663477370ea18a,9,2024-03-01 14:14:28,2024-03-01 14:14:28,1,0.0,0.0,0.0,0.0,0.0,0.0,0,0,0,0.0,0.0,False,0.0,0.0,0.0,0,,,
ebec6732f1ed8c76daf180a40bc271e777bed13189235843d6663477370ea18a,10,2024-03-01 16:18:06,2024-03-01 16:18:06,1,0.0,0.0,0.0,0.0,0.0,0.0,0,0,0,0.0,0.0,False,0.0,0.0,0.0,0,,,
ebec6732f1ed8c76daf180a40bc271e777bed13189235843d6663477370ea18a,11,2024-03-01 17:22:30,2024-03-01 17:22:30,1,0.0,0.0,0.0,0.0,0.0,0.0,0,0,0,0.0,0.0,False,0.0,0.0,0.0,0,,,
ebec6732f1ed8c76daf180a40bc271e777bed13189235843d6663477370ea18a,12,2024-03-01 18:05:33,2024-03-01 18:08:50,38,1.0,48.473684210526315,68.0,0.810648148148148,0.7416666666666659,2.6699999999999973,0,0,0,2.6725,3.283333333333333,True,0.0,48.473684210526315,48.473684210526315,0,0.0,0.0,0.0
ebec6732f1ed8c76daf180a40bc271e777bed13189235843d6663477370ea18a,13,2024-03-01 18:22:17,2024-03-01 18:22:48,7,0.42857142857142855,3.4285714285714284,13.299999999999994,0.4472222222222221,0.5833333333333328,2.099999999999998,0,0,0,0.03527777777777777,0.5166666666666667,True,0.0,3.4285714285714284,8.0,0,0.0,0.0,0.0
edb6058561ab4e6527b61d2e6e898d380d6193a00b680a23bbcf0ada2e3b517f,1,2024-03-01 01:59:25,2024-03-01 01:59:25,1,0.0,0.0,0.0,0.0,0.0,0.0,0,0,0,0.0,0.0,False,1.0,0.0,0.0,0,,,
edb6058561ab4e6527b61d2e6e898d380d6193a00b680a23bbcf0ada2e3b517f,2,2024-03-01 04:17:04,2024-03-01 04:17:04,1,0.0,0.0,0.0,0.0,0.0,0.0,0,0,0,0.0,0.0,False,1.0,0.0,0.0,0,,,
edb6058561ab4e6527b61d2e6e898d380d6193a00b680a23bbcf0ada2e3b517f,3,2024-03-01 05:26:42,2024-03-01 05:26:42,1,0.0,0.0,0.0,0.0,0.0,0.0,0,0,0,0.0,0.0,False,1.0,0.0,0.0,0,,,
edb6058561ab4e6527b61d2e6e898d380d6193a00b680a23bbcf0ada2e3b517f,4,2024-03-01 06:34:55,2024-03-01 06:34:55,1,0.0,0.0,0.0,0.0,0.0,0.0,0,0,0,0.0,0.0,False,0.0,0.0,0.0,0,,,
edb6058561ab4e6527b61d2e6e898d380d6193a00b680a23bbcf0ada2e3b517f,5,2024-03-01 07:43:57,2024-03-01 07:43:57,1,0.0,0.0,0.0,0.0,0.0,0.0,0,0,0,0.0,0.0,False,0.0,0.0,0.0,0,,,
edb6058561ab4e6527b61d2e6e898d380d6193a00b680a23bbcf0ada2e3b517f,6,2024-03-01 08:52:55,2024-03-01 08:52:55,1,0.0,0.0,0.0,0.0,0.0,0.0,0,0,0,0.0,0.0,False,0.0,0.0,0.0,0,,,
edb6058561ab4e6527b61d2e6e898d380d6193a00b680a23bbcf0ada2e3b517f,7,2024-03-01 10:01:53,2024-03-01 10:04:11,2,0.5,0.5,0.95,0.0,0.0019122383252818038,0.006884057971014493,0,0,0,0.0,2.3,False,0.0,0.5,1.0,0,,,
edb6058561ab4e6527b61d2e6e898d380d6193a00b680a23bbcf0ada2e3b517f,8,2024-03-01 10:11:03,2024-03-01 10:27:24,196,0.7551020408163265,28.6734693877551,62.0,0.9791666666666661,1.0578703703703702,3.808333333333333,0,0,0,7.815555555555556,16.35,True,0.0,28.6734693877551,37.972972972972975,0,0.0,0.0,0.0
edb6058561ab4e6527b61d2e6e898d380d6193a00b680a23bbcf0ada2e3b517f,9,2024-03-01 11:27:49,2024-03-01 11:27:49,1,0.0,0.0,0.0,0.0,0.0,0.0,0,0,0,0.0,0.0,False,0.0,0.0,0.0,0,,,
edb6058561ab4e6527b61d2e6e898d380d6193a00b680a23bbcf0ada2e3b517f,10,2024-03-01 12:27:52,2024-03-01 12:27:52,1,0.0,0.0,0.0,0.0,0.0,0.0,0,0,0,0.0,0.0,False,0.0,0.0,0.0,0,,,
edb6058561ab4e6527b61d2e6e898d380d6193a00b680a23bbcf0ada2e3b517f,11,2024-03-01 12:35:07,2024-03-01 12:38:44,44,0.7045454545454546,15.340909090909092,38.0,0.8000000000000003,0.9916666666666667,3.5700000000000003,0,0,0,0.9502777777777777,3.6166666666666667,True,0.0,15.340909090909092,21.774193548387096,0,0.0,0.0,0.0
edb6058561ab4e6527b61d2e6e898d380d6193a00b680a23bbcf0ada2e3b517f,12,2024-03-01 13:39:06,2024-03-01 13:39:06,1,0.0,0.0,0.0,0.0,0.0,0.0,0,0,0,0.0,0.0,False,0.0,0.0,0.0,0,,,
edb6058561ab4e6527b61d2e6e898d380d6193a00b680a23bbcf0ada2e3b517f,13,2024-03-01 13:57:16,2024-03-01 14:03:30,74,0.6756756756756757,11.256756756756756,27.69999999999999,0.7222222222222222,0.7041666666666665,2.5349999999999993,0,0,0,1.2036111111111112,6.233333333333333,True,0.0,11.256756756756756,16.66,0,0.0,0.0,0.0
edb6058561ab4e6527b61d2e6e898d380d6193a00b680a23bbcf0ada2e3b517f,14,2024-03-01 14:17:18,2024-03-01 14:26:27,105,0.4857142857142857,11.057142857142857,47.599999999999994,0.6944444444444443,0.6777777777777774,2.439999999999999,0,0,0,1.7033333333333334,9.15,True,0.0,11.057142857142857,22.764705882352942,0,0.0,0.0,0.0
edb6058561ab4e6527b61d2e6e898d380d6193a00b680a23bbcf0ada2e3b517f,15,2024-03-01 16:39:29,2024-03-01 16:39:29,1,0.0,0.0,0.0,0.0,0.0,0.0,0,0,0,0.0,0.0,False,0.0,0.0,0.0,0,,,
edb6058561ab4e6527b61d2e6e898d380d6193a00b680a23bbcf0ada2e3b517f,16,2024-03-01 17:47:22,2024-03-01 17:47:22,1,0.0,0.0,0.0,0.0,0.0,0.0,0,0,0,0.0,0.0,False,0.0,0.0,0.0,0,,,
edde8239d1b568603d1a35cbd6a890e739fe3bc43ba2a82128be817c22fe8ad3,1,2024-03-01 09:12:32,2024-03-01 09:36:59,239,1.0,79.91213389121339,125.0,0.7222222222222221,0.7833333333333331,2.8199999999999985,1,1,0,32.70305555555556,24.45,True,0.0,79.91213389121339,79.91213389121339,0,0.03057818246680993,0.03057818246680993,0.0
ee5ab9b57770b713c823e2ebcf093b0d5ea73a93b1fd669ea488c4b27ed13e39,1,2024-03-01 00:37:10,2024-03-01 00:37:10,1,0.0,0.0,0.0,0.0,0.0,0.0,0,0,0,0.0,0.0,False,1.0,0.0,0.0,0,,,
ee5ab9b57770b713c823e2ebcf093b0d5ea73a93b1fd669ea488c4b27ed13e39,2,2024-03-01 01:47:53,2024-03-01 01:47:53,1,0.0,0.0,0.0,0.0,0.0,0.0,0,0,0,0.0,0.0,False,1.0,0.0,0.0,0,,,
ee5ab9b57770b713c823e2ebcf093b0d5ea73a93b1fd669ea488c4b27ed13e39,3,2024-03-01 02:58:29,2024-03-01 02:58:29,1,0.0,0.0,0.0,0.0,0.0,0.0,0,0,0,0.0,0.0,False,1.0,0.0,0.0,0,,,
ee5ab9b57770b713c823e2ebcf093b0d5ea73a93b1fd669ea488c4b27ed13e39,4,2024-03-01 06:30:13,2024-03-01 06:30:13,1,0.0,0.0,0.0,0.0,0.0,0.0,0,0,0,0.0,0.0,False,0.0,0.0,0.0,0,,,
ee5ab9b57770b713c823e2ebcf093b0d5ea73a93b1fd669ea488c4b27ed13e39,5,2024-03-01 07:40:51,2024-03-01 07:40:51,1,0.0,0.0,0.0,0.0,0.0,0.0,0,0,0,0.0,0.0,False,0.0,0.0,0.0,0,,,
ee5ab9b57770b713c823e2ebcf093b0d5ea73a93b1fd669ea488c4b27ed13e39,6,2024-03-01 08:51:31,2024-03-01 08:51:31,1,1.0,1.0,1.0,0.0,0.0,0.0,0,0,0,0.0,0.0,False,0.0,1.0,1.0,0,,,
ee5ab9b57770b713c823e2ebcf093b0d5ea73a93b1fd669ea488c4b27ed13e39,7,2024-03-01 10:02:09,2024-03-01 10:02:09,1,0.0,0.0,0.0,0.0,0.0,0.0,0,0,0,0.0,0.0,False,0.0,0.0,0.0,0,,,
ee5ab9b57770b713c823e2ebcf093b0d5ea73a93b1fd669ea488c4b27ed13e39,8,2024-03-01 11:12:46,2024-03-01 11:12:46,1,0.0,0.0,0.0,0.0,0.0,0.0,0,0,0,0.0,0.0,False,0.0,0.0,0.0,0,,,
ee5ab9b57770b713c823e2ebcf093b0d5ea73a93b1fd669ea488c4b27ed13e39,9,2024-03-01 14:44:08,2024-03-01 14:44:08,1,1.0,3.0,3.0,0.0,0.0,0.0,0,0,0,0.0,0.0,False,0.0,3.0,3.0,0,,,
ee5ab9b57770b713c823e2ebcf093b0d5ea73a93b1fd669ea488c4b27ed13e39,10,2024-03-01 17:04:30,2024-03-01 17:04:30,1,1.0,1.0,1.0,0.0,0.0,0.0,0,0,0,0.0,0.0,False,0.0,1.0,1.0,0,,,
ee5ab9b57770b713c823e2ebcf093b0d5ea73a93b1fd669ea488c4b27ed13e39,11,2024-03-01 18:14:42,2024-03-01 18:14:42,1,0.0,0.0,0.0,0.0,0.0,0.0,0,0,0,0.0,0.0,False,0.0,0.0,0.0,0,,,
ef1a4af1bb3ee0904baa95391f3ff0a81ed346c23c557a6e0324e9b9f66d92a3,1,2024-03-01 00:23:53,2024-03-01 00:23:53,1,1.0,18.0,18.0,0.0,0.0,0.0,0,0,0,0.0,0.0,False,1.0,18.0,18.0,0,,,
ef1a4af1bb3ee0904baa95391f3ff0a81ed346c23c557a6e0324e9b9f66d92a3,2,2024-03-01 02:46:24,2024-03-01 02:46:24,1,1.0,1.0,1.0,0.0,0.0,0.0,0,0,0,0.0,0.0,False,1.0,1.0,1.0,0,,,
ef1a4af1bb3ee0904baa95391f3ff0a81ed346c23c557a6e0324e9b9f66d92a3,3,2024-03-01 03:57:43,2024-03-01 03:57:43,1,0.0,0.0,0.0,0.0,0.0,0.0,0,0,0,0.0,0.0,False,1.0,0.0,0.0,0,,,
ef1a4af1bb3ee0904baa95391f3ff0a81ed346c23c557a6e0324e9b9f66d92a3,4,2024-03-01 06:20:25,2024-03-01 06:22:44,2,0.5,1.5,2.8499999999999996,0.0,0.005695443645083932,0.02050359712230216,0,0,0,0.0,2.316666666666667,False,0.0,1.5,3.0,0,,,
ef1a4af1bb3ee0904baa95391f3ff0a81ed346c23c557a6e0324e9b9f66d92a3,5,2024-03-01 06:46:01,2024-03-01 08:00:03,719,0.8831710709318498,46.07371349095967,103.0,0.7222222222222221,0.7222222222222221,2.6,1,0,0,49.12208333333333,74.03333333333333,True,0.0,46.07371349095967,52.16850393700788,0,0.0,0.020357442765897894,0.0
ef1a4af1bb3ee0904baa95391f3ff0a81ed346c23c557a6e0324e9b9f66d92a3,6,2024-03-01 09:57:01,2024-03-01 09:57:41,2,0.0,0.0,0.0,0.0,0.0,0.0,0,0,0,0.0,0.6666666666666666,False,0.0,0.0,0.0,0,,,
ef1f88c28e4e92dd2391faf567ba27cb1f63745b3a1cb2e4e21152f5d9396490,1,2024-03-01 09:12:04,2024-03-01 09:28:33,178,0.6348314606741573,27.207865168539325,77.30000000000001,1.3888888888888877,1.3888888888888886,5.0,1,1,0,6.7175,16.483333333333334,True,0.0,27.207865168539325,42.85840707964602,0,0.148864905098623,0.148864905098623,0.0
ef1f88c28e4e92dd2391faf567ba27cb1f63745b3a1cb2e4e21152f5d9396490,2,2024-03-01 13:02:34,2024-03-01 13:15:21,151,0.8145695364238411,32.205298013245034,80.0,0.9814814814814814,1.6851851851851851,6.066666666666666,0,0,0,6.668055555555555,12.783333333333333,True,0.0,32.205298013245034,39.53658536585366,0,0.0,0.0,0.0
ef1f88c28e4e92dd2391faf567ba27cb1f63745b3a1cb2e4e21152f5d9396490,3,2024-03-01 15:00:46,2024-03-01 15:17:17,174,0.8275862068965517,27.126436781609197,62.0,0.7222222222222222,0.8722222222222216,3.139999999999998,0,0,0,6.828055555555554,16.516666666666666,True,0.0,27.126436781609197,32.77777777777778,0,0.0,0.0,0.0
ef6feb818f9a50244b989853f10323e14c199e4ef3c838986758d12da24090c9,1,2024-03-01 04:03:38,2024-03-01 04:03:38,1,0.0,0.0,0.0,0.0,0.0,0.0,0,0,0,0.0,0.0,False,1.0,0.0,0.0,0,,,
ef6feb818f9a50244b989853f10323e14c199e4ef3c838986758d12da24090c9,2,2024-03-01 09:13:27,2024-03-01 09:21:17,91,0.8461538461538461,14.87912087912088,35.0,0.4814814814814815,0.5509259259259259,1.9833333333333334,0,0,0,1.9605555555555554,7.833333333333333,True,0.0,14.87912087912088,17.584415584415584,0,0.0,0.0,0.0
ef6feb818f9a50244b989853f10323e14c199e4ef3c838986758d12da24090c9,3,2024-03-01 10:21:35,2024-03-01 10:21:35,1,0.0,0.0,0.0,0.0,0.0,0.0,0,0,0,0.0,0.0,False,0.0,0.0,0.0,0,,,
ef6feb818f9a50244b989853f10323e14c199e4ef3c838986758d12da24090c9,4,2024-03-01 18:22:28,2024-03-01 18:30:03,86,0.813953488372093,10.953488372093023,26.5,0.5,0.5416666666666665,1.95,0,0,0,1.384722222222222,7.583333333333333,True,0.0,10.953488372093023,13.457142857142857,0,0.0,0.0,0.0
ef7aff2091a08b31e5f989c1de7595714292359485e58bf662bb40ddc4554d82,1,2024-03-01 01:18:53,2024-03-01 01:18:53,1,0.0,0.0,0.0,0.0,0.0,0.0,0,0,0,0.0,0.0,False,1.0,0.0,0.0,0,,,
ef7aff2091a08b31e5f989c1de7595714292359485e58bf662bb40ddc4554d82,2,2024-03-01 08:28:44,2024-03-01 08:28:44,1,0.0,0.0,0.0,0.0,0.0,0.0,0,0,0,0.0,0.0,False,0.0,0.0,0.0,0,,,
ef7aff2091a08b31e5f989c1de7595714292359485e58bf662bb40ddc4554d82,3,2024-03-01 08:36:50,2024-03-01 08:48:47,109,0.5688073394495413,13.79816513761468,52.19999999999999,0.7685185185185182,0.8481481481481477,3.0533333333333315,0,0,0,2.213611111111111,11.95,True,0.0,13.79816513761468,24.258064516129032,0,0.0,0.0,0.0
ef7aff2091a08b31e5f989c1de7595714292359485e58bf662bb40ddc4554d82,4,2024-03-01 08:57:09,2024-03-01 09:05:01,78,0.8589743589743589,14.884615384615385,31.599999999999966,0.7442129629629628,1.1527777777777755,4.1499999999999915,0,0,0,2.287777777777778,7.866666666666666,True,0.0,14.884615384615385,17.328358208955223,0,0.0,0.0,0.0
ef7aff2091a08b31e5f989c1de7595714292359485e58bf662bb40ddc4554d82,5,2024-03-01 09:44:01,2024-03-01 09:44:01,1,0.0,0.0,0.0,0.0,0.0,0.0,0,0,0,0.0,0.0,False,0.0,0.0,0.0,0,,,
ef7aff2091a08b31e5f989c1de7595714292359485e58bf662bb40ddc4554d82,6,2024-03-01 12:06:57,2024-03-01 12:06:57,1,0.0,0.0,0.0,0.0,0.0,0.0,0,0,0,0.0,0.0,False,0.0,0.0,0.0,0,,,
ef7aff2091a08b31e5f989c1de7595714292359485e58bf662bb40ddc4554d82,7,2024-03-01 12:59:17,2024-03-01 13:07:30,82,0.4878048780487805,9.573170731707316,38.0,0.5532407407407409,0.6106481481481482,2.1983333333333337,0,0,0,1.176388888888889,8.216666666666667,True,0.0,9.573170731707316,19.625,0,0.0,0.0,0.0
ef7aff2091a08b31e5f989c1de7595714292359485e58bf662bb40ddc4554d82,8,2024-03-01 13:57:37,2024-03-01 14:04:10,76,0.631578947368421,11.157894736842104,33.5,0.75,0.673611111111111,2.425,0,0,0,1.1994444444444443,6.55,True,0.0,11.157894736842104,17.666666666666668,0,0.0,0.0,0.0
ef7aff2091a08b31e5f989c1de7595714292359485e58bf662bb40ddc4554d82,9,2024-03-01 15:03:58,2024-03-01 15:03:58,1,0.0,0.0,0.0,0.0,0.0,0.0,0,0,0,0.0,0.0,False,0.0,0.0,0.0,0,,,
ef7aff2091a08b31e5f989c1de7595714292359485e58bf662bb40ddc4554d82,10,2024-03-01 17:17:02,2024-03-01 17:17:02,1,0.0,0.0,0.0,0.0,0.0,0.0,0,0,0,0.0,0.0,False,0.0,0.0,0.0,0,,,
ef7aff2091a08b31e5f989c1de7595714292359485e58bf662bb40ddc4554d82,11,2024-03-01 17:22:28,2024-03-01 17:33:26,117,0.8632478632478633,22.28205128205128,48.0,0.7888888888888883,0.7888888888888883,2.8399999999999976,0,0,0,3.779722222222222,10.966666666666667,True,0.0,22.28205128205128,25.81188118811881,0,0.0,0.0,0.0
ef7aff2091a08b31e5f989c1de7595714292359485e58bf662bb40ddc4554d82,12,2024-03-01 18:09:57,2024-03-01 18:11:21,14,0.35714285714285715,1.2142857142857142,5.699999999999999,0.15277777777777768,0.13055555555555554,0.4699999999999999,0,0,0,0.024722222222222222,1.4,True,0.0,1.2142857142857142,3.4,0,0.0,0.0,0.0
ef9fbea1c5100e16cfad5737884ed0bffc4524418aa6c63042142254b935f7e8,1,2024-03-01 06:20:47,2024-03-01 06:20:47,1,0.0,0.0,0.0,0.0,0.0,0.0,0,0,0,0.0,0.0,False,0.0,0.0,0.0,0,,,
ef9fbea1c5100e16cfad5737884ed0bffc4524418aa6c63042142254b935f7e8,2,2024-03-01 07:11:32,2024-03-01 07:14:37,35,0.7428571428571429,11.771428571428572,31.599999999999994,0.7027777777777777,0.7027777777777777,2.53,0,0,0,0.6041666666666666,3.0833333333333335,True,0.0,11.771428571428572,15.846153846153847,0,0.0,0.0,0.0
ef9fbea1c5100e16cfad5737884ed0bffc4524418aa6c63042142254b935f7e8,3,2024-03-01 08:15:18,2024-03-01 08:15:18,1,0.0,0.0,0.0,0.0,0.0,0.0,0,0,0,0.0,0.0,False,0.0,0.0,0.0,0,,,
ef9fbea1c5100e16cfad5737884ed0bffc4524418aa6c63042142254b935f7e8,4,2024-03-01 12:50:06,2024-03-01 12:50:06,1,0.0,0.0,0.0,0.0,0.0,0.0,0,0,0,0.0,0.0,False,0.0,0.0,0.0,0,,,
ef9fbea1c5100e16cfad5737884ed0bffc4524418aa6c63042142254b935f7e8,5,2024-03-01 13:47:49,2024-03-01 14:18:27,354,0.2598870056497175,4.418079096045198,25.699999999999932,0.5194444444444425,0.5254629629629614,1.8916666666666608,0,0,0,2.0766666666666667,30.633333333333333,True,0.0,4.418079096045198,17.0,0,0.0,0.0,0.0
ef9fbea1c5100e16cfad5737884ed0bffc4524418aa6c63042142254b935f7e8,6,2024-03-01 15:19:04,2024-03-01 15:19:04,1,0.0,0.0,0.0,0.0,0.0,0.0,0,0,0,0.0,0.0,False,0.0,0.0,0.0,0,,,
ef9fbea1c5100e16cfad5737884ed0bffc4524418aa6c63042142254b935f7e8,7,2024-03-01 16:17:00,2024-03-01 16:19:21,2,0.0,0.0,0.0,0.0,0.0,0.0,0,0,0,0.0,2.35,False,0.0,0.0,0.0,0,,,
ef9fbea1c5100e16cfad5737884ed0bffc4524418aa6c63042142254b935f7e8,8,2024-03-01 16:59:32,2024-03-01 17:03:59,51,0.9411764705882353,12.627450980392156,30.0,0.7222222222222222,0.611111111111111,2.2,0,0,0,0.9452777777777776,4.45,True,0.0,12.627450980392156,13.416666666666666,0,0.0,0.0,0.0
ef9fbea1c5100e16cfad5737884ed0bffc4524418aa6c63042142254b935f7e8,9,2024-03-01 17:11:01,2024-03-01 17:20:40,111,0.6846846846846847,9.981981981981981,29.0,0.611111111111111,0.5555555555555555,2.0,0,0,0,1.5905555555555555,9.65,True,0.0,9.981981981981981,14.578947368421053,0,0.0,0.0,0.0
f04aac0e75a8cbac722a4c395c4407dfb7beb39773b9511d9710f3bbba8e89c0,1,2024-03-01 15:21:35,2024-03-01 15:21:35,1,0.0,0.0,0.0,0.0,0.0,0.0,0,0,0,0.0,0.0,False,0.0,0.0,0.0,0,,,
f04aac0e75a8cbac722a4c395c4407dfb7beb39773b9511d9710f3bbba8e89c0,2,2024-03-01 16:19:05,2024-03-01 16:31:51,101,0.6534653465346535,37.16831683168317,79.0,0.7777777777777779,0.9444444444444444,3.4,0,0,0,5.504444444444443,12.766666666666667,True,0.0,37.16831683168317,56.878787878787875,0,0.0,0.0,0.0
f04aac0e75a8cbac722a4c395c4407dfb7beb39773b9511d9710f3bbba8e89c0,3,2024-03-01 17:32:19,2024-03-01 17:32:19,1,0.0,0.0,0.0,0.0,0.0,0.0,0,0,0,0.0,0.0,False,0.0,0.0,0.0,0,,,
f0b3c4b77ab8fc65c2270d2db18b2969378b5d39fb0936107217b007b84faef2,1,2024-03-01 07:51:57,2024-03-01 08:16:03,279,0.8817204301075269,19.544802867383513,44.0,0.616666666666665,0.7037037037037006,2.533333333333322,0,0,0,7.900555555555555,24.1,True,0.0,19.544802867383513,22.166666666666668,0,0.0,0.0,0.0
f0b3c4b77ab8fc65c2270d2db18b2969378b5d39fb0936107217b007b84faef2,2,2024-03-01 08:47:39,2024-03-01 08:47:39,1,0.0,0.0,0.0,0.0,0.0,0.0,0,0,0,0.0,0.0,False,0.0,0.0,0.0,0,,,
f0b3c4b77ab8fc65c2270d2db18b2969378b5d39fb0936107217b007b84faef2,3,2024-03-01 09:47:40,2024-03-01 09:47:40,1,0.0,0.0,0.0,0.0,0.0,0.0,0,0,0,0.0,0.0,False,0.0,0.0,0.0,0,,,
f0b3c4b77ab8fc65c2270d2db18b2969378b5d39fb0936107217b007b84faef2,4,2024-03-01 14:09:09,2024-03-01 14:09:09,1,0.0,0.0,0.0,0.0,0.0,0.0,0,0,0,0.0,0.0,False,0.0,0.0,0.0,0,,,
f0b3c4b77ab8fc65c2270d2db18b2969378b5d39fb0936107217b007b84faef2,5,2024-03-01 15:20:40,2024-03-01 15:20:40,1,0.0,0.0,0.0,0.0,0.0,0.0,0,0,0,0.0,0.0,False,0.0,0.0,0.0,0,,,
f0b3c4b77ab8fc65c2270d2db18b2969378b5d39fb0936107217b007b84faef2,6,2024-03-01 16:32:59,2024-03-01 16:32:59,1,0.0,0.0,0.0,0.0,0.0,0.0,0,0,0,0.0,0.0,False,0.0,0.0,0.0,0,,,
f0b8ec57a8bd8c14b1342921bbb5c6f2221fe3dc0197ce9a7107a6373de34239,1,2024-03-01 11:47:24,2024-03-01 11:59:06,133,0.7593984962406015,24.30075187969925,61.0,1.2999999999999994,1.0277777777777777,3.6999999999999993,0,0,0,4.615833333333333,11.7,True,0.0,24.30075187969925,32.0,0,0.0,0.0,0.0
f0b8ec57a8bd8c14b1342921bbb5c6f2221fe3dc0197ce9a7107a6373de34239,2,2024-03-01 14:37:24,2024-03-01 14:48:30,81,0.7283950617283951,22.135802469135804,70.0,0.8333333333333333,0.7222222222222221,2.6,0,0,0,3.0755555555555554,11.1,True,0.0,22.135802469135804,30.389830508474578,0,0.0,0.0,0.0
f0b8ec57a8bd8c14b1342921bbb5c6f2221fe3dc0197ce9a7107a6373de34239,3,2024-03-01 15:23:22,2024-03-01 15:39:32,153,0.8431372549019608,37.71895424836601,77.0,0.8000000000000004,0.9666666666666669,3.4800000000000013,0,0,0,10.162777777777777,16.166666666666668,True,0.0,37.71895424836601,44.736434108527135,0,0.0,0.0,0.0
f0bf732a723f06a45f3b015070e41e6a5c30b61a618007800132f96dc584f2a1,1,2024-03-01 00:18:34,2024-03-01 00:18:34,1,0.0,0.0,0.0,0.0,0.0,0.0,0,0,0,0.0,0.0,False,1.0,0.0,0.0,0,,,
f0bf732a723f06a45f3b015070e41e6a5c30b61a618007800132f96dc584f2a1,2,2024-03-01 01:28:50,2024-03-01 01:28:50,1,0.0,0.0,0.0,0.0,0.0,0.0,0,0,0,0.0,0.0,False,1.0,0.0,0.0,0,,,
f0bf732a723f06a45f3b015070e41e6a5c30b61a618007800132f96dc584f2a1,3,2024-03-01 02:39:09,2024-03-01 02:39:09,1,1.0,5.0,5.0,0.0,0.0,0.0,0,0,0,0.0,0.0,False,1.0,5.0,5.0,0,,,
f0bf732a723f06a45f3b015070e41e6a5c30b61a618007800132f96dc584f2a1,4,2024-03-01 03:49:31,2024-03-01 03:49:31,1,0.0,0.0,0.0,0.0,0.0,0.0,0,0,0,0.0,0.0,False,1.0,0.0,0.0,0,,,
f0bf732a723f06a45f3b015070e41e6a5c30b61a618007800132f96dc584f2a1,5,2024-03-01 06:10:18,2024-03-01 06:10:18,1,0.0,0.0,0.0,0.0,0.0,0.0,0,0,0,0.0,0.0,False,0.0,0.0,0.0,0,,,
f0bf732a723f06a45f3b015070e41e6a5c30b61a618007800132f96dc584f2a1,6,2024-03-01 07:20:39,2024-03-01 07:20:39,1,0.0,0.0,0.0,0.0,0.0,0.0,0,0,0,0.0,0.0,False,0.0,0.0,0.0,0,,,
f0bf732a723f06a45f3b015070e41e6a5c30b61a618007800132f96dc584f2a1,7,2024-03-01 08:31:05,2024-03-01 08:31:05,1,0.0,0.0,0.0,0.0,0.0,0.0,0,0,0,0.0,0.0,False,0.0,0.0,0.0,0,,,
f0bf732a723f06a45f3b015070e41e6a5c30b61a618007800132f96dc584f2a1,8,2024-03-01 10:51:47,2024-03-01 10:51:47,1,0.0,0.0,0.0,0.0,0.0,0.0,0,0,0,0.0,0.0,False,0.0,0.0,0.0,0,,,
f0bf732a723f06a45f3b015070e41e6a5c30b61a618007800132f96dc584f2a1,9,2024-03-01 13:12:20,2024-03-01 13:12:20,1,0.0,0.0,0.0,0.0,0.0,0.0,0,0,0,0.0,0.0,False,0.0,0.0,0.0,0,,,
f0bf732a723f06a45f3b015070e41e6a5c30b61a618007800132f96dc584f2a1,10,2024-03-01 14:23:36,2024-03-01 14:23:36,1,0.0,0.0,0.0,0.0,0.0,0.0,0,0,0,0.0,0.0,False,0.0,0.0,0.0,0,,,
f0bf732a723f06a45f3b015070e41e6a5c30b61a618007800132f96dc584f2a1,11,2024-03-01 15:34:22,2024-03-01 15:34:22,1,0.0,0.0,0.0,0.0,0.0,0.0,0,0,0,0.0,0.0,False,0.0,0.0,0.0,0,,,
f0bf732a723f06a45f3b015070e41e6a5c30b61a618007800132f96dc584f2a1,12,2024-03-01 17:54:20,2024-03-01 17:54:20,1,0.0,0.0,0.0,0.0,0.0,0.0,0,0,0,0.0,0.0,False,0.0,0.0,0.0,0,,,
f0e22900c93342e4bacfda07add7f77f9af20f97fa43d74f48e49203051496e5,1,2024-03-01 00:28:49,2024-03-01 00:28:49,1,1.0,1.0,1.0,0.0,0.0,0.0,0,0,0,0.0,0.0,False,1.0,1.0,1.0,0,,,
f0e22900c93342e4bacfda07add7f77f9af20f97fa43d74f48e49203051496e5,2,2024-03-01 02:53:24,2024-03-01 02:53:24,1,0.0,0.0,0.0,0.0,0.0,0.0,0,0,0,0.0,0.0,False,1.0,0.0,0.0,0,,,
f0e22900c93342e4bacfda07add7f77f9af20f97fa43d74f48e49203051496e5,3,2024-03-01 06:30:30,2024-03-01 06:30:30,1,0.0,0.0,0.0,0.0,0.0,0.0,0,0,0,0.0,0.0,False,0.0,0.0,0.0,0,,,
f0e22900c93342e4bacfda07add7f77f9af20f97fa43d74f48e49203051496e5,4,2024-03-01 07:43:01,2024-03-01 07:45:13,2,0.0,0.0,0.0,0.0,0.0,0.0,0,0,0,0.0,2.2,False,0.0,0.0,0.0,0,,,
f0e22900c93342e4bacfda07add7f77f9af20f97fa43d74f48e49203051496e5,5,2024-03-01 07:54:44,2024-03-01 08:11:18,189,0.6243386243386243,18.62169312169312,55.0,0.8851851851851852,0.7111111111111108,2.5599999999999996,0,0,0,5.237638888888889,16.566666666666666,True,0.0,18.62169312169312,29.826271186440678,0,0.0,0.0,0.0
f0e22900c93342e4bacfda07add7f77f9af20f97fa43d74f48e49203051496e5,6,2024-03-01 17:57:35,2024-03-01 18:07:31,116,0.6982758620689655,17.75862068965517,42.5,0.8958333333333331,0.8564814814814814,3.0833333333333335,0,0,0,2.9641666666666664,9.933333333333334,True,0.0,17.75862068965517,25.432098765432098,0,0.0,0.0,0.0
f168d2a5377327495ee795be23da31ee53c75521ffb37b6ff3e76ac1901af3ed,1,2024-03-01 01:17:05,2024-03-01 01:17:05,1,0.0,0.0,0.0,0.0,0.0,0.0,0,0,0,0.0,0.0,False,1.0,0.0,0.0,0,,,
f168d2a5377327495ee795be23da31ee53c75521ffb37b6ff3e76ac1901af3ed,2,2024-03-01 03:32:24,2024-03-01 03:32:24,1,0.0,0.0,0.0,0.0,0.0,0.0,0,0,0,0.0,0.0,False,1.0,0.0,0.0,0,,,
f168d2a5377327495ee795be23da31ee53c75521ffb37b6ff3e76ac1901af3ed,3,2024-03-01 05:49:07,2024-03-01 05:49:07,1,0.0,0.0,0.0,0.0,0.0,0.0,0,0,0,0.0,0.0,False,1.0,0.0,0.0,0,,,
f168d2a5377327495ee795be23da31ee53c75521ffb37b6ff3e76ac1901af3ed,4,2024-03-01 06:55:36,2024-03-01 06:55:36,1,0.0,0.0,0.0,0.0,0.0,0.0,0,0,0,0.0,0.0,False,0.0,0.0,0.0,0,,,
f168d2a5377327495ee795be23da31ee53c75521ffb37b6ff3e76ac1901af3ed,5,2024-03-01 08:02:42,2024-03-01 08:02:42,1,0.0,0.0,0.0,0.0,0.0,0.0,0,0,0,0.0,0.0,False,0.0,0.0,0.0,0,,,
f168d2a5377327495ee795be23da31ee53c75521ffb37b6ff3e76ac1901af3ed,6,2024-03-01 09:12:44,2024-03-01 09:12:44,1,0.0,0.0,0.0,0.0,0.0,0.0,0,0,0,0.0,0.0,False,0.0,0.0,0.0,0,,,
f168d2a5377327495ee795be23da31ee53c75521ffb37b6ff3e76ac1901af3ed,7,2024-03-01 09:32:55,2024-03-01 10:30:03,578,0.8114186851211073,41.56660899653979,85.0,0.6032407407407404,0.6481481481481483,2.3333333333333335,0,0,0,36.767916666666665,57.13333333333333,True,0.0,41.56660899653979,51.227078891257996,0,0.0,0.0,0.0
f168d2a5377327495ee795be23da31ee53c75521ffb37b6ff3e76ac1901af3ed,8,2024-03-01 10:47:24,2024-03-01 11:01:35,157,0.8598726114649682,27.1656050955414,68.0,0.611111111111111,0.5666666666666661,2.039999999999998,0,0,0,6.405833333333333,14.183333333333334,True,0.0,27.1656050955414,31.59259259259259,0,0.0,0.0,0.0
f168d2a5377327495ee795be23da31ee53c75521ffb37b6ff3e76ac1901af3ed,9,2024-03-01 11:08:46,2024-03-01 12:02:13,592,0.8800675675675675,75.02871621621621,111.0,0.5555555555555555,0.5555555555555555,2.0,1,2,0,65.78444444444443,53.45,True,0.0,75.02871621621621,85.25335892514396,0,0.03040232408877479,0.015201162044387396,0.0
f168d2a5377327495ee795be23da31ee53c75521ffb37b6ff3e76ac1901af3ed,10,2024-03-01 12:11:48,2024-03-01 12:28:28,183,0.9180327868852459,59.12568306010929,102.80000000000001,0.8333333333333334,0.9444444444444446,3.4,0,0,0,15.849444444444446,16.666666666666668,True,0.0,59.12568306010929,64.4047619047619,0,0.0,0.0,0.0
f168d2a5377327495ee795be23da31ee53c75521ffb37b6ff3e76ac1901af3ed,11,2024-03-01 13:16:12,2024-03-01 13:39:51,256,0.9375,55.6875,90.0,0.5694444444444443,0.861111111111111,3.1,0,0,0,21.257777777777783,23.65,True,0.0,55.6875,59.4,0,0.0,0.0,0.0
f168d2a5377327495ee795be23da31ee53c75521ffb37b6ff3e76ac1901af3ed,12,2024-03-01 14:08:04,2024-03-01 14:17:14,97,0.6494845360824743,17.298969072164947,53.39999999999998,0.7333333333333313,0.8148148148148133,2.933333333333328,0,0,0,2.3569444444444443,9.166666666666666,True,0.0,17.298969072164947,26.634920634920636,0,0.0,0.0,0.0
f168d2a5377327495ee795be23da31ee53c75521ffb37b6ff3e76ac1901af3ed,13,2024-03-01 15:13:00,2024-03-01 15:37:55,226,0.9646017699115044,90.89380530973452,125.0,0.5856481481481484,0.763888888888889,2.75,0,0,0,37.80611111111111,24.916666666666668,True,0.0,90.89380530973452,94.22935779816514,0,0.0,0.0,0.0
f168d2a5377327495ee795be23da31ee53c75521ffb37b6ff3e76ac1901af3ed,14,2024-03-01 16:17:48,2024-03-01 17:28:43,812,0.7192118226600985,44.05172413793103,103.0,0.7069444444444424,0.8333333333333333,3.0,0,0,0,52.687777777777775,70.91666666666667,True,0.0,44.05172413793103,61.25,0,0.0,0.0,0.0
f168d2a5377327495ee795be23da31ee53c75521ffb37b6ff3e76ac1901af3ed,15,2024-03-01 17:36:20,2024-03-01 17:49:10,149,0.6510067114093959,12.167785234899329,32.19999999999999,0.6481481481481481,0.583333333333333,2.0999999999999988,0,0,0,2.627222222222222,12.833333333333334,True,0.0,12.167785234899329,18.690721649484537,0,0.0,0.0,0.0
f169f4d66ed66e41746b1b401510492bf3cc09ba13e0a6640cadf93d7ee74634,1,2024-03-01 00:37:39,2024-03-01 00:37:39,1,0.0,0.0,0.0,0.0,0.0,0.0,0,0,0,0.0,0.0,False,1.0,0.0,0.0,0,,,
f169f4d66ed66e41746b1b401510492bf3cc09ba13e0a6640cadf93d7ee74634,2,2024-03-01 01:46:16,2024-03-01 01:46:16,1,0.0,0.0,0.0,0.0,0.0,0.0,0,0,0,0.0,0.0,False,1.0,0.0,0.0,0,,,
f169f4d66ed66e41746b1b401510492bf3cc09ba13e0a6640cadf93d7ee74634,3,2024-03-01 07:32:04,2024-03-01 07:32:04,1,1.0,5.0,5.0,0.0,0.0,0.0,0,0,0,0.0,0.0,False,0.0,5.0,5.0,0,,,
f169f4d66ed66e41746b1b401510492bf3cc09ba13e0a6640cadf93d7ee74634,4,2024-03-01 09:52:45,2024-03-01 09:52:45,1,0.0,0.0,0.0,0.0,0.0,0.0,0,0,0,0.0,0.0,False,0.0,0.0,0.0,0,,,
f169f4d66ed66e41746b1b401510492bf3cc09ba13e0a6640cadf93d7ee74634,5,2024-03-01 10:38:05,2024-03-01 10:48:06,118,0.847457627118644,33.567796610169495,70.0,0.9590277777777768,1.1666666666666665,4.2,0,1,0,5.777777777777778,10.016666666666667,True,0.0,33.567796610169495,39.61,0,0.17307692307692307,0.0,0.0
f169f4d66ed66e41746b1b401510492bf3cc09ba13e0a6640cadf93d7ee74634,6,2024-03-01 10:55:10,2024-03-01 10:57:35,28,0.8214285714285714,21.892857142857142,41.3,0.7847222222222219,1.0472222222222214,3.769999999999998,0,0,0,0.9230555555555555,2.4166666666666665,True,0.0,21.892857142857142,26.652173913043477,0,0.0,0.0,0.0
f169f4d66ed66e41746b1b401510492bf3cc09ba13e0a6640cadf93d7ee74634,7,2024-03-01 11:57:59,2024-03-01 11:57:59,1,0.0,0.0,0.0,0.0,0.0,0.0,0,0,0,0.0,0.0,False,0.0,0.0,0.0,0,,,
f169f4d66ed66e41746b1b401510492bf3cc09ba13e0a6640cadf93d7ee74634,8,2024-03-01 12:51:41,2024-03-01 12:51:41,1,0.0,0.0,0.0,0.0,0.0,0.0,0,0,0,0.0,0.0,False,0.0,0.0,0.0,0,,,
f169f4d66ed66e41746b1b401510492bf3cc09ba13e0a6640cadf93d7ee74634,9,2024-03-01 13:51:59,2024-03-01 13:51:59,1,0.0,0.0,0.0,0.0,0.0,0.0,0,0,0,0.0,0.0,False,0.0,0.0,0.0,0,,,
f169f4d66ed66e41746b1b401510492bf3cc09ba13e0a6640cadf93d7ee74634,10,2024-03-01 17:09:20,2024-03-01 17:09:20,1,0.0,0.0,0.0,0.0,0.0,0.0,0,0,0,0.0,0.0,False,0.0,0.0,0.0,0,,,
f169f4d66ed66e41746b1b401510492bf3cc09ba13e0a6640cadf93d7ee74634,11,2024-03-01 18:18:14,2024-03-01 18:18:14,1,0.0,0.0,0.0,0.0,0.0,0.0,0,0,0,0.0,0.0,False,0.0,0.0,0.0,0,,,
f21efbaf7224c7dc51a2841c2275506cad9b474a80d199d4b2bb9d3180670fa9,1,2024-03-01 11:55:05,2024-03-01 12:11:47,121,0.7024793388429752,16.628099173553718,46.0,0.7777777777777779,0.9444444444444444,3.4,0,0,0,3.772222222222222,16.7,True,0.0,16.628099173553718,23.67058823529412,0,0.0,0.0,0.0
f21efbaf7224c7dc51a2841c2275506cad9b474a80d199d4b2bb9d3180670fa9,2,2024-03-01 12:35:24,2024-03-01 12:39:19,35,0.45714285714285713,4.4,24.299999999999997,0.5499999999999995,0.34444444444444433,1.2399999999999995,0,0,0,0.2288888888888889,3.9166666666666665,True,0.0,4.4,9.625,0,0.0,0.0,0.0
f21efbaf7224c7dc51a2841c2275506cad9b474a80d199d4b2bb9d3180670fa9,3,2024-03-01 12:54:08,2024-03-01 13:10:56,195,0.7538461538461538,19.333333333333332,49.29999999999998,0.9277777777777756,1.2092592592592588,4.353333333333332,0,0,0,5.145,16.8,True,0.0,19.333333333333332,25.64625850340136,0,0.0,0.0,0.0
f21efbaf7224c7dc51a2841c2275506cad9b474a80d199d4b2bb9d3180670fa9,4,2024-03-01 16:57:41,2024-03-01 17:03:47,39,1.0,25.615384615384617,44.2,0.6222222222222223,1.0972222222222225,3.950000000000002,0,0,0,1.5308333333333333,6.1,True,0.0,25.615384615384617,25.615384615384617,0,0.0,0.0,0.0
f21efbaf7224c7dc51a2841c2275506cad9b474a80d199d4b2bb9d3180670fa9,5,2024-03-01 17:24:18,2024-03-01 17:49:59,282,0.20212765957446807,3.9148936170212765,25.0,0.27499999999999936,0.27546296296296235,0.9916666666666648,0,0,0,1.6225,25.683333333333334,True,0.0,3.9148936170212765,19.36842105263158,0,0.0,0.0,0.0
f266ada313eea4546b4e54df94310d451b55a252b42c590c72dbac4e68ce5772,1,2024-03-01 08:08:42,2024-03-01 08:11:44,33,0.696969696969697,29.09090909090909,74.0,0.8,1.0444444444444443,3.7599999999999993,0,0,0,1.4572222222222222,3.033333333333333,True,0.0,29.09090909090909,41.73913043478261,0,0.0,0.0,0.0
f266ada313eea4546b4e54df94310d451b55a252b42c590c72dbac4e68ce5772,2,2024-03-01 08:17:00,2024-03-01 08:57:53,460,0.8543478260869565,24.66521739130435,64.0,0.5583333333333309,0.611111111111111,2.2,0,0,0,16.808333333333334,40.88333333333333,True,0.0,24.66521739130435,28.870229007633586,0,0.0,0.0,0.0
f266ada313eea4546b4e54df94310d451b55a252b42c590c72dbac4e68ce5772,3,2024-03-01 10:07:00,2024-03-01 10:07:42,2,0.0,0.0,0.0,0.0,0.0,0.0,0,0,0,0.0,0.7,False,0.0,0.0,0.0,0,,,
f266ada313eea4546b4e54df94310d451b55a252b42c590c72dbac4e68ce5772,4,2024-03-01 15:26:08,2024-03-01 16:17:02,558,0.8620071684587813,77.26881720430107,131.0,0.44444444444444453,0.5092592592592593,1.8333333333333333,0,0,0,66.97861111111109,50.9,True,0.0,77.26881720430107,89.63825363825364,0,0.0,0.0,0.0
f266ada313eea4546b4e54df94310d451b55a252b42c590c72dbac4e68ce5772,5,2024-03-01 16:51:42,2024-03-01 16:51:42,1,0.0,0.0,0.0,0.0,0.0,0.0,0,0,0,0.0,0.0,False,0.0,0.0,0.0,0,,,
f266ada313eea4546b4e54df94310d451b55a252b42c590c72dbac4e68ce5772,6,2024-03-01 17:51:01,2024-03-01 17:51:42,2,0.0,0.0,0.0,0.0,0.0,0.0,0,0,0,0.0,0.6833333333333333,False,0.0,0.0,0.0,0,,,
f266ada313eea4546b4e54df94310d451b55a252b42c590c72dbac4e68ce5772,7,2024-03-01 18:19:49,2024-03-01 18:30:04,118,0.8135593220338984,31.084745762711865,74.14999999999999,0.8333333333333333,1.0638888888888882,3.8299999999999983,0,0,0,5.674166666666667,10.25,True,0.0,31.084745762711865,38.208333333333336,0,0.0,0.0,0.0
f2e439e0fa50e816db9d755ff788ad8fd5d5cc27005c786babb1a02ab5f85ff6,1,2024-03-01 05:15:52,2024-03-01 05:15:52,1,1.0,11.0,11.0,0.0,0.0,0.0,0,0,0,0.0,0.0,False,1.0,11.0,11.0,0,,,
f2e439e0fa50e816db9d755ff788ad8fd5d5cc27005c786babb1a02ab5f85ff6,2,2024-03-01 06:27:19,2024-03-01 06:27:19,1,0.0,0.0,0.0,0.0,0.0,0.0,0,0,0,0.0,0.0,False,0.0,0.0,0.0,0,,,
f2e439e0fa50e816db9d755ff788ad8fd5d5cc27005c786babb1a02ab5f85ff6,3,2024-03-01 07:41:07,2024-03-01 07:42:07,2,0.0,0.0,0.0,0.0,0.0,0.0,0,0,0,0.0,1.0,False,0.0,0.0,0.0,0,,,
f2e439e0fa50e816db9d755ff788ad8fd5d5cc27005c786babb1a02ab5f85ff6,4,2024-03-01 08:30:06,2024-03-01 08:40:44,127,0.5984251968503937,12.78740157480315,39.39999999999998,0.773611111111111,0.886111111111111,3.1899999999999995,0,0,0,2.256944444444444,10.633333333333333,True,0.0,12.78740157480315,21.36842105263158,0,0.0,0.0,0.0
f2e439e0fa50e816db9d755ff788ad8fd5d5cc27005c786babb1a02ab5f85ff6,5,2024-03-01 09:40:42,2024-03-01 09:40:42,1,0.0,0.0,0.0,0.0,0.0,0.0,0,0,0,0.0,0.0,False,0.0,0.0,0.0,0,,,
f2e439e0fa50e816db9d755ff788ad8fd5d5cc27005c786babb1a02ab5f85ff6,6,2024-03-01 10:41:22,2024-03-01 10:41:22,1,0.0,0.0,0.0,0.0,0.0,0.0,0,0,0,0.0,0.0,False,0.0,0.0,0.0,0,,,
f2e439e0fa50e816db9d755ff788ad8fd5d5cc27005c786babb1a02ab5f85ff6,7,2024-03-01 13:03:55,2024-03-01 13:03:55,1,0.0,0.0,0.0,0.0,0.0,0.0,0,0,0,0.0,0.0,False,0.0,0.0,0.0,0,,,
f2e439e0fa50e816db9d755ff788ad8fd5d5cc27005c786babb1a02ab5f85ff6,8,2024-03-01 14:15:02,2024-03-01 14:15:02,1,0.0,0.0,0.0,0.0,0.0,0.0,0,0,0,0.0,0.0,False,0.0,0.0,0.0,0,,,
f2e439e0fa50e816db9d755ff788ad8fd5d5cc27005c786babb1a02ab5f85ff6,9,2024-03-01 15:28:20,2024-03-01 15:28:20,1,0.0,0.0,0.0,0.0,0.0,0.0,0,0,0,0.0,0.0,False,0.0,0.0,0.0,0,,,
f2e439e0fa50e816db9d755ff788ad8fd5d5cc27005c786babb1a02ab5f85ff6,10,2024-03-01 15:57:28,2024-03-01 16:20:36,258,0.28294573643410853,5.217054263565892,31.0,0.5,0.45277777777777656,1.6299999999999955,0,0,0,1.8288888888888892,23.133333333333333,True,0.0,5.217054263565892,18.438356164383563,0,0.0,0.0,0.0
f2e439e0fa50e816db9d755ff788ad8fd5d5cc27005c786babb1a02ab5f85ff6,11,2024-03-01 16:40:28,2024-03-01 17:08:05,244,0.18032786885245902,2.877049180327869,22.0,0.3451388888888889,0.2708333333333331,0.9749999999999991,0,0,0,1.0208333333333335,27.616666666666667,False,0.0,2.877049180327869,15.954545454545455,0,0.0,0.0,0.0
f2e439e0fa50e816db9d755ff788ad8fd5d5cc27005c786babb1a02ab5f85ff6,12,2024-03-01 17:47:34,2024-03-01 18:03:20,156,0.782051282051282,26.875,64.0,0.7384259259259259,1.0277777777777777,3.7,0,0,0,6.054861111111111,15.766666666666667,True,0.0,26.875,34.364754098360656,0,0.0,0.0,0.0
f2f77d0fb76c61d5dc2e5783afd71de6f008c59834cbc32b5f85e0b13ae07a23,1,2024-03-01 05:01:13,2024-03-01 05:01:13,1,0.0,0.0,0.0,0.0,0.0,0.0,0,0,0,0.0,0.0,False,1.0,0.0,0.0,0,,,
f2f77d0fb76c61d5dc2e5783afd71de6f008c59834cbc32b5f85e0b13ae07a23,2,2024-03-01 07:34:51,2024-03-01 07:34:51,1,0.0,0.0,0.0,0.0,0.0,0.0,0,0,0,0.0,0.0,False,0.0,0.0,0.0,0,,,
f2f77d0fb76c61d5dc2e5783afd71de6f008c59834cbc32b5f85e0b13ae07a23,3,2024-03-01 11:25:17,2024-03-01 11:25:17,1,0.0,0.0,0.0,0.0,0.0,0.0,0,0,0,0.0,0.0,False,0.0,0.0,0.0,0,,,
f2f77d0fb76c61d5dc2e5783afd71de6f008c59834cbc32b5f85e0b13ae07a23,4,2024-03-01 12:41:43,2024-03-01 12:41:43,1,0.0,0.0,0.0,0.0,0.0,0.0,0,0,0,0.0,0.0,False,0.0,0.0,0.0,0,,,
f2f77d0fb76c61d5dc2e5783afd71de6f008c59834cbc32b5f85e0b13ae07a23,5,2024-03-01 15:13:54,2024-03-01 15:13:54,1,0.0,0.0,0.0,0.0,0.0,0.0,0,0,0,0.0,0.0,False,0.0,0.0,0.0,0,,,
f2f77d0fb76c61d5dc2e5783afd71de6f008c59834cbc32b5f85e0b13ae07a23,6,2024-03-01 16:29:46,2024-03-01 16:29:46,1,1.0,1.0,1.0,0.0,0.0,0.0,0,0,0,0.0,0.0,False,0.0,1.0,1.0,0,,,
f2fea123be6ef3930f8b9fb70e4ec96548db79467d4274a8bdd2fb0df1ced053,1,2024-03-01 03:06:57,2024-03-01 03:30:49,258,0.9457364341085271,74.12790697674419,125.0,0.8944444444444436,0.9763888888888881,3.514999999999998,1,1,0,30.530555555555555,23.866666666666667,True,1.0,74.12790697674419,78.3811475409836,0,0.032754071513056135,0.032754071513056135,0.0
f2fea123be6ef3930f8b9fb70e4ec96548db79467d4274a8bdd2fb0df1ced053,2,2024-03-01 04:30:44,2024-03-01 04:30:44,1,0.0,0.0,0.0,0.0,0.0,0.0,0,0,0,0.0,0.0,False,1.0,0.0,0.0,0,,,
f3eb0246412071282a2b9218cf85c61e00619a49530a59b0874b75b5aef843bf,1,2024-03-01 01:56:12,2024-03-01 01:56:12,1,1.0,1.0,1.0,0.0,0.0,0.0,0,0,0,0.0,0.0,False,1.0,1.0,1.0,0,,,
f3eb0246412071282a2b9218cf85c61e00619a49530a59b0874b75b5aef843bf,2,2024-03-01 05:20:28,2024-03-01 05:20:28,1,1.0,5.0,5.0,0.0,0.0,0.0,0,0,0,0.0,0.0,False,1.0,5.0,5.0,0,,,
f3eb0246412071282a2b9218cf85c61e00619a49530a59b0874b75b5aef843bf,3,2024-03-01 07:36:51,2024-03-01 07:36:51,1,1.0,5.0,5.0,0.0,0.0,0.0,0,0,0,0.0,0.0,False,0.0,5.0,5.0,0,,,
f3eb0246412071282a2b9218cf85c61e00619a49530a59b0874b75b5aef843bf,4,2024-03-01 14:25:12,2024-03-01 14:25:12,1,0.0,0.0,0.0,0.0,0.0,0.0,0,0,0,0.0,0.0,False,0.0,0.0,0.0,0,,,
f3eb0246412071282a2b9218cf85c61e00619a49530a59b0874b75b5aef843bf,5,2024-03-01 15:32:52,2024-03-01 15:32:52,1,0.0,0.0,0.0,0.0,0.0,0.0,0,0,0,0.0,0.0,False,0.0,0.0,0.0,0,,,
f3eb0246412071282a2b9218cf85c61e00619a49530a59b0874b75b5aef843bf,6,2024-03-01 16:40:26,2024-03-01 16:40:26,1,0.0,0.0,0.0,0.0,0.0,0.0,0,0,0,0.0,0.0,False,0.0,0.0,0.0,0,,,
f3eb0246412071282a2b9218cf85c61e00619a49530a59b0874b75b5aef843bf,7,2024-03-01 17:47:59,2024-03-01 17:47:59,1,0.0,0.0,0.0,0.0,0.0,0.0,0,0,0,0.0,0.0,False,0.0,0.0,0.0,0,,,
f56f0de58c11b000395cb172653f3078ddd6e9820d98d6a1c39a833cc540bd07,1,2024-03-01 10:19:31,2024-03-01 11:28:59,678,0.9100294985250738,37.78023598820059,88.0,0.6018518518518517,0.7222222222222221,2.6,0,0,0,43.29861111111111,69.46666666666667,True,0.0,37.78023598820059,41.51539708265802,0,0.0,0.0,0.0
f7e6015f16ae3b0561689a0bd686fe7848ac66e823944fb352698bfbbc13d9bd,1,2024-03-01 05:51:57,2024-03-01 06:30:18,409,0.9657701711491442,58.01711491442543,150.0,0.7333333333333327,0.9388888888888859,3.3799999999999897,0,0,0,37.60611111111111,38.35,True,0.20537897310513448,58.01711491442543,60.073417721518986,0,0.0,0.0,0.0
f7e6015f16ae3b0561689a0bd686fe7848ac66e823944fb352698bfbbc13d9bd,2,2024-03-01 07:30:30,2024-03-01 07:30:30,1,0.0,0.0,0.0,0.0,0.0,0.0,0,0,0,0.0,0.0,False,0.0,0.0,0.0,0,,,
f7e6015f16ae3b0561689a0bd686fe7848ac66e823944fb352698bfbbc13d9bd,3,2024-03-01 15:42:01,2024-03-01 15:42:01,1,0.0,0.0,0.0,0.0,0.0,0.0,0,0,0,0.0,0.0,False,0.0,0.0,0.0,0,,,
f7e6015f16ae3b0561689a0bd686fe7848ac66e823944fb352698bfbbc13d9bd,4,2024-03-01 16:55:56,2024-03-01 16:55:56,1,0.0,0.0,0.0,0.0,0.0,0.0,0,0,0,0.0,0.0,False,0.0,0.0,0.0,0,,,
f7e6015f16ae3b0561689a0bd686fe7848ac66e823944fb352698bfbbc13d9bd,5,2024-03-01 17:19:21,2024-03-01 17:38:37,226,0.9026548672566371,66.00884955752213,135.0,0.8217592592592589,1.3194444444444449,4.75,1,0,0,21.62111111111111,19.266666666666666,True,0.0,66.00884955752213,73.12745098039215,0,0.0,0.04625109203967316,0.0
f7e6015f16ae3b0561689a0bd686fe7848ac66e823944fb352698bfbbc13d9bd,6,2024-03-01 17:46:07,2024-03-01 18:03:37,191,0.7068062827225131,13.141361256544503,38.0,0.611111111111111,0.6666666666666666,2.4000000000000004,0,0,0,3.7338888888888886,17.5,True,0.0,13.141361256544503,18.59259259259259,0,0.0,0.0,0.0
f7e6015f16ae3b0561689a0bd686fe7848ac66e823944fb352698bfbbc13d9bd,7,2024-03-01 18:22:24,2024-03-01 18:22:24,1,0.0,0.0,0.0,0.0,0.0,0.0,0,0,0,0.0,0.0,False,0.0,0.0,0.0,0,,,
f7f60d3e4f5039abd92c94664f386966ed1a8d0b543d0b278462511bcaa1ad19,1,2024-03-01 00:50:35,2024-03-01 00:50:35,1,0.0,0.0,0.0,0.0,0.0,0.0,0,0,0,0.0,0.0,False,1.0,0.0,0.0,0,,,
f7f60d3e4f5039abd92c94664f386966ed1a8d0b543d0b278462511bcaa1ad19,2,2024-03-01 01:14:53,2024-03-01 01:19:35,53,0.660377358490566,12.773584905660377,38.8,0.5462962962962962,0.598611111111111,2.155,0,0,0,0.971111111111111,4.7,True,1.0,12.773584905660377,19.34285714285714,0,0.0,0.0,0.0
f7f60d3e4f5039abd92c94664f386966ed1a8d0b543d0b278462511bcaa1ad19,3,2024-03-01 02:19:33,2024-03-01 02:19:33,1,0.0,0.0,0.0,0.0,0.0,0.0,0,0,0,0.0,0.0,False,1.0,0.0,0.0,0,,,
f7f60d3e4f5039abd92c94664f386966ed1a8d0b543d0b278462511bcaa1ad19,4,2024-03-01 04:34:35,2024-03-01 04:34:35,1,0.0,0.0,0.0,0.0,0.0,0.0,0,0,0,0.0,0.0,False,1.0,0.0,0.0,0,,,
f7f60d3e4f5039abd92c94664f386966ed1a8d0b543d0b278462511bcaa1ad19,5,2024-03-01 08:19:06,2024-03-01 09:08:43,508,0.7165354330708661,18.393700787401574,72.0,0.8333333333333331,0.9379629629629624,3.376666666666665,1,0,0,12.906388888888888,49.61666666666667,True,0.0,18.393700787401574,25.67032967032967,0,0.0,0.07748100639218304,0.0
f7f60d3e4f5039abd92c94664f386966ed1a8d0b543d0b278462511bcaa1ad19,6,2024-03-01 10:01:42,2024-03-01 10:01:42,1,0.0,0.0,0.0,0.0,0.0,0.0,0,0,0,0.0,0.0,False,0.0,0.0,0.0,0,,,
f7f60d3e4f5039abd92c94664f386966ed1a8d0b543d0b278462511bcaa1ad19,7,2024-03-01 10:25:46,2024-03-01 10:40:52,174,0.8275862068965517,25.99425287356322,68.0,0.8333333333333333,0.8527777777777775,3.069999999999999,0,0,0,6.471666666666666,15.1,True,0.0,25.99425287356322,31.40972222222222,0,0.0,0.0,0.0
f7f60d3e4f5039abd92c94664f386966ed1a8d0b543d0b278462511bcaa1ad19,8,2024-03-01 12:43:51,2024-03-01 12:43:51,1,0.0,0.0,0.0,0.0,0.0,0.0,0,0,0,0.0,0.0,False,0.0,0.0,0.0,0,,,
f7f60d3e4f5039abd92c94664f386966ed1a8d0b543d0b278462511bcaa1ad19,9,2024-03-01 12:54:25,2024-03-01 12:54:29,2,0.0,0.0,0.0,0.0,0.0,0.0,0,0,0,0.0,0.06666666666666667,False,0.0,0.0,0.0,0,,,
f7f60d3e4f5039abd92c94664f386966ed1a8d0b543d0b278462511bcaa1ad19,10,2024-03-01 13:02:54,2024-03-01 13:18:38,184,0.7445652173913043,22.994565217391305,61.0,0.888888888888889,0.9958333333333332,3.5849999999999995,0,0,0,6.076388888888888,15.733333333333333,True,0.0,22.994565217391305,30.883211678832115,0,0.0,0.0,0.0
f7f60d3e4f5039abd92c94664f386966ed1a8d0b543d0b278462511bcaa1ad19,11,2024-03-01 14:38:33,2024-03-01 14:38:33,1,0.0,0.0,0.0,0.0,0.0,0.0,0,0,0,0.0,0.0,False,0.0,0.0,0.0,0,,,
f7f60d3e4f5039abd92c94664f386966ed1a8d0b543d0b278462511bcaa1ad19,12,2024-03-01 15:19:17,2024-03-01 15:19:17,1,1.0,16.0,16.0,0.0,0.0,0.0,0,0,0,0.0,0.0,False,0.0,16.0,16.0,0,,,
f8083ff5107b5ddf835a79693ea4a8f0c01dbfc886468281439d9a3c78bed74f,1,2024-03-01 00:16:48,2024-03-01 00:16:48,1,0.0,0.0,0.0,0.0,0.0,0.0,0,0,0,0.0,0.0,False,1.0,0.0,0.0,0,,,
f8083ff5107b5ddf835a79693ea4a8f0c01dbfc886468281439d9a3c78bed74f,2,2024-03-01 01:22:48,2024-03-01 01:22:48,1,0.0,0.0,0.0,0.0,0.0,0.0,0,0,0,0.0,0.0,False,1.0,0.0,0.0,0,,,
f8083ff5107b5ddf835a79693ea4a8f0c01dbfc886468281439d9a3c78bed74f,3,2024-03-01 03:34:51,2024-03-01 03:34:51,1,0.0,0.0,0.0,0.0,0.0,0.0,0,0,0,0.0,0.0,False,1.0,0.0,0.0,0,,,
f8083ff5107b5ddf835a79693ea4a8f0c01dbfc886468281439d9a3c78bed74f,4,2024-03-01 04:40:54,2024-03-01 04:40:54,1,0.0,0.0,0.0,0.0,0.0,0.0,0,0,0,0.0,0.0,False,1.0,0.0,0.0,0,,,
f8083ff5107b5ddf835a79693ea4a8f0c01dbfc886468281439d9a3c78bed74f,5,2024-03-01 05:46:58,2024-03-01 05:46:58,1,1.0,7.0,7.0,0.0,0.0,0.0,0,0,0,0.0,0.0,False,1.0,7.0,7.0,0,,,
f8083ff5107b5ddf835a79693ea4a8f0c01dbfc886468281439d9a3c78bed74f,6,2024-03-01 06:53:04,2024-03-01 06:53:04,1,0.0,0.0,0.0,0.0,0.0,0.0,0,0,0,0.0,0.0,False,0.0,0.0,0.0,0,,,
f8083ff5107b5ddf835a79693ea4a8f0c01dbfc886468281439d9a3c78bed74f,7,2024-03-01 07:59:10,2024-03-01 07:59:10,1,0.0,0.0,0.0,0.0,0.0,0.0,0,0,0,0.0,0.0,False,0.0,0.0,0.0,0,,,
f8083ff5107b5ddf835a79693ea4a8f0c01dbfc886468281439d9a3c78bed74f,8,2024-03-01 10:11:23,2024-03-01 10:11:23,1,0.0,0.0,0.0,0.0,0.0,0.0,0,0,0,0.0,0.0,False,0.0,0.0,0.0,0,,,
f8083ff5107b5ddf835a79693ea4a8f0c01dbfc886468281439d9a3c78bed74f,9,2024-03-01 11:17:25,2024-03-01 11:17:25,1,0.0,0.0,0.0,0.0,0.0,0.0,0,0,0,0.0,0.0,False,0.0,0.0,0.0,0,,,
f8083ff5107b5ddf835a79693ea4a8f0c01dbfc886468281439d9a3c78bed74f,10,2024-03-01 12:23:23,2024-03-01 12:23:23,1,1.0,1.0,1.0,0.0,0.0,0.0,0,0,0,0.0,0.0,False,0.0,1.0,1.0,0,,,
f8083ff5107b5ddf835a79693ea4a8f0c01dbfc886468281439d9a3c78bed74f,11,2024-03-01 13:29:13,2024-03-01 13:29:13,1,0.0,0.0,0.0,0.0,0.0,0.0,0,0,0,0.0,0.0,False,0.0,0.0,0.0,0,,,
f8083ff5107b5ddf835a79693ea4a8f0c01dbfc886468281439d9a3c78bed74f,12,2024-03-01 14:34:57,2024-03-01 14:34:57,1,0.0,0.0,0.0,0.0,0.0,0.0,0,0,0,0.0,0.0,False,0.0,0.0,0.0,0,,,
f8083ff5107b5ddf835a79693ea4a8f0c01dbfc886468281439d9a3c78bed74f,13,2024-03-01 15:40:38,2024-03-01 15:42:57,2,0.0,0.0,0.0,0.0,0.0,0.0,0,0,0,0.0,2.316666666666667,False,0.0,0.0,0.0,0,,,
f8083ff5107b5ddf835a79693ea4a8f0c01dbfc886468281439d9a3c78bed74f,14,2024-03-01 16:03:03,2024-03-01 16:06:01,34,0.8529411764705882,17.11764705882353,42.699999999999996,0.4263888888888888,0.5717592592592592,2.058333333333333,0,0,0,0.8688888888888889,2.966666666666667,True,0.0,17.11764705882353,20.06896551724138,0,0.0,0.0,0.0
f8083ff5107b5ddf835a79693ea4a8f0c01dbfc886468281439d9a3c78bed74f,15,2024-03-01 16:38:37,2024-03-01 16:38:58,5,0.8,5.8,13.799999999999997,0.5444444444444444,0.08888888888888888,0.31999999999999995,0,0,0,0.041666666666666664,0.35,True,0.0,5.8,7.25,0,0.0,0.0,0.0
f8083ff5107b5ddf835a79693ea4a8f0c01dbfc886468281439d9a3c78bed74f,16,2024-03-01 16:47:21,2024-03-01 16:51:31,48,0.2916666666666667,3.2083333333333335,17.19999999999999,0.42222222222222194,0.5,1.8,0,0,0,0.2263888888888889,4.166666666666667,True,0.0,3.2083333333333335,11.0,0,0.0,0.0,0.0
f8083ff5107b5ddf835a79693ea4a8f0c01dbfc886468281439d9a3c78bed74f,17,2024-03-01 17:02:50,2024-03-01 17:08:14,63,0.8571428571428571,19.3015873015873,36.8,0.5509259259259259,0.5999999999999998,2.1599999999999997,0,0,0,1.7838888888888889,5.4,True,0.0,19.3015873015873,22.51851851851852,0,0.0,0.0,0.0
f8083ff5107b5ddf835a79693ea4a8f0c01dbfc886468281439d9a3c78bed74f,18,2024-03-01 17:25:00,2024-03-01 17:25:21,5,0.2,0.2,0.7999999999999998,0.037037037037037035,0.0,0.0,0,0,0,0.0016666666666666668,0.35,True,0.0,0.2,1.0,0,0.0,0.0,0.0
f8083ff5107b5ddf835a79693ea4a8f0c01dbfc886468281439d9a3c78bed74f,19,2024-03-01 17:37:47,2024-03-01 17:44:54,82,0.9146341463414634,17.213414634146343,28.900000000000006,0.6083333333333334,0.6083333333333334,2.190000000000001,0,0,0,2.0156944444444442,7.116666666666666,True,0.0,17.213414634146343,18.82,0,0.0,0.0,0.0
f9591878c605e1127444ad32a895fba19daec583e4f24c0cb09d135de27f0c7f,1,2024-03-01 12:31:27,2024-03-01 12:38:08,55,0.5272727272727272,12.10909090909091,40.599999999999994,0.6777777777777771,0.7416666666666664,2.6699999999999995,0,0,0,1.3855555555555557,6.683333333333334,True,0.0,12.10909090909091,22.96551724137931,0,0.0,0.0,0.0
f9591878c605e1127444ad32a895fba19daec583e4f24c0cb09d135de27f0c7f,2,2024-03-01 12:48:21,2024-03-01 13:35:24,477,0.9329140461215933,72.79035639412997,120.0,0.8888888888888887,0.9259259259259259,3.3333333333333335,0,1,0,58.84722222222222,47.05,True,0.0,72.79035639412997,78.0247191011236,0,0.01699315553457635,0.0,0.0
f9591878c605e1127444ad32a895fba19daec583e4f24c0cb09d135de27f0c7f,3,2024-03-01 14:33:01,2024-03-01 14:41:53,101,0.8613861386138614,22.56930693069307,57.0,0.7870370370370369,1.0,3.6,0,0,0,3.2780555555555555,8.866666666666667,True,0.0,22.56930693069307,26.201149425287355,0,0.0,0.0,0.0
f9591878c605e1127444ad32a895fba19daec583e4f24c0cb09d135de27f0c7f,4,2024-03-01 16:41:42,2024-03-01 16:42:35,2,0.0,0.0,0.0,0.0,0.0,0.0,0,0,0,0.0,0.8833333333333333,False,0.0,0.0,0.0,0,,,
f9594e5ad8326ea760b5b90ef01f317552161edd334a00104ccdb1266eb82b3c,1,2024-03-01 01:58:20,2024-03-01 01:58:20,1,0.0,0.0,0.0,0.0,0.0,0.0,0,0,0,0.0,0.0,False,1.0,0.0,0.0,0,,,
f9594e5ad8326ea760b5b90ef01f317552161edd334a00104ccdb1266eb82b3c,2,2024-03-01 06:59:34,2024-03-01 07:01:49,2,0.0,0.0,0.0,0.0,0.0,0.0,0,0,0,0.0,2.25,False,0.0,0.0,0.0,0,,,
f9594e5ad8326ea760b5b90ef01f317552161edd334a00104ccdb1266eb82b3c,3,2024-03-01 07:42:33,2024-03-01 08:31:52,563,0.7424511545293073,22.897868561278862,77.0,0.611111111111111,0.7222222222222222,2.6,0,0,0,18.882916666666663,49.31666666666667,True,0.0,22.897868561278862,30.84090909090909,0,0.0,0.0,0.0
f9594e5ad8326ea760b5b90ef01f317552161edd334a00104ccdb1266eb82b3c,4,2024-03-01 09:31:45,2024-03-01 09:31:45,1,0.0,0.0,0.0,0.0,0.0,0.0,0,0,0,0.0,0.0,False,0.0,0.0,0.0,0,,,
f9594e5ad8326ea760b5b90ef01f317552161edd334a00104ccdb1266eb82b3c,5,2024-03-01 16:44:33,2024-03-01 16:45:33,2,0.0,0.0,0.0,0.0,0.0,0.0,0,0,0,0.0,1.0,False,0.0,0.0,0.0,0,,,
f9594e5ad8326ea760b5b90ef01f317552161edd334a00104ccdb1266eb82b3c,6,2024-03-01 17:06:53,2024-03-01 17:12:29,68,0.8088235294117647,21.477941176470587,69.3,0.9624999999999999,1.0916666666666663,3.9299999999999997,0,0,0,2.021388888888889,5.6,True,0.0,21.477941176470587,26.554545454545455,0,0.0,0.0,0.0
f9594e5ad8326ea760b5b90ef01f317552161edd334a00104ccdb1266eb82b3c,7,2024-03-01 18:25:40,2024-03-01 18:25:40,1,0.0,0.0,0.0,0.0,0.0,0.0,0,0,0,0.0,0.0,False,0.0,0.0,0.0,0,,,
f96b3fc0be8e15dbb262f984d22c3189393f347edb20367311eaec3dcfd77df3,1,2024-03-01 00:05:01,2024-03-01 00:05:01,1,1.0,3.0,3.0,0.0,0.0,0.0,0,0,0,0.0,0.0,False,1.0,3.0,3.0,0,,,
f96b3fc0be8e15dbb262f984d22c3189393f347edb20367311eaec3dcfd77df3,2,2024-03-01 04:37:16,2024-03-01 04:37:16,1,0.0,0.0,0.0,0.0,0.0,0.0,0,0,0,0.0,0.0,False,1.0,0.0,0.0,0,,,
f96b3fc0be8e15dbb262f984d22c3189393f347edb20367311eaec3dcfd77df3,3,2024-03-01 06:37:26,2024-03-01 06:51:40,169,0.9349112426035503,27.668639053254438,71.19999999999999,0.7888888888888882,0.8333333333333335,3.0,0,0,0,6.671944444444444,14.233333333333333,True,0.0,27.668639053254438,29.59493670886076,0,0.0,0.0,0.0
f96b3fc0be8e15dbb262f984d22c3189393f347edb20367311eaec3dcfd77df3,4,2024-03-01 07:51:46,2024-03-01 07:51:46,1,0.0,0.0,0.0,0.0,0.0,0.0,0,0,0,0.0,0.0,False,0.0,0.0,0.0,0,,,
f96b3fc0be8e15dbb262f984d22c3189393f347edb20367311eaec3dcfd77df3,5,2024-03-01 07:57:28,2024-03-01 08:18:51,244,0.7131147540983607,12.135245901639344,34.69999999999999,0.7222222222222222,0.8263888888888885,2.974999999999999,0,0,0,4.277222222222222,21.383333333333333,True,0.0,12.135245901639344,17.017241379310345,0,0.0,0.0,0.0
f96b3fc0be8e15dbb262f984d22c3189393f347edb20367311eaec3dcfd77df3,6,2024-03-01 09:18:58,2024-03-01 09:18:58,1,0.0,0.0,0.0,0.0,0.0,0.0,0,0,0,0.0,0.0,False,0.0,0.0,0.0,0,,,
f96b3fc0be8e15dbb262f984d22c3189393f347edb20367311eaec3dcfd77df3,7,2024-03-01 10:19:50,2024-03-01 10:19:50,1,1.0,1.0,1.0,0.0,0.0,0.0,0,0,0,0.0,0.0,False,0.0,1.0,1.0,0,,,
f96b3fc0be8e15dbb262f984d22c3189393f347edb20367311eaec3dcfd77df3,8,2024-03-01 12:35:20,2024-03-01 12:35:20,1,0.0,0.0,0.0,0.0,0.0,0.0,0,0,0,0.0,0.0,False,0.0,0.0,0.0,0,,,
f96b3fc0be8e15dbb262f984d22c3189393f347edb20367311eaec3dcfd77df3,9,2024-03-01 14:46:38,2024-03-01 14:48:40,24,0.041666666666666664,0.041666666666666664,0.0,0.0,-0.0,-0.0,0,0,0,0.0016666666666666668,2.033333333333333,False,0.0,0.041666666666666664,1.0,0,0.0,0.0,0.0
f96b3fc0be8e15dbb262f984d22c3189393f347edb20367311eaec3dcfd77df3,10,2024-03-01 16:49:36,2024-03-01 16:49:36,1,0.0,0.0,0.0,0.0,0.0,0.0,0,0,0,0.0,0.0,False,0.0,0.0,0.0,0,,,
f96b3fc0be8e15dbb262f984d22c3189393f347edb20367311eaec3dcfd77df3,11,2024-03-01 17:46:35,2024-03-01 18:30:01,446,0.5717488789237668,8.060538116591928,47.5,0.4444444444444445,0.4444444444444444,1.6,0,0,0,5.772222222222223,43.43333333333333,True,0.0,8.060538116591928,14.098039215686274,0,0.0,0.0,0.0
f9a9a3e804e4a9c98a5ebca7c03c9245babacf3bd5ff6086860ff6a99995483f,1,2024-03-01 01:58:18,2024-03-01 01:58:18,1,1.0,1.0,1.0,0.0,0.0,0.0,0,0,0,0.0,0.0,False,1.0,1.0,1.0,0,,,
f9a9a3e804e4a9c98a5ebca7c03c9245babacf3bd5ff6086860ff6a99995483f,2,2024-03-01 08:14:59,2024-03-01 08:14:59,1,0.0,0.0,0.0,0.0,0.0,0.0,0,0,0,0.0,0.0,False,0.0,0.0,0.0,0,,,
f9a9a3e804e4a9c98a5ebca7c03c9245babacf3bd5ff6086860ff6a99995483f,3,2024-03-01 08:22:24,2024-03-01 08:35:49,156,0.8525641025641025,15.955128205128204,35.0,0.9444444444444444,1.0138888888888888,3.65,0,0,0,3.59,13.416666666666666,True,0.0,15.955128205128204,18.714285714285715,0,0.0,0.0,0.0
f9a9a3e804e4a9c98a5ebca7c03c9245babacf3bd5ff6086860ff6a99995483f,4,2024-03-01 09:26:17,2024-03-01 09:26:17,1,0.0,0.0,0.0,0.0,0.0,0.0,0,0,0,0.0,0.0,False,0.0,0.0,0.0,0,,,
f9a9a3e804e4a9c98a5ebca7c03c9245babacf3bd5ff6086860ff6a99995483f,5,2024-03-01 14:19:30,2024-03-01 14:19:30,1,0.0,0.0,0.0,0.0,0.0,0.0,0,0,0,0.0,0.0,False,0.0,0.0,0.0,0,,,
f9a9a3e804e4a9c98a5ebca7c03c9245babacf3bd5ff6086860ff6a99995483f,6,2024-03-01 15:39:08,2024-03-01 15:39:08,1,0.0,0.0,0.0,0.0,0.0,0.0,0,0,0,0.0,0.0,False,0.0,0.0,0.0,0,,,
f9cac2bc904558610f4fa07c25da04593af98c376093891b5bc8576c20a72789,1,2024-03-01 00:53:31,2024-03-01 00:53:31,1,0.0,0.0,0.0,0.0,0.0,0.0,0,0,0,0.0,0.0,False,1.0,0.0,0.0,0,,,
f9cac2bc904558610f4fa07c25da04593af98c376093891b5bc8576c20a72789,2,2024-03-01 14:45:55,2024-03-01 14:45:55,1,1.0,1.0,1.0,0.0,0.0,0.0,0,0,0,0.0,0.0,False,0.0,1.0,1.0,0,,,
f9cac2bc904558610f4fa07c25da04593af98c376093891b5bc8576c20a72789,3,2024-03-01 16:01:10,2024-03-01 16:01:10,1,0.0,0.0,0.0,0.0,0.0,0.0,0,0,0,0.0,0.0,False,0.0,0.0,0.0,0,,,
fbded80ff3b3bedd6af05b5c3de66978ed0e3682265c8aa89b6d31a04d88a4b2,1,2024-03-01 00:44:53,2024-03-01 00:44:53,1,0.0,0.0,0.0,0.0,0.0,0.0,0,0,0,0.0,0.0,False,1.0,0.0,0.0,0,,,
fbded80ff3b3bedd6af05b5c3de66978ed0e3682265c8aa89b6d31a04d88a4b2,2,2024-03-01 06:30:45,2024-03-01 06:30:45,1,0.0,0.0,0.0,0.0,0.0,0.0,0,0,0,0.0,0.0,False,0.0,0.0,0.0,0,,,
fbded80ff3b3bedd6af05b5c3de66978ed0e3682265c8aa89b6d31a04d88a4b2,3,2024-03-01 14:35:42,2024-03-01 14:35:42,1,1.0,5.0,5.0,0.0,0.0,0.0,0,0,0,0.0,0.0,False,0.0,5.0,5.0,0,,,
fd266856a070418a6a464c2b6ff90dec8352f2a6569f3dbf3f34bbef2b4c1b37,1,2024-03-01 00:24:06,2024-03-01 01:15:11,561,0.8983957219251337,57.77896613190731,112.0,0.611111111111111,0.6111111111111112,2.2,0,0,0,49.48555555555555,51.083333333333336,True,1.0,57.77896613190731,64.31349206349206,0,0.0,0.0,0.0
fd266856a070418a6a464c2b6ff90dec8352f2a6569f3dbf3f34bbef2b4c1b37,2,2024-03-01 02:15:50,2024-03-01 02:15:50,1,0.0,0.0,0.0,0.0,0.0,0.0,0,0,0,0.0,0.0,False,1.0,0.0,0.0,0,,,
fd266856a070418a6a464c2b6ff90dec8352f2a6569f3dbf3f34bbef2b4c1b37,3,2024-03-01 06:38:33,2024-03-01 07:25:48,543,0.9208103130755064,31.802025782688766,74.89999999999998,0.7222222222222221,0.7222222222222221,2.6,0,0,0,25.407777777777774,47.25,True,0.0,31.802025782688766,34.537,0,0.0,0.0,0.0
fd266856a070418a6a464c2b6ff90dec8352f2a6569f3dbf3f34bbef2b4c1b37,4,2024-03-01 09:21:49,2024-03-01 09:21:49,1,0.0,0.0,0.0,0.0,0.0,0.0,0,0,0,0.0,0.0,False,0.0,0.0,0.0,0,,,
fd266856a070418a6a464c2b6ff90dec8352f2a6569f3dbf3f34bbef2b4c1b37,5,2024-03-01 09:29:54,2024-03-01 09:29:54,1,0.0,0.0,0.0,0.0,0.0,0.0,0,0,0,0.0,0.0,False,0.0,0.0,0.0,0,,,
fd266856a070418a6a464c2b6ff90dec8352f2a6569f3dbf3f34bbef2b4c1b37,6,2024-03-01 09:38:23,2024-03-01 10:25:05,500,0.712,34.236,90.0,0.611111111111111,0.7231481481481477,2.6033333333333304,0,0,0,25.88583333333333,46.7,True,0.0,34.236,48.08426966292135,0,0.0,0.0,0.0
fd266856a070418a6a464c2b6ff90dec8352f2a6569f3dbf3f34bbef2b4c1b37,7,2024-03-01 11:25:22,2024-03-01 11:25:22,1,0.0,0.0,0.0,0.0,0.0,0.0,0,0,0,0.0,0.0,False,0.0,0.0,0.0,0,,,
fd266856a070418a6a464c2b6ff90dec8352f2a6569f3dbf3f34bbef2b4c1b37,8,2024-03-01 14:37:54,2024-03-01 14:37:54,1,0.0,0.0,0.0,0.0,0.0,0.0,0,0,0,0.0,0.0,False,0.0,0.0,0.0,0,,,
fd266856a070418a6a464c2b6ff90dec8352f2a6569f3dbf3f34bbef2b4c1b37,9,2024-03-01 15:33:28,2024-03-01 15:58:44,277,0.6678700361010831,14.823104693140793,81.39999999999998,0.5018518518518518,0.5,1.8,0,0,0,6.1963888888888885,25.266666666666666,True,0.0,14.823104693140793,22.194594594594594,0,0.0,0.0,0.0
fd266856a070418a6a464c2b6ff90dec8352f2a6569f3dbf3f34bbef2b4c1b37,10,2024-03-01 16:11:10,2024-03-01 16:28:53,191,0.9685863874345549,36.21465968586387,69.0,0.5787037037037037,0.6388888888888891,2.3,0,0,0,10.099166666666665,17.716666666666665,True,0.0,36.21465968586387,37.38918918918919,0,0.0,0.0,0.0
fd266856a070418a6a464c2b6ff90dec8352f2a6569f3dbf3f34bbef2b4c1b37,11,2024-03-01 16:59:47,2024-03-01 17:09:33,91,0.8351648351648352,26.34065934065934,61.5,0.6944444444444444,1.25,4.5,0,0,0,3.387222222222222,9.766666666666667,True,0.0,26.34065934065934,31.539473684210527,0,0.0,0.0,0.0
fd266856a070418a6a464c2b6ff90dec8352f2a6569f3dbf3f34bbef2b4c1b37,12,2024-03-01 18:04:08,2024-03-01 18:30:00,263,0.6045627376425855,13.049429657794677,46.0,0.7166666666666653,0.6111111111111112,2.2,0,0,0,5.064444444444444,25.866666666666667,True,0.0,13.049429657794677,21.58490566037736,0,0.0,0.0,0.0
fd76b62e6668f395f03f8c2e1c31a36b6f963e60d60afece358ccb9e23f87c01,1,2024-03-01 15:31:49,2024-03-01 15:31:49,1,1.0,1.0,1.0,0.0,0.0,0.0,0,0,0,0.0,0.0,False,0.0,1.0,1.0,0,,,
fdcccc4f4c86d42f6609748a8ff25bdb360c44df7eb453a63bd19d48b07ad7a9,1,2024-03-01 00:07:02,2024-03-01 00:07:02,1,0.0,0.0,0.0,0.0,0.0,0.0,0,0,0,0.0,0.0,False,1.0,0.0,0.0,0,,,
fdcccc4f4c86d42f6609748a8ff25bdb360c44df7eb453a63bd19d48b07ad7a9,2,2024-03-01 02:13:52,2024-03-01 02:13:52,1,1.0,1.0,1.0,0.0,0.0,0.0,0,0,0,0.0,0.0,False,1.0,1.0,1.0,0,,,
fdcccc4f4c86d42f6609748a8ff25bdb360c44df7eb453a63bd19d48b07ad7a9,3,2024-03-01 03:17:18,2024-03-01 03:17:18,1,1.0,1.0,1.0,0.0,0.0,0.0,0,0,0,0.0,0.0,False,1.0,1.0,1.0,0,,,
fdcccc4f4c86d42f6609748a8ff25bdb360c44df7eb453a63bd19d48b07ad7a9,4,2024-03-01 04:20:43,2024-03-01 04:20:43,1,1.0,1.0,1.0,0.0,0.0,0.0,0,0,0,0.0,0.0,False,1.0,1.0,1.0,0,,,
fdcccc4f4c86d42f6609748a8ff25bdb360c44df7eb453a63bd19d48b07ad7a9,5,2024-03-01 05:24:12,2024-03-01 05:24:12,1,0.0,0.0,0.0,0.0,0.0,0.0,0,0,0,0.0,0.0,False,1.0,0.0,0.0,0,,,
fdcccc4f4c86d42f6609748a8ff25bdb360c44df7eb453a63bd19d48b07ad7a9,6,2024-03-01 06:27:41,2024-03-01 06:27:41,1,1.0,5.0,5.0,0.0,0.0,0.0,0,0,0,0.0,0.0,False,0.0,5.0,5.0,0,,,
fdcccc4f4c86d42f6609748a8ff25bdb360c44df7eb453a63bd19d48b07ad7a9,7,2024-03-01 08:34:40,2024-03-01 08:34:40,1,1.0,7.0,7.0,0.0,0.0,0.0,0,0,0,0.0,0.0,False,0.0,7.0,7.0,0,,,
fdcccc4f4c86d42f6609748a8ff25bdb360c44df7eb453a63bd19d48b07ad7a9,8,2024-03-01 09:38:06,2024-03-01 09:38:06,1,0.0,0.0,0.0,0.0,0.0,0.0,0,0,0,0.0,0.0,False,0.0,0.0,0.0,0,,,
fdcccc4f4c86d42f6609748a8ff25bdb360c44df7eb453a63bd19d48b07ad7a9,9,2024-03-01 10:41:32,2024-03-01 10:41:32,1,0.0,0.0,0.0,0.0,0.0,0.0,0,0,0,0.0,0.0,False,0.0,0.0,0.0,0,,,
fdcccc4f4c86d42f6609748a8ff25bdb360c44df7eb453a63bd19d48b07ad7a9,10,2024-03-01 12:48:16,2024-03-01 12:48:16,1,0.0,0.0,0.0,0.0,0.0,0.0,0,0,0,0.0,0.0,False,0.0,0.0,0.0,0,,,
fdcccc4f4c86d42f6609748a8ff25bdb360c44df7eb453a63bd19d48b07ad7a9,11,2024-03-01 13:51:43,2024-03-01 13:51:43,1,0.0,0.0,0.0,0.0,0.0,0.0,0,0,0,0.0,0.0,False,0.0,0.0,0.0,0,,,
fdcccc4f4c86d42f6609748a8ff25bdb360c44df7eb453a63bd19d48b07ad7a9,12,2024-03-01 14:54:55,2024-03-01 14:54:55,1,0.0,0.0,0.0,0.0,0.0,0.0,0,0,0,0.0,0.0,False,0.0,0.0,0.0,0,,,
fdcccc4f4c86d42f6609748a8ff25bdb360c44df7eb453a63bd19d48b07ad7a9,13,2024-03-01 17:01:46,2024-03-01 17:01:46,1,1.0,3.0,3.0,0.0,0.0,0.0,0,0,0,0.0,0.0,False,0.0,3.0,3.0,0,,,
fe79330c0203950767d3ebaf53f0414c7ff1021c632342f4dda886b6f3984cf2,1,2024-03-01 00:34:56,2024-03-01 00:34:56,1,0.0,0.0,0.0,0.0,0.0,0.0,0,0,0,0.0,0.0,False,1.0,0.0,0.0,0,,,
fe79330c0203950767d3ebaf53f0414c7ff1021c632342f4dda886b6f3984cf2,2,2024-03-01 08:15:05,2024-03-01 08:15:05,1,1.0,1.0,1.0,0.0,0.0,0.0,0,0,0,0.0,0.0,False,0.0,1.0,1.0,0,,,
fe79330c0203950767d3ebaf53f0414c7ff1021c632342f4dda886b6f3984cf2,3,2024-03-01 09:22:20,2024-03-01 09:22:20,1,0.0,0.0,0.0,0.0,0.0,0.0,0,0,0,0.0,0.0,False,0.0,0.0,0.0,0,,,
fe79330c0203950767d3ebaf53f0414c7ff1021c632342f4dda886b6f3984cf2,4,2024-03-01 11:37:19,2024-03-01 11:37:19,1,0.0,0.0,0.0,0.0,0.0,0.0,0,0,0,0.0,0.0,False,0.0,0.0,0.0,0,,,
fe79330c0203950767d3ebaf53f0414c7ff1021c632342f4dda886b6f3984cf2,5,2024-03-01 14:57:58,2024-03-01 14:57:58,1,1.0,16.0,16.0,0.0,0.0,0.0,0,0,0,0.0,0.0,False,0.0,16.0,16.0,0,,,
ff46bb7e0b2840cc46fa56c8c2a0c8533a866ac230ee21f2b0e8697e46da40c5,1,2024-03-01 00:05:22,2024-03-01 00:05:22,1,1.0,1.0,1.0,0.0,0.0,0.0,0,0,0,0.0,0.0,False,1.0,1.0,1.0,0,,,
ff46bb7e0b2840cc46fa56c8c2a0c8533a866ac230ee21f2b0e8697e46da40c5,2,2024-03-01 02:22:13,2024-03-01 02:22:13,1,1.0,1.0,1.0,0.0,0.0,0.0,0,0,0,0.0,0.0,False,1.0,1.0,1.0,0,,,
ff46bb7e0b2840cc46fa56c8c2a0c8533a866ac230ee21f2b0e8697e46da40c5,3,2024-03-01 04:39:03,2024-03-01 04:39:03,1,0.0,0.0,0.0,0.0,0.0,0.0,0,0,0,0.0,0.0,False,1.0,0.0,0.0,0,,,
ff46bb7e0b2840cc46fa56c8c2a0c8533a866ac230ee21f2b0e8697e46da40c5,4,2024-03-01 05:47:28,2024-03-01 05:47:28,1,0.0,0.0,0.0,0.0,0.0,0.0,0,0,0,0.0,0.0,False,1.0,0.0,0.0,0,,,
ff46bb7e0b2840cc46fa56c8c2a0c8533a866ac230ee21f2b0e8697e46da40c5,5,2024-03-01 09:12:45,2024-03-01 09:12:45,1,0.0,0.0,0.0,0.0,0.0,0.0,0,0,0,0.0,0.0,False,0.0,0.0,0.0,0,,,
ff46bb7e0b2840cc46fa56c8c2a0c8533a866ac230ee21f2b0e8697e46da40c5,6,2024-03-01 10:23:28,2024-03-01 10:23:28,1,0.0,0.0,0.0,0.0,0.0,0.0,0,0,0,0.0,0.0,False,0.0,0.0,0.0,0,,,
ff46bb7e0b2840cc46fa56c8c2a0c8533a866ac230ee21f2b0e8697e46da40c5,7,2024-03-01 10:40:34,2024-03-01 10:54:02,130,0.9,28.861538461538462,51.0,0.7222222222222221,0.8083333333333332,2.9099999999999993,0,0,0,6.866944444444443,13.466666666666667,True,0.0,28.861538461538462,32.06837606837607,0,0.0,0.0,0.0
ff46bb7e0b2840cc46fa56c8c2a0c8533a866ac230ee21f2b0e8697e46da40c5,8,2024-03-01 11:54:43,2024-03-01 11:54:43,1,0.0,0.0,0.0,0.0,0.0,0.0,0,0,0,0.0,0.0,False,0.0,0.0,0.0,0,,,
ff46bb7e0b2840cc46fa56c8c2a0c8533a866ac230ee21f2b0e8697e46da40c5,9,2024-03-01 12:06:35,2024-03-01 12:28:09,243,0.720164609053498,20.045267489711936,48.0,0.5972222222222211,0.6111111111111112,2.2,0,0,0,7.226944444444444,21.566666666666666,True,0.0,20.045267489711936,27.834285714285713,0,0.0,0.0,0.0
ff46bb7e0b2840cc46fa56c8c2a0c8533a866ac230ee21f2b0e8697e46da40c5,10,2024-03-01 13:46:59,2024-03-01 13:46:59,1,0.0,0.0,0.0,0.0,0.0,0.0,0,0,0,0.0,0.0,False,0.0,0.0,0.0,0,,,
ff46bb7e0b2840cc46fa56c8c2a0c8533a866ac230ee21f2b0e8697e46da40c5,11,2024-03-01 16:46:31,2024-03-01 16:46:31,1,1.0,3.0,3.0,0.0,0.0,0.0,0,0,0,0.0,0.0,False,0.0,3.0,3.0,0,,,
ff46bb7e0b2840cc46fa56c8c2a0c8533a866ac230ee21f2b0e8697e46da40c5,12,2024-03-01 17:54:52,2024-03-01 17:57:08,2,0.5,0.5,0.95,0.0,0.001940359477124183,0.006985294117647058,0,0,0,0.0,2.2666666666666666,False,0.0,0.5,1.0,0,,,
ff46bb7e0b2840cc46fa56c8c2a0c8533a866ac230ee21f2b0e8697e46da40c5,13,2024-03-01 18:14:28,2024-03-01 18:19:47,61,0.6885245901639344,11.762295081967213,31.0,0.3240740740740741,0.4444444444444443,1.6,0,0,0,1.0675,5.316666666666666,True,0.0,11.762295081967213,17.083333333333332,0,0.0,0.0,0.0
